imagePath,page,section,role,filename,width,height,format,sha256,identity,identityOccurrences,duplicate,classification,action
"/images/emitronix-logo.png","/_not-found","header","card","emitronix-logo.png","1728","404","png","0c588c75d70f3ec952c8f687709cd1eb2fb573955d446b39d6f7a1c6c625e08d","/images/emitronix-logo","516","false","Logo/brand asset","Retain permitted shared brand/UI asset"
"/images/emitronix-logo-reversed.png","/_not-found","This project route is not available.","hero","emitronix-logo-reversed.png","1728","404","png","0742d15f806a4bc97bc48d6c68c3291b30c11aaf4c2bfc91ad16d69bc54021d2","/images/emitronix-logo-reversed","3","false","Logo/brand asset","Retain permitted shared brand/UI asset"
"/images/sections/office-laptop-work.webp","/_not-found","This project route is not available.","hero","office-laptop-work.webp","1600","1068","webp","145108f209999b4cb37fa2cced6e3521eb3533fca56b6c9009cc13cceea76537","pexels:6405641","18","true","Important content image","Reserve this source here; replace its other duplicated placements"
"/images/sections/office-records-desk.webp","/_not-found","This project route is not available.","hero","office-records-desk.webp","1600","1068","webp","d6b58a32141aa1c8316b8d41b823e2e652c192a0875152e20590dd57092f2a82","pexels:8353764","50","true","Important content image","Reserve this source here; replace its other duplicated placements"
"/images/sections/document-binders.webp","/_not-found","This project route is not available.","hero","document-binders.webp","1600","1067","webp","cfbbfadea410c6847c60cff1b15d76569906384ab19691d42f8c169d61ed9763","pexels:17018372","20","true","Important content image","Reserve this source here; replace its other duplicated placements"
"/images/project-fit-out-dubai.webp","/_not-found","This project route is not available.","hero","project-fit-out-dubai.webp","1600","2400","webp","1ffcf3a0a7a0010ba6f10d8815d80782638f64ae25a00052bdf62f5191c6dfe4","unsplash:photo-1771918050103-57b5de00d960","22","true","Important content image","Reserve this source here; replace its other duplicated placements"
"/images/project-authority-approvals-dubai.webp","/_not-found","This project route is not available.","hero","project-authority-approvals-dubai.webp","1600","1067","webp","9e6a366db121844fa3314f16050b33b077dcbcad8db4e5e18f35732dd43d074e","unsplash:photo-1581674662583-5e89b374fae6","172","true","Important content image","Reserve this source here; replace its other duplicated placements"
"/images/emitronix-logo.png","/_not-found","Bring engineering clarity to your next Dubai build.","content image","emitronix-logo.png","1728","404","png","0c588c75d70f3ec952c8f687709cd1eb2fb573955d446b39d6f7a1c6c625e08d","/images/emitronix-logo","516","false","Logo/brand asset","Retain permitted shared brand/UI asset"
"/images/emitronix-logo.png","/about","header","card","emitronix-logo.png","1728","404","png","0c588c75d70f3ec952c8f687709cd1eb2fb573955d446b39d6f7a1c6c625e08d","/images/emitronix-logo","516","false","Logo/brand asset","Retain permitted shared brand/UI asset"
"/images/emitronix-logo.png","/about","Bring engineering clarity to your next Dubai build.","content image","emitronix-logo.png","1728","404","png","0c588c75d70f3ec952c8f687709cd1eb2fb573955d446b39d6f7a1c6c625e08d","/images/emitronix-logo","516","false","Logo/brand asset","Retain permitted shared brand/UI asset"
"/images/generated/company/engineering-coordination-dubai-hero-desktop.webp","/about","A Dubai contractor built around scope clarity.","hero","engineering-coordination-dubai-hero-desktop.webp","1920","1080","webp","c88116597454033e98cc03dcf9da1567c04d44f315d0665e8218a01683f00b22","/images/generated/company/engineering-coordination-dubai-hero","2","true","Important content image","Reserve this source here; replace its other duplicated placements"
"/images/generated/company/civil-site-review-dubai-desktop.webp","/about","Trust-based construction delivery for Dubai projects.","content image","civil-site-review-dubai-desktop.webp","1600","1200","webp","7e99f63f9b8aa7e2fbbd2cfb14c7613977a0462f0afa8b325530ec3a2600143a","/images/generated/company/civil-site-review-dubai","1","false","Important content image","Retain unique image"
"/images/internal/project-site-coordination.webp","/about","A delivery system that keeps complex Dubai scopes visible.","section photograph","project-site-coordination.webp","1920","1280","webp","cd9197528dbb538734f8115efdca5952004cce0152888935f914030a997fbd69","unsplash:photo-1742112125567-3e8967bad60f","196","true","Important content image","Missing distinct real replacement; inherited duplicate retained pending suitable photograph"
"/images/internal/warehouse-steel-frame.webp","/about","Page content","section photograph","warehouse-steel-frame.webp","1920","1280","webp","920e4d7fafb7e3555576560f936b0f2ab05a5ecc92eafcdc9951574cf34ae91f","unsplash:photo-1649587345666-0f4ad68aa723","19","true","Important content image","Missing distinct real replacement; inherited duplicate retained pending suitable photograph"
"/images/project-civil-works-dubai.webp","/about","Founder profile / Leadership functions","card","project-civil-works-dubai.webp","1600","900","webp","2fa083758c877bf924e39e85e8b4fd9ac01928098c8cf8e29bf9e38f15241774","unsplash:photo-1504307651254-35680f356dfd","16","true","Important content image","Missing distinct real replacement; inherited duplicate retained pending suitable photograph"
"/images/emitronix-logo.png","/accessibility","header","card","emitronix-logo.png","1728","404","png","0c588c75d70f3ec952c8f687709cd1eb2fb573955d446b39d6f7a1c6c625e08d","/images/emitronix-logo","516","false","Logo/brand asset","Retain permitted shared brand/UI asset"
"/images/emitronix-logo.png","/accessibility","Bring engineering clarity to your next Dubai build.","content image","emitronix-logo.png","1728","404","png","0c588c75d70f3ec952c8f687709cd1eb2fb573955d446b39d6f7a1c6c625e08d","/images/emitronix-logo","516","false","Logo/brand asset","Retain permitted shared brand/UI asset"
"/images/sections/office-laptop-work.webp","/accessibility","Our accessibility approach / Policy principles","card","office-laptop-work.webp","1600","1068","webp","145108f209999b4cb37fa2cced6e3521eb3533fca56b6c9009cc13cceea76537","pexels:6405641","18","true","Important content image","Missing distinct real replacement; inherited duplicate retained pending suitable photograph"
"/images/sections/document-binders.webp","/accessibility","Content and interaction commitments / Policy principles","card","document-binders.webp","1600","1067","webp","cfbbfadea410c6847c60cff1b15d76569906384ab19691d42f8c169d61ed9763","pexels:17018372","20","true","Important content image","Missing distinct real replacement; inherited duplicate retained pending suitable photograph"
"/images/sections/office-records-desk.webp","/accessibility","Testing and maintenance / Policy principles","card","office-records-desk.webp","1600","1068","webp","d6b58a32141aa1c8316b8d41b823e2e652c192a0875152e20590dd57092f2a82","pexels:8353764","50","true","Important content image","Missing distinct real replacement; inherited duplicate retained pending suitable photograph"
"/images/project-authority-approvals-dubai.webp","/accessibility","Request an accessible alternative / Policy principles","card","project-authority-approvals-dubai.webp","1600","1067","webp","9e6a366db121844fa3314f16050b33b077dcbcad8db4e5e18f35732dd43d074e","unsplash:photo-1581674662583-5e89b374fae6","172","true","Important content image","Missing distinct real replacement; inherited duplicate retained pending suitable photograph"
"/images/project-fit-out-dubai.webp","/accessibility","Feedback is part of improvement / Policy principles","card","project-fit-out-dubai.webp","1600","2400","webp","1ffcf3a0a7a0010ba6f10d8815d80782638f64ae25a00052bdf62f5191c6dfe4","unsplash:photo-1771918050103-57b5de00d960","22","true","Important content image","Missing distinct real replacement; inherited duplicate retained pending suitable photograph"
"/images/emitronix-logo.png","/approval","header","card","emitronix-logo.png","1728","404","png","0c588c75d70f3ec952c8f687709cd1eb2fb573955d446b39d6f7a1c6c625e08d","/images/emitronix-logo","516","false","Logo/brand asset","Retain permitted shared brand/UI asset"
"/images/emitronix-logo.png","/approval","Bring engineering clarity to your next Dubai build.","content image","emitronix-logo.png","1728","404","png","0c588c75d70f3ec952c8f687709cd1eb2fb573955d446b39d6f7a1c6c625e08d","/images/emitronix-logo","516","false","Logo/brand asset","Retain permitted shared brand/UI asset"
"/images/generated/approvals/dubai-authority-approvals-coordination-desktop.webp","/approval","Dubai approval services for construction projects.","hero","dubai-authority-approvals-coordination-desktop.webp","1920","1080","webp","05240e90d3a79cc68d2f34ec72c43d404c23c2b2d9c8fe2a102f3e94aca709e2","/images/generated/approvals/dubai-authority-approvals-coordination","2","true","Important content image","Reserve this source here; replace its other duplicated placements"
"/images/internal/architectural-drawing-review.webp","/approval","Choose the authority workflow you need.","section photograph","architectural-drawing-review.webp","1920","2768","webp","0242bd81c319b862ae61dd9d38bc8e4d8212b5ba25e6907ca56c07b1bf998804","unsplash:photo-1608303588026-884930af2559","95","true","Important content image","Missing distinct real replacement; inherited duplicate retained pending suitable photograph"
"/images/project-authority-approvals-dubai.webp","/approval","Planning approval requirements before they affect site execution.","section photograph","project-authority-approvals-dubai.webp","1600","1067","webp","9e6a366db121844fa3314f16050b33b077dcbcad8db4e5e18f35732dd43d074e","unsplash:photo-1581674662583-5e89b374fae6","172","true","Important content image","Missing distinct real replacement; inherited duplicate retained pending suitable photograph"
"/images/internal/project-site-coordination.webp","/approval","Page content","section photograph","project-site-coordination.webp","1920","1280","webp","cd9197528dbb538734f8115efdca5952004cce0152888935f914030a997fbd69","unsplash:photo-1742112125567-3e8967bad60f","196","true","Important content image","Missing distinct real replacement; inherited duplicate retained pending suitable photograph"
"/images/sections/office-records-desk.webp","/approval","Page content","section photograph","office-records-desk.webp","1600","1068","webp","d6b58a32141aa1c8316b8d41b823e2e652c192a0875152e20590dd57092f2a82","pexels:8353764","50","true","Important content image","Missing distinct real replacement; inherited duplicate retained pending suitable photograph"
"/images/emitronix-logo.png","/approvals","header","card","emitronix-logo.png","1728","404","png","0c588c75d70f3ec952c8f687709cd1eb2fb573955d446b39d6f7a1c6c625e08d","/images/emitronix-logo","516","false","Logo/brand asset","Retain permitted shared brand/UI asset"
"/images/emitronix-logo.png","/approvals","Bring engineering clarity to your next Dubai build.","content image","emitronix-logo.png","1728","404","png","0c588c75d70f3ec952c8f687709cd1eb2fb573955d446b39d6f7a1c6c625e08d","/images/emitronix-logo","516","false","Logo/brand asset","Retain permitted shared brand/UI asset"
"/images/emitronix-logo.png","/ar","header","card","emitronix-logo.png","1728","404","png","0c588c75d70f3ec952c8f687709cd1eb2fb573955d446b39d6f7a1c6c625e08d","/images/emitronix-logo","516","false","Logo/brand asset","Retain permitted shared brand/UI asset"
"/images/emitronix-logo.png","/ar","امنح مشروعك القادم في دبي وضوحا هندسيا من البداية.","content image","emitronix-logo.png","1728","404","png","0c588c75d70f3ec952c8f687709cd1eb2fb573955d446b39d6f7a1c6c625e08d","/images/emitronix-logo","516","false","Logo/brand asset","Retain permitted shared brand/UI asset"
"/images/generated/home/dubai-construction-company-hero-desktop.webp","/ar","شريك مقاولات في دبي للمشاريع التي تحتاج وضوحا قبل التنفيذ. / حلول مقاولات متكاملة لمشاريع دبي والإمارات.","hero","dubai-construction-company-hero-desktop.webp","1920","1080","webp","d8046b7a2570540835114f8efb6d857a9e079f83de711002a179197c92ecc7ea","/images/generated/home/dubai-construction-company-hero","1","false","Important content image","Retain unique image"
"/images/emitronix-logo.png","/ar/about","header","card","emitronix-logo.png","1728","404","png","0c588c75d70f3ec952c8f687709cd1eb2fb573955d446b39d6f7a1c6c625e08d","/images/emitronix-logo","516","false","Logo/brand asset","Retain permitted shared brand/UI asset"
"/images/emitronix-logo.png","/ar/about","امنح مشروعك القادم في دبي وضوحا هندسيا من البداية.","content image","emitronix-logo.png","1728","404","png","0c588c75d70f3ec952c8f687709cd1eb2fb573955d446b39d6f7a1c6c625e08d","/images/emitronix-logo","516","false","Logo/brand asset","Retain permitted shared brand/UI asset"
"/images/generated/company/engineering-coordination-dubai-hero-desktop.webp","/ar/about","مقاول في دبي يعتمد على الوضوح والانضباط في التنفيذ. / تنفيذ مبني على الثقة والوضوح.","hero","engineering-coordination-dubai-hero-desktop.webp","1920","1080","webp","c88116597454033e98cc03dcf9da1567c04d44f315d0665e8218a01683f00b22","/images/generated/company/engineering-coordination-dubai-hero","2","true","Important content image","Missing distinct real replacement; inherited duplicate retained pending suitable photograph"
"/images/internal/project-site-coordination.webp","/ar/about","section / تنفيذ مبني على الثقة والوضوح.","card","project-site-coordination.webp","1920","1280","webp","cd9197528dbb538734f8115efdca5952004cce0152888935f914030a997fbd69","unsplash:photo-1742112125567-3e8967bad60f","196","true","Important content image","Missing distinct real replacement; inherited duplicate retained pending suitable photograph"
"/images/internal/warehouse-steel-frame.webp","/ar/about","تنفيذ مبني على الثقة والوضوح. / تنفيذ مبني على الثقة والوضوح.","card","warehouse-steel-frame.webp","1920","1280","webp","920e4d7fafb7e3555576560f936b0f2ab05a5ecc92eafcdc9951574cf34ae91f","unsplash:photo-1649587345666-0f4ad68aa723","19","true","Important content image","Missing distinct real replacement; inherited duplicate retained pending suitable photograph"
"/images/project-civil-works-dubai.webp","/ar/about","نظام هادئ للتعامل مع نطاقات دبي المعقدة. / تنفيذ مبني على الثقة والوضوح.","card","project-civil-works-dubai.webp","1600","900","webp","2fa083758c877bf924e39e85e8b4fd9ac01928098c8cf8e29bf9e38f15241774","unsplash:photo-1504307651254-35680f356dfd","16","true","Important content image","Missing distinct real replacement; inherited duplicate retained pending suitable photograph"
"/images/project-office-fit-out-dubai.webp","/ar/about","ملكية المحتوى والمراجعة / تنفيذ مبني على الثقة والوضوح.","card","project-office-fit-out-dubai.webp","1600","1067","webp","8da3f6a2e8cd71f69f0517194f7161c30201c1cd8a191248107778a771e6b1c9","unsplash:photo-1504297050568-910d24c426d3","22","true","Important content image","Missing distinct real replacement; inherited duplicate retained pending suitable photograph"
"/images/emitronix-logo.png","/ar/approval","header","card","emitronix-logo.png","1728","404","png","0c588c75d70f3ec952c8f687709cd1eb2fb573955d446b39d6f7a1c6c625e08d","/images/emitronix-logo","516","false","Logo/brand asset","Retain permitted shared brand/UI asset"
"/images/emitronix-logo.png","/ar/approval","امنح مشروعك القادم في دبي وضوحا هندسيا من البداية.","content image","emitronix-logo.png","1728","404","png","0c588c75d70f3ec952c8f687709cd1eb2fb573955d446b39d6f7a1c6c625e08d","/images/emitronix-logo","516","false","Logo/brand asset","Retain permitted shared brand/UI asset"
"/images/generated/approvals/dubai-authority-approvals-coordination-desktop.webp","/ar/approval","تنسيق موافقات دبي كجزء من مسار البناء. / مسارات موافقات مرتبطة بالأعمال المدنية والتشطيبات.","hero","dubai-authority-approvals-coordination-desktop.webp","1920","1080","webp","05240e90d3a79cc68d2f34ec72c43d404c23c2b2d9c8fe2a102f3e94aca709e2","/images/generated/approvals/dubai-authority-approvals-coordination","2","true","Important content image","Missing distinct real replacement; inherited duplicate retained pending suitable photograph"
"/images/internal/architectural-drawing-review.webp","/ar/approval","section / مسارات موافقات مرتبطة بالأعمال المدنية والتشطيبات.","card","architectural-drawing-review.webp","1920","2768","webp","0242bd81c319b862ae61dd9d38bc8e4d8212b5ba25e6907ca56c07b1bf998804","unsplash:photo-1608303588026-884930af2559","95","true","Important content image","Missing distinct real replacement; inherited duplicate retained pending suitable photograph"
"/images/project-authority-approvals-dubai.webp","/ar/approval","مسارات موافقات مرتبطة بالأعمال المدنية والتشطيبات. / مسارات موافقات مرتبطة بالأعمال المدنية والتشطيبات.","card","project-authority-approvals-dubai.webp","1600","1067","webp","9e6a366db121844fa3314f16050b33b077dcbcad8db4e5e18f35732dd43d074e","unsplash:photo-1581674662583-5e89b374fae6","172","true","Important content image","Missing distinct real replacement; inherited duplicate retained pending suitable photograph"
"/images/internal/project-site-coordination.webp","/ar/approval","ملكية المحتوى والمراجعة / مسارات موافقات مرتبطة بالأعمال المدنية والتشطيبات.","card","project-site-coordination.webp","1920","1280","webp","cd9197528dbb538734f8115efdca5952004cce0152888935f914030a997fbd69","unsplash:photo-1742112125567-3e8967bad60f","196","true","Important content image","Missing distinct real replacement; inherited duplicate retained pending suitable photograph"
"/images/sections/office-records-desk.webp","/ar/approval","تحدث مع فريق Emitronix حول مشروعك في دبي. / مسارات موافقات مرتبطة بالأعمال المدنية والتشطيبات.","card","office-records-desk.webp","1600","1068","webp","d6b58a32141aa1c8316b8d41b823e2e652c192a0875152e20590dd57092f2a82","pexels:8353764","50","true","Important content image","Missing distinct real replacement; inherited duplicate retained pending suitable photograph"
"/images/emitronix-logo.png","/ar/blog","header","card","emitronix-logo.png","1728","404","png","0c588c75d70f3ec952c8f687709cd1eb2fb573955d446b39d6f7a1c6c625e08d","/images/emitronix-logo","516","false","Logo/brand asset","Retain permitted shared brand/UI asset"
"/images/emitronix-logo.png","/ar/blog","امنح مشروعك القادم في دبي وضوحا هندسيا من البداية.","content image","emitronix-logo.png","1728","404","png","0c588c75d70f3ec952c8f687709cd1eb2fb573955d446b39d6f7a1c6c625e08d","/images/emitronix-logo","516","false","Logo/brand asset","Retain permitted shared brand/UI asset"
"/images/generated/blog/civil-construction-dubai-guide-2026-desktop.webp","/ar/blog","رؤى عملية تساعدك على اتخاذ قرارات مشروع أفضل. / أدلة عملية لأصحاب المشاريع والاستشاريين.","hero","civil-construction-dubai-guide-2026-desktop.webp","1600","900","webp","45cbd5e3ec28454f5293adc49e186c5f672acf9fdfd1def5b2251a1d690ac258","/images/generated/blog/civil-construction-dubai-guide-2026","55","true","Important content image","Reserve this source here; replace its other duplicated placements"
"/images/project-civil-works-dubai.webp","/ar/blog","section / أدلة عملية لأصحاب المشاريع والاستشاريين.","card","project-civil-works-dubai.webp","1600","900","webp","2fa083758c877bf924e39e85e8b4fd9ac01928098c8cf8e29bf9e38f15241774","unsplash:photo-1504307651254-35680f356dfd","16","true","Important content image","Missing distinct real replacement; inherited duplicate retained pending suitable photograph"
"/images/project-authority-approvals-dubai.webp","/ar/blog","أدلة عملية لأصحاب المشاريع والاستشاريين. / أدلة عملية لأصحاب المشاريع والاستشاريين.","card","project-authority-approvals-dubai.webp","1600","1067","webp","9e6a366db121844fa3314f16050b33b077dcbcad8db4e5e18f35732dd43d074e","unsplash:photo-1581674662583-5e89b374fae6","172","true","Important content image","Missing distinct real replacement; inherited duplicate retained pending suitable photograph"
"/images/internal/project-site-coordination.webp","/ar/blog","ملكية المحتوى والمراجعة / أدلة عملية لأصحاب المشاريع والاستشاريين.","card","project-site-coordination.webp","1920","1280","webp","cd9197528dbb538734f8115efdca5952004cce0152888935f914030a997fbd69","unsplash:photo-1742112125567-3e8967bad60f","196","true","Important content image","Missing distinct real replacement; inherited duplicate retained pending suitable photograph"
"/images/project-office-fit-out-dubai.webp","/ar/blog","تحدث مع فريق Emitronix حول مشروعك في دبي. / أدلة عملية لأصحاب المشاريع والاستشاريين.","card","project-office-fit-out-dubai.webp","1600","1067","webp","8da3f6a2e8cd71f69f0517194f7161c30201c1cd8a191248107778a771e6b1c9","unsplash:photo-1504297050568-910d24c426d3","22","true","Important content image","Missing distinct real replacement; inherited duplicate retained pending suitable photograph"
"/images/emitronix-logo.png","/ar/blog/choose-best-building-contractor-dubai","header","card","emitronix-logo.png","1728","404","png","0c588c75d70f3ec952c8f687709cd1eb2fb573955d446b39d6f7a1c6c625e08d","/images/emitronix-logo","516","false","Logo/brand asset","Retain permitted shared brand/UI asset"
"/images/emitronix-logo.png","/ar/blog/choose-best-building-contractor-dubai","امنح مشروعك القادم في دبي وضوحا هندسيا من البداية.","content image","emitronix-logo.png","1728","404","png","0c588c75d70f3ec952c8f687709cd1eb2fb573955d446b39d6f7a1c6c625e08d","/images/emitronix-logo","516","false","Logo/brand asset","Retain permitted shared brand/UI asset"
"/images/generated/blog/choosing-building-contractor-dubai-desktop.webp","/ar/blog/choose-best-building-contractor-dubai","كيفية اختيار أفضل مقاول بناء في دبي / لا تقارن المقاولين قبل توحيد الرسومات والنطاق والافتراضات.","hero","choosing-building-contractor-dubai-desktop.webp","1600","900","webp","3684f53e8c347aa311979d8ebc4044e4e49ae4f4dadea0ef739a939bd5221452","/images/generated/blog/choosing-building-contractor-dubai","53","true","Important content image","Reserve this source here; replace its other duplicated placements"
"/images/about-construction-coordination-dubai.webp","/ar/blog/choose-best-building-contractor-dubai","section / لا تقارن المقاولين قبل توحيد الرسومات والنطاق والافتراضات.","card","about-construction-coordination-dubai.webp","1600","2133","webp","32b588327dd59d767b594c70a5c01e868abc9f1e34c413fb6a5e497734902e53","unsplash:photo-1626885930974-4b69aa21bbf9","11","true","Important content image","Reserve this source here; replace its other duplicated placements"
"/images/project-authority-approvals-dubai.webp","/ar/blog/choose-best-building-contractor-dubai","لا تقارن المقاولين قبل توحيد الرسومات والنطاق والافتراضات. / لا تقارن المقاولين قبل توحيد الرسومات والنطاق والافتراضات.","card","project-authority-approvals-dubai.webp","1600","1067","webp","9e6a366db121844fa3314f16050b33b077dcbcad8db4e5e18f35732dd43d074e","unsplash:photo-1581674662583-5e89b374fae6","172","true","Important content image","Missing distinct real replacement; inherited duplicate retained pending suitable photograph"
"/images/about-civil-works-dubai.webp","/ar/blog/choose-best-building-contractor-dubai","راجع السلامة وضبط الجودة والتغييرات وشروط الدفع. / لا تقارن المقاولين قبل توحيد الرسومات والنطاق والافتراضات.","card","about-civil-works-dubai.webp","1600","1067","webp","b4d5719f34c7a9ea5266cdf489cdcd23144d511d0737398104222f6c4fe04583","unsplash:photo-1742112125630-dd2955dd6120","11","true","Important content image","Reserve this source here; replace its other duplicated placements"
"/images/internal/architectural-drawing-review.webp","/ar/blog/choose-best-building-contractor-dubai","ملكية المحتوى والمراجعة / لا تقارن المقاولين قبل توحيد الرسومات والنطاق والافتراضات.","card","architectural-drawing-review.webp","1920","2768","webp","0242bd81c319b862ae61dd9d38bc8e4d8212b5ba25e6907ca56c07b1bf998804","unsplash:photo-1608303588026-884930af2559","95","true","Important content image","Missing distinct real replacement; inherited duplicate retained pending suitable photograph"
"/images/emitronix-logo.png","/ar/blog/complete-guide-civil-construction-dubai-2026","header","card","emitronix-logo.png","1728","404","png","0c588c75d70f3ec952c8f687709cd1eb2fb573955d446b39d6f7a1c6c625e08d","/images/emitronix-logo","516","false","Logo/brand asset","Retain permitted shared brand/UI asset"
"/images/emitronix-logo.png","/ar/blog/complete-guide-civil-construction-dubai-2026","امنح مشروعك القادم في دبي وضوحا هندسيا من البداية.","content image","emitronix-logo.png","1728","404","png","0c588c75d70f3ec952c8f687709cd1eb2fb573955d446b39d6f7a1c6c625e08d","/images/emitronix-logo","516","false","Logo/brand asset","Retain permitted shared brand/UI asset"
"/images/generated/blog/civil-construction-dubai-guide-2026-desktop.webp","/ar/blog/complete-guide-civil-construction-dubai-2026","الدليل الشامل للمقاولات المدنية في دبي 2026 / نطاق يجمع الموقع والهيكل والخدمات والموافقات والتسليم.","hero","civil-construction-dubai-guide-2026-desktop.webp","1600","900","webp","45cbd5e3ec28454f5293adc49e186c5f672acf9fdfd1def5b2251a1d690ac258","/images/generated/blog/civil-construction-dubai-guide-2026","55","true","Important content image","Missing distinct real replacement; inherited duplicate retained pending suitable photograph"
"/images/civil-contractor-dubai-construction-site.webp","/ar/blog/complete-guide-civil-construction-dubai-2026","section / نطاق يجمع الموقع والهيكل والخدمات والموافقات والتسليم.","card","civil-contractor-dubai-construction-site.webp","900","540","webp","284f2e21bc038689c02e9cb8e7b71ecf72e6e01f6dc6bf6bafafdb95a7d0fe4a","unsplash:photo-1541888946425-d81bb19240f5","16","true","Important content image","Missing distinct real replacement; inherited duplicate retained pending suitable photograph"
"/images/internal/architectural-drawing-review.webp","/ar/blog/complete-guide-civil-construction-dubai-2026","نطاق يجمع الموقع والهيكل والخدمات والموافقات والتسليم. / نطاق يجمع الموقع والهيكل والخدمات والموافقات والتسليم.","card","architectural-drawing-review.webp","1920","2768","webp","0242bd81c319b862ae61dd9d38bc8e4d8212b5ba25e6907ca56c07b1bf998804","unsplash:photo-1608303588026-884930af2559","95","true","Important content image","Missing distinct real replacement; inherited duplicate retained pending suitable photograph"
"/images/internal/structural-reinforcement.webp","/ar/blog/complete-guide-civil-construction-dubai-2026","الكمية والمواصفات والموافقات والتوريد تغير الافتراضات. / نطاق يجمع الموقع والهيكل والخدمات والموافقات والتسليم.","card","structural-reinforcement.webp","1920","1275","webp","ef49d14a5548ad6335c818120ca1dcba48521e82a503fc9ec30d0a2ce43c9527","unsplash:photo-1768677903496-becc4be07258","13","true","Important content image","Reserve this source here; replace its other duplicated placements"
"/images/internal/project-site-coordination.webp","/ar/blog/complete-guide-civil-construction-dubai-2026","ملكية المحتوى والمراجعة / نطاق يجمع الموقع والهيكل والخدمات والموافقات والتسليم.","card","project-site-coordination.webp","1920","1280","webp","cd9197528dbb538734f8115efdca5952004cce0152888935f914030a997fbd69","unsplash:photo-1742112125567-3e8967bad60f","196","true","Important content image","Missing distinct real replacement; inherited duplicate retained pending suitable photograph"
"/images/emitronix-logo.png","/ar/blog/dubai-authority-approvals-dewa-dubai-municipality-dcd-trakhees","header","card","emitronix-logo.png","1728","404","png","0c588c75d70f3ec952c8f687709cd1eb2fb573955d446b39d6f7a1c6c625e08d","/images/emitronix-logo","516","false","Logo/brand asset","Retain permitted shared brand/UI asset"
"/images/emitronix-logo.png","/ar/blog/dubai-authority-approvals-dewa-dubai-municipality-dcd-trakhees","امنح مشروعك القادم في دبي وضوحا هندسيا من البداية.","content image","emitronix-logo.png","1728","404","png","0c588c75d70f3ec952c8f687709cd1eb2fb573955d446b39d6f7a1c6c625e08d","/images/emitronix-logo","516","false","Logo/brand asset","Retain permitted shared brand/UI asset"
"/images/generated/blog/dubai-authority-approvals-guide-desktop.webp","/ar/blog/dubai-authority-approvals-dewa-dubai-municipality-dcd-trakhees","موافقات الجهات في دبي: ديوا وبلدية دبي والدفاع المدني / الموقع والاستخدام ونوع الأعمال يحدد الجهات ذات الصلة.","hero","dubai-authority-approvals-guide-desktop.webp","1600","900","webp","c1741ddab2b08da215d10241bbaad4ab63606eb3f48265246bf7ade3c3c0d839","/images/generated/blog/dubai-authority-approvals-guide","53","true","Important content image","Reserve this source here; replace its other duplicated placements"
"/images/internal/fire-sprinkler-pipework.webp","/ar/blog/dubai-authority-approvals-dewa-dubai-municipality-dcd-trakhees","section / الموقع والاستخدام ونوع الأعمال يحدد الجهات ذات الصلة.","card","fire-sprinkler-pipework.webp","1920","1440","webp","1fce7f82f68d30b0ae6920075bbeeb0a9741912efd20cd662ec8d623dc38a5ec","pexels:37352142","16","true","Important content image","Reserve this source here; replace its other duplicated placements"
"/images/internal/architectural-drawing-review.webp","/ar/blog/dubai-authority-approvals-dewa-dubai-municipality-dcd-trakhees","الموقع والاستخدام ونوع الأعمال يحدد الجهات ذات الصلة. / الموقع والاستخدام ونوع الأعمال يحدد الجهات ذات الصلة.","card","architectural-drawing-review.webp","1920","2768","webp","0242bd81c319b862ae61dd9d38bc8e4d8212b5ba25e6907ca56c07b1bf998804","unsplash:photo-1608303588026-884930af2559","95","true","Important content image","Missing distinct real replacement; inherited duplicate retained pending suitable photograph"
"/images/project-mep-coordination-dubai.webp","/ar/blog/dubai-authority-approvals-dewa-dubai-municipality-dcd-trakhees","رسومات متسقة وتفويضات وNOC وسجل واضح للتعليقات. / الموقع والاستخدام ونوع الأعمال يحدد الجهات ذات الصلة.","card","project-mep-coordination-dubai.webp","1600","1067","webp","43d0c568cd1d56ff412d73507931d1a606c38601caed94d7db5377f05003b49d","unsplash:photo-1778514825784-0659eaf8e7a2","27","true","Important content image","Reserve this source here; replace its other duplicated placements"
"/images/internal/project-site-coordination.webp","/ar/blog/dubai-authority-approvals-dewa-dubai-municipality-dcd-trakhees","ملكية المحتوى والمراجعة / الموقع والاستخدام ونوع الأعمال يحدد الجهات ذات الصلة.","card","project-site-coordination.webp","1920","1280","webp","cd9197528dbb538734f8115efdca5952004cce0152888935f914030a997fbd69","unsplash:photo-1742112125567-3e8967bad60f","196","true","Important content image","Missing distinct real replacement; inherited duplicate retained pending suitable photograph"
"/images/emitronix-logo.png","/ar/blog/warehouse-construction-dubai-planning-design-authority-approvals","header","card","emitronix-logo.png","1728","404","png","0c588c75d70f3ec952c8f687709cd1eb2fb573955d446b39d6f7a1c6c625e08d","/images/emitronix-logo","516","false","Logo/brand asset","Retain permitted shared brand/UI asset"
"/images/emitronix-logo.png","/ar/blog/warehouse-construction-dubai-planning-design-authority-approvals","امنح مشروعك القادم في دبي وضوحا هندسيا من البداية.","content image","emitronix-logo.png","1728","404","png","0c588c75d70f3ec952c8f687709cd1eb2fb573955d446b39d6f7a1c6c625e08d","/images/emitronix-logo","516","false","Logo/brand asset","Retain permitted shared brand/UI asset"
"/images/generated/blog/warehouse-construction-planning-guide-desktop.webp","/ar/blog/warehouse-construction-dubai-planning-design-authority-approvals","إنشاء المستودعات في دبي: التخطيط والتصميم والموافقات / ابدأ بالاستخدام وحركة المركبات والتخزين والوصول والتوسع.","hero","warehouse-construction-planning-guide-desktop.webp","1600","900","webp","a28f5d22cc3cca74e0ca3784fb469c955f53e466f6e9b040343bbadcf4b600f5","/images/generated/blog/warehouse-construction-planning-guide","53","true","Important content image","Reserve this source here; replace its other duplicated placements"
"/images/internal/architectural-drawing-review.webp","/ar/blog/warehouse-construction-dubai-planning-design-authority-approvals","section / ابدأ بالاستخدام وحركة المركبات والتخزين والوصول والتوسع.","card","architectural-drawing-review.webp","1920","2768","webp","0242bd81c319b862ae61dd9d38bc8e4d8212b5ba25e6907ca56c07b1bf998804","unsplash:photo-1608303588026-884930af2559","95","true","Important content image","Missing distinct real replacement; inherited duplicate retained pending suitable photograph"
"/images/project-authority-approvals-dubai.webp","/ar/blog/warehouse-construction-dubai-planning-design-authority-approvals","ابدأ بالاستخدام وحركة المركبات والتخزين والوصول والتوسع. / ابدأ بالاستخدام وحركة المركبات والتخزين والوصول والتوسع.","card","project-authority-approvals-dubai.webp","1600","1067","webp","9e6a366db121844fa3314f16050b33b077dcbcad8db4e5e18f35732dd43d074e","unsplash:photo-1581674662583-5e89b374fae6","172","true","Important content image","Missing distinct real replacement; inherited duplicate retained pending suitable photograph"
"/images/internal/project-site-coordination.webp","/ar/blog/warehouse-construction-dubai-planning-design-authority-approvals","ربط DCD وDEWA ومسار المنطقة بالرسومات. / ابدأ بالاستخدام وحركة المركبات والتخزين والوصول والتوسع.","card","project-site-coordination.webp","1920","1280","webp","cd9197528dbb538734f8115efdca5952004cce0152888935f914030a997fbd69","unsplash:photo-1742112125567-3e8967bad60f","196","true","Important content image","Missing distinct real replacement; inherited duplicate retained pending suitable photograph"
"/images/sections/office-records-desk.webp","/ar/blog/warehouse-construction-dubai-planning-design-authority-approvals","ملكية المحتوى والمراجعة / ابدأ بالاستخدام وحركة المركبات والتخزين والوصول والتوسع.","card","office-records-desk.webp","1600","1068","webp","d6b58a32141aa1c8316b8d41b823e2e652c192a0875152e20590dd57092f2a82","pexels:8353764","50","true","Important content image","Missing distinct real replacement; inherited duplicate retained pending suitable photograph"
"/images/emitronix-logo.png","/ar/building-renovation","header","card","emitronix-logo.png","1728","404","png","0c588c75d70f3ec952c8f687709cd1eb2fb573955d446b39d6f7a1c6c625e08d","/images/emitronix-logo","516","false","Logo/brand asset","Retain permitted shared brand/UI asset"
"/images/emitronix-logo.png","/ar/building-renovation","امنح مشروعك القادم في دبي وضوحا هندسيا من البداية.","content image","emitronix-logo.png","1728","404","png","0c588c75d70f3ec952c8f687709cd1eb2fb573955d446b39d6f7a1c6c625e08d","/images/emitronix-logo","516","false","Logo/brand asset","Retain permitted shared brand/UI asset"
"/images/project-building-maintenance-dubai.webp","/ar/building-renovation","تجديد المباني في دبي / مسح الحالة الحالية قبل اعتماد التعديل أو السعر.","hero","project-building-maintenance-dubai.webp","1600","1067","webp","9bdbd67da8c0986cbe0e34ec9fb0009184ecec09b1592a9adaec67eaa2eecabd","unsplash:photo-1621905251189-08b45d6a269e","9","true","Important content image","Reserve this source here; replace its other duplicated placements"
"/images/project-office-fit-out-dubai.webp","/ar/building-renovation","section / مسح الحالة الحالية قبل اعتماد التعديل أو السعر.","card","project-office-fit-out-dubai.webp","1600","1067","webp","8da3f6a2e8cd71f69f0517194f7161c30201c1cd8a191248107778a771e6b1c9","unsplash:photo-1504297050568-910d24c426d3","22","true","Important content image","Missing distinct real replacement; inherited duplicate retained pending suitable photograph"
"/images/internal/architectural-drawing-review.webp","/ar/building-renovation","مسح الحالة الحالية قبل اعتماد التعديل أو السعر. / مسح الحالة الحالية قبل اعتماد التعديل أو السعر.","card","architectural-drawing-review.webp","1920","2768","webp","0242bd81c319b862ae61dd9d38bc8e4d8212b5ba25e6907ca56c07b1bf998804","unsplash:photo-1608303588026-884930af2559","95","true","Important content image","Missing distinct real replacement; inherited duplicate retained pending suitable photograph"
"/images/project-mep-coordination-dubai.webp","/ar/building-renovation","تسلسل للهدم والحماية والبناء والتشطيب ومعالجة الملاحظات. / مسح الحالة الحالية قبل اعتماد التعديل أو السعر.","card","project-mep-coordination-dubai.webp","1600","1067","webp","43d0c568cd1d56ff412d73507931d1a606c38601caed94d7db5377f05003b49d","unsplash:photo-1778514825784-0659eaf8e7a2","27","true","Important content image","Missing distinct real replacement; inherited duplicate retained pending suitable photograph"
"/images/internal/project-site-coordination.webp","/ar/building-renovation","ملكية المحتوى والمراجعة / مسح الحالة الحالية قبل اعتماد التعديل أو السعر.","card","project-site-coordination.webp","1920","1280","webp","cd9197528dbb538734f8115efdca5952004cce0152888935f914030a997fbd69","unsplash:photo-1742112125567-3e8967bad60f","196","true","Important content image","Missing distinct real replacement; inherited duplicate retained pending suitable photograph"
"/images/emitronix-logo.png","/ar/careers","header","card","emitronix-logo.png","1728","404","png","0c588c75d70f3ec952c8f687709cd1eb2fb573955d446b39d6f7a1c6c625e08d","/images/emitronix-logo","516","false","Logo/brand asset","Retain permitted shared brand/UI asset"
"/images/emitronix-logo.png","/ar/careers","امنح مشروعك القادم في دبي وضوحا هندسيا من البداية.","content image","emitronix-logo.png","1728","404","png","0c588c75d70f3ec952c8f687709cd1eb2fb573955d446b39d6f7a1c6c625e08d","/images/emitronix-logo","516","false","Logo/brand asset","Retain permitted shared brand/UI asset"
"/images/generated/team/construction-team-dubai-desktop.webp","/ar/careers","ابن مسيرتك المهنية مع Emitronix. / بيئة مقاولات مهنية للأشخاص الذين يقدرون الوضوح.","hero","construction-team-dubai-desktop.webp","1600","1067","webp","b11d5e4f92704b7cacb844c37f5f853fba9a62919323e4c10e4b26d283d6bc5b","/images/generated/team/construction-team-dubai","2","true","Important content image","Reserve this source here; replace its other duplicated placements"
"/images/internal/project-site-coordination.webp","/ar/careers","section / بيئة مقاولات مهنية للأشخاص الذين يقدرون الوضوح.","card","project-site-coordination.webp","1920","1280","webp","cd9197528dbb538734f8115efdca5952004cce0152888935f914030a997fbd69","unsplash:photo-1742112125567-3e8967bad60f","196","true","Important content image","Missing distinct real replacement; inherited duplicate retained pending suitable photograph"
"/images/project-authority-approvals-dubai.webp","/ar/careers","بيئة مقاولات مهنية للأشخاص الذين يقدرون الوضوح. / بيئة مقاولات مهنية للأشخاص الذين يقدرون الوضوح.","card","project-authority-approvals-dubai.webp","1600","1067","webp","9e6a366db121844fa3314f16050b33b077dcbcad8db4e5e18f35732dd43d074e","unsplash:photo-1581674662583-5e89b374fae6","172","true","Important content image","Missing distinct real replacement; inherited duplicate retained pending suitable photograph"
"/images/home/construction-workers-sunset.webp","/ar/careers","ملكية المحتوى والمراجعة / بيئة مقاولات مهنية للأشخاص الذين يقدرون الوضوح.","card","construction-workers-sunset.webp","2400","1602","webp","630087587fc377148cbe250825cc578ef6757c5fdd76260c67f43fa8ac1e5ad3","pexels:28964677","3","true","Important content image","Missing distinct real replacement; inherited duplicate retained pending suitable photograph"
"/images/project-fit-out-dubai.webp","/ar/careers","أرسل طلبك إلى Emitronix. / بيئة مقاولات مهنية للأشخاص الذين يقدرون الوضوح.","card","project-fit-out-dubai.webp","1600","2400","webp","1ffcf3a0a7a0010ba6f10d8815d80782638f64ae25a00052bdf62f5191c6dfe4","unsplash:photo-1771918050103-57b5de00d960","22","true","Important content image","Missing distinct real replacement; inherited duplicate retained pending suitable photograph"
"/images/emitronix-logo.png","/ar/civil","header","card","emitronix-logo.png","1728","404","png","0c588c75d70f3ec952c8f687709cd1eb2fb573955d446b39d6f7a1c6c625e08d","/images/emitronix-logo","516","false","Logo/brand asset","Retain permitted shared brand/UI asset"
"/images/emitronix-logo.png","/ar/civil","امنح مشروعك القادم في دبي وضوحا هندسيا من البداية.","content image","emitronix-logo.png","1728","404","png","0c588c75d70f3ec952c8f687709cd1eb2fb573955d446b39d6f7a1c6c625e08d","/images/emitronix-logo","516","false","Logo/brand asset","Retain permitted shared brand/UI asset"
"/images/project-civil-works-dubai.webp","/ar/civil","المقاولات المدنية في دبي / أعمال مدنية للمباني والفلل والمستودعات والمنشآت التجارية والصناعية.","hero","project-civil-works-dubai.webp","1600","900","webp","2fa083758c877bf924e39e85e8b4fd9ac01928098c8cf8e29bf9e38f15241774","unsplash:photo-1504307651254-35680f356dfd","16","true","Important content image","Missing distinct real replacement; inherited duplicate retained pending suitable photograph"
"/images/civil-contractor-dubai-construction-site.webp","/ar/civil","section / أعمال مدنية للمباني والفلل والمستودعات والمنشآت التجارية والصناعية.","card","civil-contractor-dubai-construction-site.webp","900","540","webp","284f2e21bc038689c02e9cb8e7b71ecf72e6e01f6dc6bf6bafafdb95a7d0fe4a","unsplash:photo-1541888946425-d81bb19240f5","16","true","Important content image","Missing distinct real replacement; inherited duplicate retained pending suitable photograph"
"/images/internal/architectural-drawing-review.webp","/ar/civil","أعمال مدنية للمباني والفلل والمستودعات والمنشآت التجارية والصناعية. / أعمال مدنية للمباني والفلل والمستودعات والمنشآت التجارية والصناعية.","card","architectural-drawing-review.webp","1920","2768","webp","0242bd81c319b862ae61dd9d38bc8e4d8212b5ba25e6907ca56c07b1bf998804","unsplash:photo-1608303588026-884930af2559","95","true","Important content image","Missing distinct real replacement; inherited duplicate retained pending suitable photograph"
"/images/internal/structural-reinforcement.webp","/ar/civil","تسلسل مرتبط بالوصول والتفتيش والتوريد ومستندات الإغلاق. / أعمال مدنية للمباني والفلل والمستودعات والمنشآت التجارية والصناعية.","card","structural-reinforcement.webp","1920","1275","webp","ef49d14a5548ad6335c818120ca1dcba48521e82a503fc9ec30d0a2ce43c9527","unsplash:photo-1768677903496-becc4be07258","13","true","Important content image","Missing distinct real replacement; inherited duplicate retained pending suitable photograph"
"/images/internal/project-site-coordination.webp","/ar/civil","ملكية المحتوى والمراجعة / أعمال مدنية للمباني والفلل والمستودعات والمنشآت التجارية والصناعية.","card","project-site-coordination.webp","1920","1280","webp","cd9197528dbb538734f8115efdca5952004cce0152888935f914030a997fbd69","unsplash:photo-1742112125567-3e8967bad60f","196","true","Important content image","Missing distinct real replacement; inherited duplicate retained pending suitable photograph"
"/images/emitronix-logo.png","/ar/commercial-buildings","header","card","emitronix-logo.png","1728","404","png","0c588c75d70f3ec952c8f687709cd1eb2fb573955d446b39d6f7a1c6c625e08d","/images/emitronix-logo","516","false","Logo/brand asset","Retain permitted shared brand/UI asset"
"/images/emitronix-logo.png","/ar/commercial-buildings","امنح مشروعك القادم في دبي وضوحا هندسيا من البداية.","content image","emitronix-logo.png","1728","404","png","0c588c75d70f3ec952c8f687709cd1eb2fb573955d446b39d6f7a1c6c625e08d","/images/emitronix-logo","516","false","Logo/brand asset","Retain permitted shared brand/UI asset"
"/images/home/dubai-commercial-towers.webp","/ar/commercial-buildings","المباني التجارية في دبي / مبان للمكاتب وصالات العرض والتجزئة ومرافق الأعمال.","hero","dubai-commercial-towers.webp","2400","1600","webp","4d1ff9861696c8f582c78299898b503e13d54facedfc8408d4c9f7c27d5f7563","pexels:14309391","7","true","Important content image","Reserve this source here; replace its other duplicated placements"
"/images/project-office-fit-out-dubai.webp","/ar/commercial-buildings","section / مبان للمكاتب وصالات العرض والتجزئة ومرافق الأعمال.","card","project-office-fit-out-dubai.webp","1600","1067","webp","8da3f6a2e8cd71f69f0517194f7161c30201c1cd8a191248107778a771e6b1c9","unsplash:photo-1504297050568-910d24c426d3","22","true","Important content image","Missing distinct real replacement; inherited duplicate retained pending suitable photograph"
"/images/internal/architectural-drawing-review.webp","/ar/commercial-buildings","مبان للمكاتب وصالات العرض والتجزئة ومرافق الأعمال. / مبان للمكاتب وصالات العرض والتجزئة ومرافق الأعمال.","card","architectural-drawing-review.webp","1920","2768","webp","0242bd81c319b862ae61dd9d38bc8e4d8212b5ba25e6907ca56c07b1bf998804","unsplash:photo-1608303588026-884930af2559","95","true","Important content image","Missing distinct real replacement; inherited duplicate retained pending suitable photograph"
"/images/project-commercial-renovation-dubai.webp","/ar/commercial-buildings","تنفيذ يربط جودة التشطيب بالتفتيش ومستندات الإكمال. / مبان للمكاتب وصالات العرض والتجزئة ومرافق الأعمال.","card","project-commercial-renovation-dubai.webp","1600","1067","webp","2324ce7af4bd74b13d25bb3ceaa3160d6a8036b84fb3b8fa5c30049b08398a52","unsplash:photo-1739700712159-550519327ca7","7","true","Important content image","Missing distinct real replacement; inherited duplicate retained pending suitable photograph"
"/images/internal/project-site-coordination.webp","/ar/commercial-buildings","ملكية المحتوى والمراجعة / مبان للمكاتب وصالات العرض والتجزئة ومرافق الأعمال.","card","project-site-coordination.webp","1920","1280","webp","cd9197528dbb538734f8115efdca5952004cce0152888935f914030a997fbd69","unsplash:photo-1742112125567-3e8967bad60f","196","true","Important content image","Missing distinct real replacement; inherited duplicate retained pending suitable photograph"
"/images/emitronix-logo.png","/ar/concordia-dmcc-approvals","header","card","emitronix-logo.png","1728","404","png","0c588c75d70f3ec952c8f687709cd1eb2fb573955d446b39d6f7a1c6c625e08d","/images/emitronix-logo","516","false","Logo/brand asset","Retain permitted shared brand/UI asset"
"/images/emitronix-logo.png","/ar/concordia-dmcc-approvals","امنح مشروعك القادم في دبي وضوحا هندسيا من البداية.","content image","emitronix-logo.png","1728","404","png","0c588c75d70f3ec952c8f687709cd1eb2fb573955d446b39d6f7a1c6c625e08d","/images/emitronix-logo","516","false","Logo/brand asset","Retain permitted shared brand/UI asset"
"/images/internal/commercial-office-corridor.webp","/ar/concordia-dmcc-approvals","موافقات كونكورديا ومركز دبي للسلع المتعددة / تنسيق كونكورديا وDMCC والمالك للمكاتب والتجزئة في JLT.","hero","commercial-office-corridor.webp","1920","2560","webp","78a004e02d4054133c80f35ee7dc7ffd9bc7f0a4597760de266709ccb97a6ec7","unsplash:photo-1554232456-8727aae0cfa4","4","true","Important content image","Missing distinct real replacement; inherited duplicate retained pending suitable photograph"
"/images/project-office-fit-out-dubai.webp","/ar/concordia-dmcc-approvals","section / تنسيق كونكورديا وDMCC والمالك للمكاتب والتجزئة في JLT.","card","project-office-fit-out-dubai.webp","1600","1067","webp","8da3f6a2e8cd71f69f0517194f7161c30201c1cd8a191248107778a771e6b1c9","unsplash:photo-1504297050568-910d24c426d3","22","true","Important content image","Missing distinct real replacement; inherited duplicate retained pending suitable photograph"
"/images/internal/architectural-drawing-review.webp","/ar/concordia-dmcc-approvals","تنسيق كونكورديا وDMCC والمالك للمكاتب والتجزئة في JLT. / تنسيق كونكورديا وDMCC والمالك للمكاتب والتجزئة في JLT.","card","architectural-drawing-review.webp","1920","2768","webp","0242bd81c319b862ae61dd9d38bc8e4d8212b5ba25e6907ca56c07b1bf998804","unsplash:photo-1608303588026-884930af2559","95","true","Important content image","Missing distinct real replacement; inherited duplicate retained pending suitable photograph"
"/images/project-mep-coordination-dubai.webp","/ar/concordia-dmcc-approvals","متابعة الملاحظات من التقديم حتى جاهزية الإغلاق. / تنسيق كونكورديا وDMCC والمالك للمكاتب والتجزئة في JLT.","card","project-mep-coordination-dubai.webp","1600","1067","webp","43d0c568cd1d56ff412d73507931d1a606c38601caed94d7db5377f05003b49d","unsplash:photo-1778514825784-0659eaf8e7a2","27","true","Important content image","Missing distinct real replacement; inherited duplicate retained pending suitable photograph"
"/images/internal/project-site-coordination.webp","/ar/concordia-dmcc-approvals","ملكية المحتوى والمراجعة / تنسيق كونكورديا وDMCC والمالك للمكاتب والتجزئة في JLT.","card","project-site-coordination.webp","1920","1280","webp","cd9197528dbb538734f8115efdca5952004cce0152888935f914030a997fbd69","unsplash:photo-1742112125567-3e8967bad60f","196","true","Important content image","Missing distinct real replacement; inherited duplicate retained pending suitable photograph"
"/images/emitronix-logo.png","/ar/contact","header","card","emitronix-logo.png","1728","404","png","0c588c75d70f3ec952c8f687709cd1eb2fb573955d446b39d6f7a1c6c625e08d","/images/emitronix-logo","516","false","Logo/brand asset","Retain permitted shared brand/UI asset"
"/images/emitronix-logo.png","/ar/contact","امنح مشروعك القادم في دبي وضوحا هندسيا من البداية.","content image","emitronix-logo.png","1728","404","png","0c588c75d70f3ec952c8f687709cd1eb2fb573955d446b39d6f7a1c6c625e08d","/images/emitronix-logo","516","false","Logo/brand asset","Retain permitted shared brand/UI asset"
"/images/generated/company/dubai-project-consultation-hero-desktop.webp","/ar/contact","ابدأ محادثة مشروع احترافية في دبي. / تواصل مع Emitronix.","hero","dubai-project-consultation-hero-desktop.webp","1920","1080","webp","2ea80c26b569db2ce9979b1ead7ee429a76123672d68b22af3353c3048277a54","/images/generated/company/dubai-project-consultation-hero","2","true","Important content image","Reserve this source here; replace its other duplicated placements"
"/images/about-construction-coordination-dubai.webp","/ar/contact","section / تواصل مع Emitronix.","card","about-construction-coordination-dubai.webp","1600","2133","webp","32b588327dd59d767b594c70a5c01e868abc9f1e34c413fb6a5e497734902e53","unsplash:photo-1626885930974-4b69aa21bbf9","11","true","Important content image","Missing distinct real replacement; inherited duplicate retained pending suitable photograph"
"/images/project-authority-approvals-dubai.webp","/ar/contact","تواصل مع Emitronix. / تواصل مع Emitronix.","card","project-authority-approvals-dubai.webp","1600","1067","webp","9e6a366db121844fa3314f16050b33b077dcbcad8db4e5e18f35732dd43d074e","unsplash:photo-1581674662583-5e89b374fae6","172","true","Important content image","Missing distinct real replacement; inherited duplicate retained pending suitable photograph"
"/images/about-civil-works-dubai.webp","/ar/contact","ملكية المحتوى والمراجعة / تواصل مع Emitronix.","card","about-civil-works-dubai.webp","1600","1067","webp","b4d5719f34c7a9ea5266cdf489cdcd23144d511d0737398104222f6c4fe04583","unsplash:photo-1742112125630-dd2955dd6120","11","true","Important content image","Missing distinct real replacement; inherited duplicate retained pending suitable photograph"
"/images/internal/architectural-drawing-review.webp","/ar/contact","أرسل تفاصيل مشروعك. / تواصل مع Emitronix.","card","architectural-drawing-review.webp","1920","2768","webp","0242bd81c319b862ae61dd9d38bc8e4d8212b5ba25e6907ca56c07b1bf998804","unsplash:photo-1608303588026-884930af2559","95","true","Important content image","Missing distinct real replacement; inherited duplicate retained pending suitable photograph"
"/images/emitronix-logo.png","/ar/dcd-approvals","header","card","emitronix-logo.png","1728","404","png","0c588c75d70f3ec952c8f687709cd1eb2fb573955d446b39d6f7a1c6c625e08d","/images/emitronix-logo","516","false","Logo/brand asset","Retain permitted shared brand/UI asset"
"/images/emitronix-logo.png","/ar/dcd-approvals","امنح مشروعك القادم في دبي وضوحا هندسيا من البداية.","content image","emitronix-logo.png","1728","404","png","0c588c75d70f3ec952c8f687709cd1eb2fb573955d446b39d6f7a1c6c625e08d","/images/emitronix-logo","516","false","Logo/brand asset","Retain permitted shared brand/UI asset"
"/images/internal/fire-sprinkler-pipework.webp","/ar/dcd-approvals","موافقات الدفاع المدني دبي / مراجعة استخدام المبنى والإشغال والتخطيط ومتطلبات الحياة والسلامة.","hero","fire-sprinkler-pipework.webp","1920","1440","webp","1fce7f82f68d30b0ae6920075bbeeb0a9741912efd20cd662ec8d623dc38a5ec","pexels:37352142","16","true","Important content image","Missing distinct real replacement; inherited duplicate retained pending suitable photograph"
"/images/internal/architectural-drawing-review.webp","/ar/dcd-approvals","section / مراجعة استخدام المبنى والإشغال والتخطيط ومتطلبات الحياة والسلامة.","card","architectural-drawing-review.webp","1920","2768","webp","0242bd81c319b862ae61dd9d38bc8e4d8212b5ba25e6907ca56c07b1bf998804","unsplash:photo-1608303588026-884930af2559","95","true","Important content image","Missing distinct real replacement; inherited duplicate retained pending suitable photograph"
"/images/project-mep-coordination-dubai.webp","/ar/dcd-approvals","مراجعة استخدام المبنى والإشغال والتخطيط ومتطلبات الحياة والسلامة. / مراجعة استخدام المبنى والإشغال والتخطيط ومتطلبات الحياة والسلامة.","card","project-mep-coordination-dubai.webp","1600","1067","webp","43d0c568cd1d56ff412d73507931d1a606c38601caed94d7db5377f05003b49d","unsplash:photo-1778514825784-0659eaf8e7a2","27","true","Important content image","Missing distinct real replacement; inherited duplicate retained pending suitable photograph"
"/images/internal/project-site-coordination.webp","/ar/dcd-approvals","تتبع التعليقات وربط الرسومات المعدلة بجاهزية الموقع. / مراجعة استخدام المبنى والإشغال والتخطيط ومتطلبات الحياة والسلامة.","card","project-site-coordination.webp","1920","1280","webp","cd9197528dbb538734f8115efdca5952004cce0152888935f914030a997fbd69","unsplash:photo-1742112125567-3e8967bad60f","196","true","Important content image","Missing distinct real replacement; inherited duplicate retained pending suitable photograph"
"/images/project-warehouse-industrial-dubai.webp","/ar/dcd-approvals","ملكية المحتوى والمراجعة / مراجعة استخدام المبنى والإشغال والتخطيط ومتطلبات الحياة والسلامة.","card","project-warehouse-industrial-dubai.webp","1600","1067","webp","e4ef2024be4b8171e52da5857e3bf5568b5a04ee5a3ca041c5d30a1560ac9940","unsplash:photo-1592085198739-ffcad7f36b54","89","true","Important content image","Missing distinct real replacement; inherited duplicate retained pending suitable photograph"
"/images/emitronix-logo.png","/ar/dda-approvals","header","card","emitronix-logo.png","1728","404","png","0c588c75d70f3ec952c8f687709cd1eb2fb573955d446b39d6f7a1c6c625e08d","/images/emitronix-logo","516","false","Logo/brand asset","Retain permitted shared brand/UI asset"
"/images/emitronix-logo.png","/ar/dda-approvals","امنح مشروعك القادم في دبي وضوحا هندسيا من البداية.","content image","emitronix-logo.png","1728","404","png","0c588c75d70f3ec952c8f687709cd1eb2fb573955d446b39d6f7a1c6c625e08d","/images/emitronix-logo","516","false","Logo/brand asset","Retain permitted shared brand/UI asset"
"/images/home/jumeirah-village-circle-construction.webp","/ar/dda-approvals","موافقات سلطة دبي للتطوير / مسار للمشاريع الواقعة ضمن المجتمعات الخاضعة لسلطة دبي للتطوير.","hero","jumeirah-village-circle-construction.webp","1920","1080","webp","e2705e5ebcfc1b45970224c965fd94bb1ed7b4b776fe2e1f4dcff87359f6fea6","unsplash:photo-1743819344477-3b67c19621e9","3","true","Important content image","Missing distinct real replacement; inherited duplicate retained pending suitable photograph"
"/images/internal/architectural-drawing-review.webp","/ar/dda-approvals","section / مسار للمشاريع الواقعة ضمن المجتمعات الخاضعة لسلطة دبي للتطوير.","card","architectural-drawing-review.webp","1920","2768","webp","0242bd81c319b862ae61dd9d38bc8e4d8212b5ba25e6907ca56c07b1bf998804","unsplash:photo-1608303588026-884930af2559","95","true","Important content image","Missing distinct real replacement; inherited duplicate retained pending suitable photograph"
"/images/project-authority-approvals-dubai.webp","/ar/dda-approvals","مسار للمشاريع الواقعة ضمن المجتمعات الخاضعة لسلطة دبي للتطوير. / مسار للمشاريع الواقعة ضمن المجتمعات الخاضعة لسلطة دبي للتطوير.","card","project-authority-approvals-dubai.webp","1600","1067","webp","9e6a366db121844fa3314f16050b33b077dcbcad8db4e5e18f35732dd43d074e","unsplash:photo-1581674662583-5e89b374fae6","172","true","Important content image","Missing distinct real replacement; inherited duplicate retained pending suitable photograph"
"/images/internal/project-site-coordination.webp","/ar/dda-approvals","تنسيق التعليقات والتحديثات والتفتيش وفق المسار الخاص بالموقع. / مسار للمشاريع الواقعة ضمن المجتمعات الخاضعة لسلطة دبي للتطوير.","card","project-site-coordination.webp","1920","1280","webp","cd9197528dbb538734f8115efdca5952004cce0152888935f914030a997fbd69","unsplash:photo-1742112125567-3e8967bad60f","196","true","Important content image","Missing distinct real replacement; inherited duplicate retained pending suitable photograph"
"/images/sections/office-records-desk.webp","/ar/dda-approvals","ملكية المحتوى والمراجعة / مسار للمشاريع الواقعة ضمن المجتمعات الخاضعة لسلطة دبي للتطوير.","card","office-records-desk.webp","1600","1068","webp","d6b58a32141aa1c8316b8d41b823e2e652c192a0875152e20590dd57092f2a82","pexels:8353764","50","true","Important content image","Missing distinct real replacement; inherited duplicate retained pending suitable photograph"
"/images/emitronix-logo.png","/ar/design-build","header","card","emitronix-logo.png","1728","404","png","0c588c75d70f3ec952c8f687709cd1eb2fb573955d446b39d6f7a1c6c625e08d","/images/emitronix-logo","516","false","Logo/brand asset","Retain permitted shared brand/UI asset"
"/images/emitronix-logo.png","/ar/design-build","امنح مشروعك القادم في دبي وضوحا هندسيا من البداية.","content image","emitronix-logo.png","1728","404","png","0c588c75d70f3ec952c8f687709cd1eb2fb573955d446b39d6f7a1c6c625e08d","/images/emitronix-logo","516","false","Logo/brand asset","Retain permitted shared brand/UI asset"
"/images/project-authority-approvals-dubai.webp","/ar/design-build","التصميم والبناء في دبي / ربط احتياجات المالك بالرسومات والميزانية ومسار الموافقات.","hero","project-authority-approvals-dubai.webp","1600","1067","webp","9e6a366db121844fa3314f16050b33b077dcbcad8db4e5e18f35732dd43d074e","unsplash:photo-1581674662583-5e89b374fae6","172","true","Important content image","Missing distinct real replacement; inherited duplicate retained pending suitable photograph"
"/images/about-construction-coordination-dubai.webp","/ar/design-build","section / ربط احتياجات المالك بالرسومات والميزانية ومسار الموافقات.","card","about-construction-coordination-dubai.webp","1600","2133","webp","32b588327dd59d767b594c70a5c01e868abc9f1e34c413fb6a5e497734902e53","unsplash:photo-1626885930974-4b69aa21bbf9","11","true","Important content image","Missing distinct real replacement; inherited duplicate retained pending suitable photograph"
"/images/about-civil-works-dubai.webp","/ar/design-build","ربط احتياجات المالك بالرسومات والميزانية ومسار الموافقات. / ربط احتياجات المالك بالرسومات والميزانية ومسار الموافقات.","card","about-civil-works-dubai.webp","1600","1067","webp","b4d5719f34c7a9ea5266cdf489cdcd23144d511d0737398104222f6c4fe04583","unsplash:photo-1742112125630-dd2955dd6120","11","true","Important content image","Missing distinct real replacement; inherited duplicate retained pending suitable photograph"
"/images/internal/architectural-drawing-review.webp","/ar/design-build","تنسيق تطور التصميم مع التخطيط الإنشائي والقرارات التجارية. / ربط احتياجات المالك بالرسومات والميزانية ومسار الموافقات.","card","architectural-drawing-review.webp","1920","2768","webp","0242bd81c319b862ae61dd9d38bc8e4d8212b5ba25e6907ca56c07b1bf998804","unsplash:photo-1608303588026-884930af2559","95","true","Important content image","Missing distinct real replacement; inherited duplicate retained pending suitable photograph"
"/images/internal/project-site-coordination.webp","/ar/design-build","ملكية المحتوى والمراجعة / ربط احتياجات المالك بالرسومات والميزانية ومسار الموافقات.","card","project-site-coordination.webp","1920","1280","webp","cd9197528dbb538734f8115efdca5952004cce0152888935f914030a997fbd69","unsplash:photo-1742112125567-3e8967bad60f","196","true","Important content image","Missing distinct real replacement; inherited duplicate retained pending suitable photograph"
"/images/emitronix-logo.png","/ar/dewa-approvals","header","card","emitronix-logo.png","1728","404","png","0c588c75d70f3ec952c8f687709cd1eb2fb573955d446b39d6f7a1c6c625e08d","/images/emitronix-logo","516","false","Logo/brand asset","Retain permitted shared brand/UI asset"
"/images/emitronix-logo.png","/ar/dewa-approvals","امنح مشروعك القادم في دبي وضوحا هندسيا من البداية.","content image","emitronix-logo.png","1728","404","png","0c588c75d70f3ec952c8f687709cd1eb2fb573955d446b39d6f7a1c6c625e08d","/images/emitronix-logo","516","false","Logo/brand asset","Retain permitted shared brand/UI asset"
"/images/unique/pexels-17843269.webp","/ar/dewa-approvals","موافقات هيئة كهرباء ومياه دبي / تحديد متطلبات DEWA المرتبطة بالطاقة والمياه والموقع.","hero","pexels-17843269.webp","1600","1003","webp","1c6ae58c44fde2dfdacf2ed311ec4292c97c18181595cdee34a7665a527fa285","pexels:17843269","1","false","Important content image","Retain unique image"
"/images/internal/architectural-drawing-review.webp","/ar/dewa-approvals","section / تحديد متطلبات DEWA المرتبطة بالطاقة والمياه والموقع.","card","architectural-drawing-review.webp","1920","2768","webp","0242bd81c319b862ae61dd9d38bc8e4d8212b5ba25e6907ca56c07b1bf998804","unsplash:photo-1608303588026-884930af2559","95","true","Important content image","Missing distinct real replacement; inherited duplicate retained pending suitable photograph"
"/images/project-building-maintenance-dubai.webp","/ar/dewa-approvals","تحديد متطلبات DEWA المرتبطة بالطاقة والمياه والموقع. / تحديد متطلبات DEWA المرتبطة بالطاقة والمياه والموقع.","card","project-building-maintenance-dubai.webp","1600","1067","webp","9bdbd67da8c0986cbe0e34ec9fb0009184ecec09b1592a9adaec67eaa2eecabd","unsplash:photo-1621905251189-08b45d6a269e","9","true","Important content image","Missing distinct real replacement; inherited duplicate retained pending suitable photograph"
"/images/dewa-hv-lv-cable-works-dubai.webp","/ar/dewa-approvals","تنسيق الإيضاحات والتعديلات مع الأعمال المدنية وبرنامج الإكمال. / تحديد متطلبات DEWA المرتبطة بالطاقة والمياه والموقع.","card","dewa-hv-lv-cable-works-dubai.webp","1400","788","webp","7f7cfe3f5a287a0070b990102e29d1613c9d69f58e3cafe18b3db6e7c0647e8b","unsplash:photo-1608574839637-2f7d0290d01d","14","true","Important content image","Reserve this source here; replace its other duplicated placements"
"/images/dewa-lv-inspection-testing-dubai.webp","/ar/dewa-approvals","ملكية المحتوى والمراجعة / تحديد متطلبات DEWA المرتبطة بالطاقة والمياه والموقع.","card","dewa-lv-inspection-testing-dubai.webp","1400","788","webp","6c38d22b8703b98ed272fdf7bea3f8bfc066112c59ea58a1b972be01eb812a8e","unsplash:photo-1758101755915-462eddc23f57","8","true","Important content image","Reserve this source here; replace its other duplicated placements"
"/images/emitronix-logo.png","/ar/difc-approvals","header","card","emitronix-logo.png","1728","404","png","0c588c75d70f3ec952c8f687709cd1eb2fb573955d446b39d6f7a1c6c625e08d","/images/emitronix-logo","516","false","Logo/brand asset","Retain permitted shared brand/UI asset"
"/images/emitronix-logo.png","/ar/difc-approvals","امنح مشروعك القادم في دبي وضوحا هندسيا من البداية.","content image","emitronix-logo.png","1728","404","png","0c588c75d70f3ec952c8f687709cd1eb2fb573955d446b39d6f7a1c6c625e08d","/images/emitronix-logo","516","false","Logo/brand asset","Retain permitted shared brand/UI asset"
"/images/project-fit-out-dubai.webp","/ar/difc-approvals","موافقات مركز دبي المالي العالمي / تنسيق تصاريح للمكاتب والتجهيزات والتعديلات التجارية.","hero","project-fit-out-dubai.webp","1600","2400","webp","1ffcf3a0a7a0010ba6f10d8815d80782638f64ae25a00052bdf62f5191c6dfe4","unsplash:photo-1771918050103-57b5de00d960","22","true","Important content image","Missing distinct real replacement; inherited duplicate retained pending suitable photograph"
"/images/project-office-fit-out-dubai.webp","/ar/difc-approvals","section / تنسيق تصاريح للمكاتب والتجهيزات والتعديلات التجارية.","card","project-office-fit-out-dubai.webp","1600","1067","webp","8da3f6a2e8cd71f69f0517194f7161c30201c1cd8a191248107778a771e6b1c9","unsplash:photo-1504297050568-910d24c426d3","22","true","Important content image","Missing distinct real replacement; inherited duplicate retained pending suitable photograph"
"/images/internal/architectural-drawing-review.webp","/ar/difc-approvals","تنسيق تصاريح للمكاتب والتجهيزات والتعديلات التجارية. / تنسيق تصاريح للمكاتب والتجهيزات والتعديلات التجارية.","card","architectural-drawing-review.webp","1920","2768","webp","0242bd81c319b862ae61dd9d38bc8e4d8212b5ba25e6907ca56c07b1bf998804","unsplash:photo-1608303588026-884930af2559","95","true","Important content image","Missing distinct real replacement; inherited duplicate retained pending suitable photograph"
"/images/project-commercial-renovation-dubai.webp","/ar/difc-approvals","ربط تعليقات المراجعة بجاهزية التفتيش ووثائق النهاية. / تنسيق تصاريح للمكاتب والتجهيزات والتعديلات التجارية.","card","project-commercial-renovation-dubai.webp","1600","1067","webp","2324ce7af4bd74b13d25bb3ceaa3160d6a8036b84fb3b8fa5c30049b08398a52","unsplash:photo-1739700712159-550519327ca7","7","true","Important content image","Missing distinct real replacement; inherited duplicate retained pending suitable photograph"
"/images/internal/project-site-coordination.webp","/ar/difc-approvals","ملكية المحتوى والمراجعة / تنسيق تصاريح للمكاتب والتجهيزات والتعديلات التجارية.","card","project-site-coordination.webp","1920","1280","webp","cd9197528dbb538734f8115efdca5952004cce0152888935f914030a997fbd69","unsplash:photo-1742112125567-3e8967bad60f","196","true","Important content image","Missing distinct real replacement; inherited duplicate retained pending suitable photograph"
"/images/emitronix-logo.png","/ar/dubai-municipality-approval","header","card","emitronix-logo.png","1728","404","png","0c588c75d70f3ec952c8f687709cd1eb2fb573955d446b39d6f7a1c6c625e08d","/images/emitronix-logo","516","false","Logo/brand asset","Retain permitted shared brand/UI asset"
"/images/emitronix-logo.png","/ar/dubai-municipality-approval","امنح مشروعك القادم في دبي وضوحا هندسيا من البداية.","content image","emitronix-logo.png","1728","404","png","0c588c75d70f3ec952c8f687709cd1eb2fb573955d446b39d6f7a1c6c625e08d","/images/emitronix-logo","516","false","Logo/brand asset","Retain permitted shared brand/UI asset"
"/images/internal/architectural-drawing-review.webp","/ar/dubai-municipality-approval","موافقة بلدية دبي / تنسيق تصاريح البناء ومراجعة الرسومات والتفتيش والإكمال.","hero","architectural-drawing-review.webp","1920","2768","webp","0242bd81c319b862ae61dd9d38bc8e4d8212b5ba25e6907ca56c07b1bf998804","unsplash:photo-1608303588026-884930af2559","95","true","Important content image","Missing distinct real replacement; inherited duplicate retained pending suitable photograph"
"/images/project-authority-approvals-dubai.webp","/ar/dubai-municipality-approval","section / تنسيق تصاريح البناء ومراجعة الرسومات والتفتيش والإكمال.","card","project-authority-approvals-dubai.webp","1600","1067","webp","9e6a366db121844fa3314f16050b33b077dcbcad8db4e5e18f35732dd43d074e","unsplash:photo-1581674662583-5e89b374fae6","172","true","Important content image","Missing distinct real replacement; inherited duplicate retained pending suitable photograph"
"/images/internal/project-site-coordination.webp","/ar/dubai-municipality-approval","تنسيق تصاريح البناء ومراجعة الرسومات والتفتيش والإكمال. / تنسيق تصاريح البناء ومراجعة الرسومات والتفتيش والإكمال.","card","project-site-coordination.webp","1920","1280","webp","cd9197528dbb538734f8115efdca5952004cce0152888935f914030a997fbd69","unsplash:photo-1742112125567-3e8967bad60f","196","true","Important content image","Missing distinct real replacement; inherited duplicate retained pending suitable photograph"
"/images/sections/office-records-desk.webp","/ar/dubai-municipality-approval","ربط ملاحظات الجهة بتعديلات الاستشاري وجاهزية الموقع. / تنسيق تصاريح البناء ومراجعة الرسومات والتفتيش والإكمال.","card","office-records-desk.webp","1600","1068","webp","d6b58a32141aa1c8316b8d41b823e2e652c192a0875152e20590dd57092f2a82","pexels:8353764","50","true","Important content image","Missing distinct real replacement; inherited duplicate retained pending suitable photograph"
"/images/sections/document-binders.webp","/ar/dubai-municipality-approval","ملكية المحتوى والمراجعة / تنسيق تصاريح البناء ومراجعة الرسومات والتفتيش والإكمال.","card","document-binders.webp","1600","1067","webp","cfbbfadea410c6847c60cff1b15d76569906384ab19691d42f8c169d61ed9763","pexels:17018372","20","true","Important content image","Missing distinct real replacement; inherited duplicate retained pending suitable photograph"
"/images/emitronix-logo.png","/ar/emitronix-route-not-found","header","card","emitronix-logo.png","1728","404","png","0c588c75d70f3ec952c8f687709cd1eb2fb573955d446b39d6f7a1c6c625e08d","/images/emitronix-logo","516","false","Logo/brand asset","Retain permitted shared brand/UI asset"
"/images/emitronix-logo.png","/ar/emitronix-route-not-found","امنح مشروعك القادم في دبي وضوحا هندسيا من البداية.","content image","emitronix-logo.png","1728","404","png","0c588c75d70f3ec952c8f687709cd1eb2fb573955d446b39d6f7a1c6c625e08d","/images/emitronix-logo","516","false","Logo/brand asset","Retain permitted shared brand/UI asset"
"/images/emitronix-logo-reversed.png","/ar/emitronix-route-not-found","مسار المشروع المطلوب غير متاح.","hero","emitronix-logo-reversed.png","1728","404","png","0742d15f806a4bc97bc48d6c68c3291b30c11aaf4c2bfc91ad16d69bc54021d2","/images/emitronix-logo-reversed","3","false","Logo/brand asset","Retain permitted shared brand/UI asset"
"/images/sections/office-laptop-work.webp","/ar/emitronix-route-not-found","مسار المشروع المطلوب غير متاح.","hero","office-laptop-work.webp","1600","1068","webp","145108f209999b4cb37fa2cced6e3521eb3533fca56b6c9009cc13cceea76537","pexels:6405641","18","true","Important content image","Missing distinct real replacement; inherited duplicate retained pending suitable photograph"
"/images/sections/office-records-desk.webp","/ar/emitronix-route-not-found","Page content","section photograph","office-records-desk.webp","1600","1068","webp","d6b58a32141aa1c8316b8d41b823e2e652c192a0875152e20590dd57092f2a82","pexels:8353764","50","true","Important content image","Missing distinct real replacement; inherited duplicate retained pending suitable photograph"
"/images/sections/document-binders.webp","/ar/emitronix-route-not-found","Page content","section photograph","document-binders.webp","1600","1067","webp","cfbbfadea410c6847c60cff1b15d76569906384ab19691d42f8c169d61ed9763","pexels:17018372","20","true","Important content image","Missing distinct real replacement; inherited duplicate retained pending suitable photograph"
"/images/project-fit-out-dubai.webp","/ar/emitronix-route-not-found","Page content","section photograph","project-fit-out-dubai.webp","1600","2400","webp","1ffcf3a0a7a0010ba6f10d8815d80782638f64ae25a00052bdf62f5191c6dfe4","unsplash:photo-1771918050103-57b5de00d960","22","true","Important content image","Missing distinct real replacement; inherited duplicate retained pending suitable photograph"
"/images/project-authority-approvals-dubai.webp","/ar/emitronix-route-not-found","Page content","section photograph","project-authority-approvals-dubai.webp","1600","1067","webp","9e6a366db121844fa3314f16050b33b077dcbcad8db4e5e18f35732dd43d074e","unsplash:photo-1581674662583-5e89b374fae6","172","true","Important content image","Missing distinct real replacement; inherited duplicate retained pending suitable photograph"
"/images/emitronix-logo.png","/ar/guest-post","header","card","emitronix-logo.png","1728","404","png","0c588c75d70f3ec952c8f687709cd1eb2fb573955d446b39d6f7a1c6c625e08d","/images/emitronix-logo","516","false","Logo/brand asset","Retain permitted shared brand/UI asset"
"/images/emitronix-logo.png","/ar/guest-post","امنح مشروعك القادم في دبي وضوحا هندسيا من البداية.","content image","emitronix-logo.png","1728","404","png","0c588c75d70f3ec952c8f687709cd1eb2fb573955d446b39d6f7a1c6c625e08d","/images/emitronix-logo","516","false","Logo/brand asset","Retain permitted shared brand/UI asset"
"/images/generated/company/construction-technical-resources-dubai-hero-desktop.webp","/ar/guest-post","استفسارات مقالات الضيوف لموضوعات البناء والموافقات. / موضوعات عملية مرتبطة بالبناء في دبي.","hero","construction-technical-resources-dubai-hero-desktop.webp","1920","1080","webp","687ee7e61ebd0b48450bd9f53b571367cb29645016975e0b27674ba18704a4a9","/images/generated/company/construction-technical-resources-dubai-hero","6","true","Important content image","Reserve this source here; replace its other duplicated placements"
"/images/sections/office-laptop-work.webp","/ar/guest-post","section / موضوعات عملية مرتبطة بالبناء في دبي.","card","office-laptop-work.webp","1600","1068","webp","145108f209999b4cb37fa2cced6e3521eb3533fca56b6c9009cc13cceea76537","pexels:6405641","18","true","Important content image","Missing distinct real replacement; inherited duplicate retained pending suitable photograph"
"/images/sections/office-records-desk.webp","/ar/guest-post","موضوعات عملية مرتبطة بالبناء في دبي. / موضوعات عملية مرتبطة بالبناء في دبي.","card","office-records-desk.webp","1600","1068","webp","d6b58a32141aa1c8316b8d41b823e2e652c192a0875152e20590dd57092f2a82","pexels:8353764","50","true","Important content image","Missing distinct real replacement; inherited duplicate retained pending suitable photograph"
"/images/sections/document-binders.webp","/ar/guest-post","ملكية المحتوى والمراجعة / موضوعات عملية مرتبطة بالبناء في دبي.","card","document-binders.webp","1600","1067","webp","cfbbfadea410c6847c60cff1b15d76569906384ab19691d42f8c169d61ed9763","pexels:17018372","20","true","Important content image","Missing distinct real replacement; inherited duplicate retained pending suitable photograph"
"/images/project-fit-out-dubai.webp","/ar/guest-post","تحدث مع فريق Emitronix حول مشروعك في دبي. / موضوعات عملية مرتبطة بالبناء في دبي.","card","project-fit-out-dubai.webp","1600","2400","webp","1ffcf3a0a7a0010ba6f10d8815d80782638f64ae25a00052bdf62f5191c6dfe4","unsplash:photo-1771918050103-57b5de00d960","22","true","Important content image","Missing distinct real replacement; inherited duplicate retained pending suitable photograph"
"/images/emitronix-logo.png","/ar/html-sitemap","header","card","emitronix-logo.png","1728","404","png","0c588c75d70f3ec952c8f687709cd1eb2fb573955d446b39d6f7a1c6c625e08d","/images/emitronix-logo","516","false","Logo/brand asset","Retain permitted shared brand/UI asset"
"/images/emitronix-logo.png","/ar/html-sitemap","امنح مشروعك القادم في دبي وضوحا هندسيا من البداية.","content image","emitronix-logo.png","1728","404","png","0c588c75d70f3ec952c8f687709cd1eb2fb573955d446b39d6f7a1c6c625e08d","/images/emitronix-logo","516","false","Logo/brand asset","Retain permitted shared brand/UI asset"
"/images/generated/company/construction-technical-resources-dubai-hero-desktop.webp","/ar/html-sitemap","خريطة روابط Emitronix. / كل صفحات الموقع العربية.","hero","construction-technical-resources-dubai-hero-desktop.webp","1920","1080","webp","687ee7e61ebd0b48450bd9f53b571367cb29645016975e0b27674ba18704a4a9","/images/generated/company/construction-technical-resources-dubai-hero","6","true","Important content image","Missing distinct real replacement; inherited duplicate retained pending suitable photograph"
"/images/sections/office-laptop-work.webp","/ar/html-sitemap","section / كل صفحات الموقع العربية.","card","office-laptop-work.webp","1600","1068","webp","145108f209999b4cb37fa2cced6e3521eb3533fca56b6c9009cc13cceea76537","pexels:6405641","18","true","Important content image","Missing distinct real replacement; inherited duplicate retained pending suitable photograph"
"/images/sections/office-records-desk.webp","/ar/html-sitemap","كل صفحات الموقع العربية. / كل صفحات الموقع العربية.","card","office-records-desk.webp","1600","1068","webp","d6b58a32141aa1c8316b8d41b823e2e652c192a0875152e20590dd57092f2a82","pexels:8353764","50","true","Important content image","Missing distinct real replacement; inherited duplicate retained pending suitable photograph"
"/images/sections/document-binders.webp","/ar/html-sitemap","ملكية المحتوى والمراجعة / كل صفحات الموقع العربية.","card","document-binders.webp","1600","1067","webp","cfbbfadea410c6847c60cff1b15d76569906384ab19691d42f8c169d61ed9763","pexels:17018372","20","true","Important content image","Missing distinct real replacement; inherited duplicate retained pending suitable photograph"
"/images/project-fit-out-dubai.webp","/ar/html-sitemap","تحدث مع فريق Emitronix حول مشروعك في دبي. / كل صفحات الموقع العربية.","card","project-fit-out-dubai.webp","1600","2400","webp","1ffcf3a0a7a0010ba6f10d8815d80782638f64ae25a00052bdf62f5191c6dfe4","unsplash:photo-1771918050103-57b5de00d960","22","true","Important content image","Missing distinct real replacement; inherited duplicate retained pending suitable photograph"
"/images/emitronix-logo.png","/ar/industrial-buildings","header","card","emitronix-logo.png","1728","404","png","0c588c75d70f3ec952c8f687709cd1eb2fb573955d446b39d6f7a1c6c625e08d","/images/emitronix-logo","516","false","Logo/brand asset","Retain permitted shared brand/UI asset"
"/images/emitronix-logo.png","/ar/industrial-buildings","امنح مشروعك القادم في دبي وضوحا هندسيا من البداية.","content image","emitronix-logo.png","1728","404","png","0c588c75d70f3ec952c8f687709cd1eb2fb573955d446b39d6f7a1c6c625e08d","/images/emitronix-logo","516","false","Logo/brand asset","Retain permitted shared brand/UI asset"
"/images/internal/industrial-steel-roof.webp","/ar/industrial-buildings","المباني الصناعية في دبي / تخطيط للمصانع والورش والمرافق اللوجستية والتشغيلية.","hero","industrial-steel-roof.webp","1920","1280","webp","4af6a0eb63cd82e853bc16e10c68342823c19ecca46e608b0c58b793e26760bb","unsplash:photo-1662120399978-738d233edbec","98","true","Important content image","Missing distinct real replacement; inherited duplicate retained pending suitable photograph"
"/images/internal/warehouse-steel-frame.webp","/ar/industrial-buildings","section / تخطيط للمصانع والورش والمرافق اللوجستية والتشغيلية.","card","warehouse-steel-frame.webp","1920","1280","webp","920e4d7fafb7e3555576560f936b0f2ab05a5ecc92eafcdc9951574cf34ae91f","unsplash:photo-1649587345666-0f4ad68aa723","19","true","Important content image","Missing distinct real replacement; inherited duplicate retained pending suitable photograph"
"/images/internal/architectural-drawing-review.webp","/ar/industrial-buildings","تخطيط للمصانع والورش والمرافق اللوجستية والتشغيلية. / تخطيط للمصانع والورش والمرافق اللوجستية والتشغيلية.","card","architectural-drawing-review.webp","1920","2768","webp","0242bd81c319b862ae61dd9d38bc8e4d8212b5ba25e6907ca56c07b1bf998804","unsplash:photo-1608303588026-884930af2559","95","true","Important content image","Missing distinct real replacement; inherited duplicate retained pending suitable photograph"
"/images/internal/project-site-coordination.webp","/ar/industrial-buildings","برنامج يراعي الوصول الآمن والتوريد والتفتيش والتشغيل. / تخطيط للمصانع والورش والمرافق اللوجستية والتشغيلية.","card","project-site-coordination.webp","1920","1280","webp","cd9197528dbb538734f8115efdca5952004cce0152888935f914030a997fbd69","unsplash:photo-1742112125567-3e8967bad60f","196","true","Important content image","Missing distinct real replacement; inherited duplicate retained pending suitable photograph"
"/images/internal/structural-reinforcement.webp","/ar/industrial-buildings","ملكية المحتوى والمراجعة / تخطيط للمصانع والورش والمرافق اللوجستية والتشغيلية.","card","structural-reinforcement.webp","1920","1275","webp","ef49d14a5548ad6335c818120ca1dcba48521e82a503fc9ec30d0a2ce43c9527","unsplash:photo-1768677903496-becc4be07258","13","true","Important content image","Missing distinct real replacement; inherited duplicate retained pending suitable photograph"
"/images/emitronix-logo.png","/ar/industries","header","card","emitronix-logo.png","1728","404","png","0c588c75d70f3ec952c8f687709cd1eb2fb573955d446b39d6f7a1c6c625e08d","/images/emitronix-logo","516","false","Logo/brand asset","Retain permitted shared brand/UI asset"
"/images/emitronix-logo.png","/ar/industries","امنح مشروعك القادم في دبي وضوحا هندسيا من البداية.","content image","emitronix-logo.png","1728","404","png","0c588c75d70f3ec952c8f687709cd1eb2fb573955d446b39d6f7a1c6c625e08d","/images/emitronix-logo","516","false","Logo/brand asset","Retain permitted shared brand/UI asset"
"/images/generated/company/dubai-construction-industries-hero-desktop.webp","/ar/industries","دعم مقاولات لقطاعات الفلل والمستودعات والمباني التجارية. / كل قطاع يحتاج تسلسلا واضحا للموقع والموافقات والتسليم.","hero","dubai-construction-industries-hero-desktop.webp","1920","1080","webp","8929c2569173195bebc99b9d3162b2787a51d53390daad111c7a19fa6cb77894","/images/generated/company/dubai-construction-industries-hero","2","true","Important content image","Reserve this source here; replace its other duplicated placements"
"/images/project-civil-works-dubai.webp","/ar/industries","section / كل قطاع يحتاج تسلسلا واضحا للموقع والموافقات والتسليم.","card","project-civil-works-dubai.webp","1600","900","webp","2fa083758c877bf924e39e85e8b4fd9ac01928098c8cf8e29bf9e38f15241774","unsplash:photo-1504307651254-35680f356dfd","16","true","Important content image","Missing distinct real replacement; inherited duplicate retained pending suitable photograph"
"/images/project-authority-approvals-dubai.webp","/ar/industries","كل قطاع يحتاج تسلسلا واضحا للموقع والموافقات والتسليم. / كل قطاع يحتاج تسلسلا واضحا للموقع والموافقات والتسليم.","card","project-authority-approvals-dubai.webp","1600","1067","webp","9e6a366db121844fa3314f16050b33b077dcbcad8db4e5e18f35732dd43d074e","unsplash:photo-1581674662583-5e89b374fae6","172","true","Important content image","Missing distinct real replacement; inherited duplicate retained pending suitable photograph"
"/images/internal/project-site-coordination.webp","/ar/industries","ملكية المحتوى والمراجعة / كل قطاع يحتاج تسلسلا واضحا للموقع والموافقات والتسليم.","card","project-site-coordination.webp","1920","1280","webp","cd9197528dbb538734f8115efdca5952004cce0152888935f914030a997fbd69","unsplash:photo-1742112125567-3e8967bad60f","196","true","Important content image","Missing distinct real replacement; inherited duplicate retained pending suitable photograph"
"/images/project-office-fit-out-dubai.webp","/ar/industries","تحدث مع فريق Emitronix حول مشروعك في دبي. / كل قطاع يحتاج تسلسلا واضحا للموقع والموافقات والتسليم.","card","project-office-fit-out-dubai.webp","1600","1067","webp","8da3f6a2e8cd71f69f0517194f7161c30201c1cd8a191248107778a771e6b1c9","unsplash:photo-1504297050568-910d24c426d3","22","true","Important content image","Missing distinct real replacement; inherited duplicate retained pending suitable photograph"
"/images/emitronix-logo.png","/ar/interior","header","card","emitronix-logo.png","1728","404","png","0c588c75d70f3ec952c8f687709cd1eb2fb573955d446b39d6f7a1c6c625e08d","/images/emitronix-logo","516","false","Logo/brand asset","Retain permitted shared brand/UI asset"
"/images/emitronix-logo.png","/ar/interior","امنح مشروعك القادم في دبي وضوحا هندسيا من البداية.","content image","emitronix-logo.png","1728","404","png","0c588c75d70f3ec952c8f687709cd1eb2fb573955d446b39d6f7a1c6c625e08d","/images/emitronix-logo","516","false","Logo/brand asset","Retain permitted shared brand/UI asset"
"/images/project-office-fit-out-dubai.webp","/ar/interior","أعمال التصميم والتنفيذ الداخلي في دبي / مساحات داخلية للمكاتب والتجزئة والضيافة وصالات العرض والفلل.","hero","project-office-fit-out-dubai.webp","1600","1067","webp","8da3f6a2e8cd71f69f0517194f7161c30201c1cd8a191248107778a771e6b1c9","unsplash:photo-1504297050568-910d24c426d3","22","true","Important content image","Missing distinct real replacement; inherited duplicate retained pending suitable photograph"
"/images/internal/architectural-drawing-review.webp","/ar/interior","section / مساحات داخلية للمكاتب والتجزئة والضيافة وصالات العرض والفلل.","card","architectural-drawing-review.webp","1920","2768","webp","0242bd81c319b862ae61dd9d38bc8e4d8212b5ba25e6907ca56c07b1bf998804","unsplash:photo-1608303588026-884930af2559","95","true","Important content image","Missing distinct real replacement; inherited duplicate retained pending suitable photograph"
"/images/project-mep-coordination-dubai.webp","/ar/interior","مساحات داخلية للمكاتب والتجزئة والضيافة وصالات العرض والفلل. / مساحات داخلية للمكاتب والتجزئة والضيافة وصالات العرض والفلل.","card","project-mep-coordination-dubai.webp","1600","1067","webp","43d0c568cd1d56ff412d73507931d1a606c38601caed94d7db5377f05003b49d","unsplash:photo-1778514825784-0659eaf8e7a2","27","true","Important content image","Missing distinct real replacement; inherited duplicate retained pending suitable photograph"
"/images/internal/project-site-coordination.webp","/ar/interior","معالجة الملاحظات وإغلاق متطلبات المالك والجهات. / مساحات داخلية للمكاتب والتجزئة والضيافة وصالات العرض والفلل.","card","project-site-coordination.webp","1920","1280","webp","cd9197528dbb538734f8115efdca5952004cce0152888935f914030a997fbd69","unsplash:photo-1742112125567-3e8967bad60f","196","true","Important content image","Missing distinct real replacement; inherited duplicate retained pending suitable photograph"
"/images/internal/commercial-office-corridor.webp","/ar/interior","ملكية المحتوى والمراجعة / مساحات داخلية للمكاتب والتجزئة والضيافة وصالات العرض والفلل.","card","commercial-office-corridor.webp","1920","2560","webp","78a004e02d4054133c80f35ee7dc7ffd9bc7f0a4597760de266709ccb97a6ec7","unsplash:photo-1554232456-8727aae0cfa4","4","true","Important content image","Missing distinct real replacement; inherited duplicate retained pending suitable photograph"
"/images/emitronix-logo.png","/ar/main-contracting","header","card","emitronix-logo.png","1728","404","png","0c588c75d70f3ec952c8f687709cd1eb2fb573955d446b39d6f7a1c6c625e08d","/images/emitronix-logo","516","false","Logo/brand asset","Retain permitted shared brand/UI asset"
"/images/emitronix-logo.png","/ar/main-contracting","امنح مشروعك القادم في دبي وضوحا هندسيا من البداية.","content image","emitronix-logo.png","1728","404","png","0c588c75d70f3ec952c8f687709cd1eb2fb573955d446b39d6f7a1c6c625e08d","/images/emitronix-logo","516","false","Logo/brand asset","Retain permitted shared brand/UI asset"
"/images/about-civil-works-dubai.webp","/ar/main-contracting","المقاولات الرئيسية في دبي / تنسيق واحد للأعمال المدنية والإنشائية وMEP والتشطيبات.","hero","about-civil-works-dubai.webp","1600","1067","webp","b4d5719f34c7a9ea5266cdf489cdcd23144d511d0737398104222f6c4fe04583","unsplash:photo-1742112125630-dd2955dd6120","11","true","Important content image","Missing distinct real replacement; inherited duplicate retained pending suitable photograph"
"/images/about-construction-coordination-dubai.webp","/ar/main-contracting","section / تنسيق واحد للأعمال المدنية والإنشائية وMEP والتشطيبات.","card","about-construction-coordination-dubai.webp","1600","2133","webp","32b588327dd59d767b594c70a5c01e868abc9f1e34c413fb6a5e497734902e53","unsplash:photo-1626885930974-4b69aa21bbf9","11","true","Important content image","Missing distinct real replacement; inherited duplicate retained pending suitable photograph"
"/images/project-authority-approvals-dubai.webp","/ar/main-contracting","تنسيق واحد للأعمال المدنية والإنشائية وMEP والتشطيبات. / تنسيق واحد للأعمال المدنية والإنشائية وMEP والتشطيبات.","card","project-authority-approvals-dubai.webp","1600","1067","webp","9e6a366db121844fa3314f16050b33b077dcbcad8db4e5e18f35732dd43d074e","unsplash:photo-1581674662583-5e89b374fae6","172","true","Important content image","Missing distinct real replacement; inherited duplicate retained pending suitable photograph"
"/images/internal/architectural-drawing-review.webp","/ar/main-contracting","التفتيش وإغلاق الملاحظات وأدلة الإكمال عناصر مخططة. / تنسيق واحد للأعمال المدنية والإنشائية وMEP والتشطيبات.","card","architectural-drawing-review.webp","1920","2768","webp","0242bd81c319b862ae61dd9d38bc8e4d8212b5ba25e6907ca56c07b1bf998804","unsplash:photo-1608303588026-884930af2559","95","true","Important content image","Missing distinct real replacement; inherited duplicate retained pending suitable photograph"
"/images/internal/project-site-coordination.webp","/ar/main-contracting","ملكية المحتوى والمراجعة / تنسيق واحد للأعمال المدنية والإنشائية وMEP والتشطيبات.","card","project-site-coordination.webp","1920","1280","webp","cd9197528dbb538734f8115efdca5952004cce0152888935f914030a997fbd69","unsplash:photo-1742112125567-3e8967bad60f","196","true","Important content image","Missing distinct real replacement; inherited duplicate retained pending suitable photograph"
"/images/emitronix-logo.png","/ar/project-management","header","card","emitronix-logo.png","1728","404","png","0c588c75d70f3ec952c8f687709cd1eb2fb573955d446b39d6f7a1c6c625e08d","/images/emitronix-logo","516","false","Logo/brand asset","Retain permitted shared brand/UI asset"
"/images/emitronix-logo.png","/ar/project-management","امنح مشروعك القادم في دبي وضوحا هندسيا من البداية.","content image","emitronix-logo.png","1728","404","png","0c588c75d70f3ec952c8f687709cd1eb2fb573955d446b39d6f7a1c6c625e08d","/images/emitronix-logo","516","false","Logo/brand asset","Retain permitted shared brand/UI asset"
"/images/internal/project-site-coordination.webp","/ar/project-management","إدارة المشاريع في دبي / تحويل النطاق والبرنامج والمستندات إلى قائمة إجراءات قابلة للمتابعة.","hero","project-site-coordination.webp","1920","1280","webp","cd9197528dbb538734f8115efdca5952004cce0152888935f914030a997fbd69","unsplash:photo-1742112125567-3e8967bad60f","196","true","Important content image","Missing distinct real replacement; inherited duplicate retained pending suitable photograph"
"/images/about-construction-coordination-dubai.webp","/ar/project-management","section / تحويل النطاق والبرنامج والمستندات إلى قائمة إجراءات قابلة للمتابعة.","card","about-construction-coordination-dubai.webp","1600","2133","webp","32b588327dd59d767b594c70a5c01e868abc9f1e34c413fb6a5e497734902e53","unsplash:photo-1626885930974-4b69aa21bbf9","11","true","Important content image","Missing distinct real replacement; inherited duplicate retained pending suitable photograph"
"/images/project-authority-approvals-dubai.webp","/ar/project-management","تحويل النطاق والبرنامج والمستندات إلى قائمة إجراءات قابلة للمتابعة. / تحويل النطاق والبرنامج والمستندات إلى قائمة إجراءات قابلة للمتابعة.","card","project-authority-approvals-dubai.webp","1600","1067","webp","9e6a366db121844fa3314f16050b33b077dcbcad8db4e5e18f35732dd43d074e","unsplash:photo-1581674662583-5e89b374fae6","172","true","Important content image","Missing distinct real replacement; inherited duplicate retained pending suitable photograph"
"/images/about-civil-works-dubai.webp","/ar/project-management","متابعة التفتيش وإغلاق الملاحظات والمستندات قبل ضغط النهاية. / تحويل النطاق والبرنامج والمستندات إلى قائمة إجراءات قابلة للمتابعة.","card","about-civil-works-dubai.webp","1600","1067","webp","b4d5719f34c7a9ea5266cdf489cdcd23144d511d0737398104222f6c4fe04583","unsplash:photo-1742112125630-dd2955dd6120","11","true","Important content image","Missing distinct real replacement; inherited duplicate retained pending suitable photograph"
"/images/internal/architectural-drawing-review.webp","/ar/project-management","ملكية المحتوى والمراجعة / تحويل النطاق والبرنامج والمستندات إلى قائمة إجراءات قابلة للمتابعة.","card","architectural-drawing-review.webp","1920","2768","webp","0242bd81c319b862ae61dd9d38bc8e4d8212b5ba25e6907ca56c07b1bf998804","unsplash:photo-1608303588026-884930af2559","95","true","Important content image","Missing distinct real replacement; inherited duplicate retained pending suitable photograph"
"/images/emitronix-logo.png","/ar/projects","header","card","emitronix-logo.png","1728","404","png","0c588c75d70f3ec952c8f687709cd1eb2fb573955d446b39d6f7a1c6c625e08d","/images/emitronix-logo","516","false","Logo/brand asset","Retain permitted shared brand/UI asset"
"/images/emitronix-logo.png","/ar/projects","امنح مشروعك القادم في دبي وضوحا هندسيا من البداية.","content image","emitronix-logo.png","1728","404","png","0c588c75d70f3ec952c8f687709cd1eb2fb573955d446b39d6f7a1c6c625e08d","/images/emitronix-logo","516","false","Logo/brand asset","Retain permitted shared brand/UI asset"
"/images/generated/projects/portfolio-planning-dubai-hero-desktop.webp","/ar/projects","سيناريوهات توضيحية لتخطيط نطاق أعمال البناء في دبي. / مكتبة توضيحية لتنظيم متطلبات الموقع والجهات والتسليم.","hero","portfolio-planning-dubai-hero-desktop.webp","1920","1080","webp","b1871ea9eebe6066729f2daa0cd405434dbf7064add09356529d188ab2875c60","/images/generated/projects/portfolio-planning-dubai-hero","2","true","Important content image","Reserve this source here; replace its other duplicated placements"
"/images/generated/projects/villa-renovation-planning-dubai-desktop.webp","/ar/projects","مكتبة توضيحية لتنظيم متطلبات الموقع والجهات والتسليم. / سيناريو تخطيط تجديد فيلا في دبي","card","villa-renovation-planning-dubai-desktop.webp","1600","1067","webp","b60289583df76f7d68ee603b8cf0eeed30fb9bec801c2aac391d588008d799cb","/images/generated/projects/villa-renovation-planning-dubai","2","true","Important content image","Reserve this source here; replace its other duplicated placements"
"/images/generated/projects/warehouse-civil-mep-upgrade-planning-dubai-desktop.webp","/ar/projects","مكتبة توضيحية لتنظيم متطلبات الموقع والجهات والتسليم. / سيناريو تخطيط أعمال مدنية وMEP لمستودع","card","warehouse-civil-mep-upgrade-planning-dubai-desktop.webp","1600","1067","webp","be6af4c841edae8c2caad3a5edf5b954011f9371a3c0538070b66826271be18d","/images/generated/projects/warehouse-civil-mep-upgrade-planning-dubai","2","true","Important content image","Reserve this source here; replace its other duplicated placements"
"/images/generated/projects/commercial-office-fit-out-planning-dubai-desktop.webp","/ar/projects","مكتبة توضيحية لتنظيم متطلبات الموقع والجهات والتسليم. / سيناريو تخطيط تشطيبات مكتب تجاري","card","commercial-office-fit-out-planning-dubai-desktop.webp","1600","1067","webp","2b1a2609de1d9697b44022814f15fb329a8928f772eaee3488c3cff98c38c7a0","/images/generated/projects/commercial-office-fit-out-planning-dubai","2","true","Important content image","Reserve this source here; replace its other duplicated placements"
"/images/generated/projects/building-maintenance-inspection-planning-dubai-desktop.webp","/ar/projects","مكتبة توضيحية لتنظيم متطلبات الموقع والجهات والتسليم. / سيناريو تخطيط صيانة مبنى تجاري","card","building-maintenance-inspection-planning-dubai-desktop.webp","1600","1067","webp","bf46dc62824a478ef4ad44e1f0948768241299064b9d57a1cfb2caf0087ec3c6","/images/generated/projects/building-maintenance-inspection-planning-dubai","2","true","Important content image","Reserve this source here; replace its other duplicated placements"
"/images/generated/projects/utility-approval-coordination-planning-dubai-desktop.webp","/ar/projects","مكتبة توضيحية لتنظيم متطلبات الموقع والجهات والتسليم. / سيناريو تنسيق موافقات خدمات المرافق","card","utility-approval-coordination-planning-dubai-desktop.webp","1600","1067","webp","d2a9761c872e7652d86e1f832b0f637372daa1ce4ffc809b7d23e63b9efc4cbf","/images/generated/projects/utility-approval-coordination-planning-dubai","2","true","Important content image","Reserve this source here; replace its other duplicated placements"
"/images/generated/projects/retail-renovation-planning-dubai-desktop.webp","/ar/projects","مكتبة توضيحية لتنظيم متطلبات الموقع والجهات والتسليم. / سيناريو تخطيط تجديد مساحة تجزئة","card","retail-renovation-planning-dubai-desktop.webp","1600","1067","webp","ac8c5a40cf1fa4ac01b1b625a14838d308365d687bdafce9cd6bdb65d8ed0d75","/images/generated/projects/retail-renovation-planning-dubai","2","true","Important content image","Reserve this source here; replace its other duplicated placements"
"/images/generated/projects/industrial-facility-modification-planning-dubai-desktop.webp","/ar/projects","مكتبة توضيحية لتنظيم متطلبات الموقع والجهات والتسليم. / سيناريو تخطيط تعديل منشأة صناعية","card","industrial-facility-modification-planning-dubai-desktop.webp","1600","1067","webp","d2144b0a76643b22dd6f8c364de79d8c1cd57e58c0f8dcdf7c4d2bbe9d75b505","/images/generated/projects/industrial-facility-modification-planning-dubai","2","true","Important content image","Reserve this source here; replace its other duplicated placements"
"/images/generated/projects/mep-interface-coordination-planning-dubai-desktop.webp","/ar/projects","مكتبة توضيحية لتنظيم متطلبات الموقع والجهات والتسليم. / سيناريو تنسيق واجهات أعمال MEP","card","mep-interface-coordination-planning-dubai-desktop.webp","1600","1067","webp","f87653c89f21b2358cb28e761d1e968b2ec3a4b0ae1ccfa3f87befc141c1565a","/images/generated/projects/mep-interface-coordination-planning-dubai","2","true","Important content image","Reserve this source here; replace its other duplicated placements"
"/images/generated/projects/authority-noc-coordination-planning-dubai-desktop.webp","/ar/projects","مكتبة توضيحية لتنظيم متطلبات الموقع والجهات والتسليم. / سيناريو تنسيق موافقات الجهات وNOC","card","authority-noc-coordination-planning-dubai-desktop.webp","1600","1067","webp","47a2ce6bd2991096cb1baefa70915015a6345a9034c6ab454cc5ea774a3eead5","/images/generated/projects/authority-noc-coordination-planning-dubai","2","true","Important content image","Reserve this source here; replace its other duplicated placements"
"/images/emitronix-logo.png","/ar/resources","header","card","emitronix-logo.png","1728","404","png","0c588c75d70f3ec952c8f687709cd1eb2fb573955d446b39d6f7a1c6c625e08d","/images/emitronix-logo","516","false","Logo/brand asset","Retain permitted shared brand/UI asset"
"/images/emitronix-logo.png","/ar/resources","امنح مشروعك القادم في دبي وضوحا هندسيا من البداية.","content image","emitronix-logo.png","1728","404","png","0c588c75d70f3ec952c8f687709cd1eb2fb573955d446b39d6f7a1c6c625e08d","/images/emitronix-logo","516","false","Logo/brand asset","Retain permitted shared brand/UI asset"
"/images/generated/company/construction-technical-resources-dubai-hero-desktop.webp","/ar/resources","موارد تساعدك على تجهيز متطلبات المشروع. / ابدأ من نقطة المشكلة التي تحتاج حلها.","hero","construction-technical-resources-dubai-hero-desktop.webp","1920","1080","webp","687ee7e61ebd0b48450bd9f53b571367cb29645016975e0b27674ba18704a4a9","/images/generated/company/construction-technical-resources-dubai-hero","6","true","Important content image","Missing distinct real replacement; inherited duplicate retained pending suitable photograph"
"/images/project-civil-works-dubai.webp","/ar/resources","section / ابدأ من نقطة المشكلة التي تحتاج حلها.","card","project-civil-works-dubai.webp","1600","900","webp","2fa083758c877bf924e39e85e8b4fd9ac01928098c8cf8e29bf9e38f15241774","unsplash:photo-1504307651254-35680f356dfd","16","true","Important content image","Missing distinct real replacement; inherited duplicate retained pending suitable photograph"
"/images/project-authority-approvals-dubai.webp","/ar/resources","ابدأ من نقطة المشكلة التي تحتاج حلها. / ابدأ من نقطة المشكلة التي تحتاج حلها.","card","project-authority-approvals-dubai.webp","1600","1067","webp","9e6a366db121844fa3314f16050b33b077dcbcad8db4e5e18f35732dd43d074e","unsplash:photo-1581674662583-5e89b374fae6","172","true","Important content image","Missing distinct real replacement; inherited duplicate retained pending suitable photograph"
"/images/internal/project-site-coordination.webp","/ar/resources","ملكية المحتوى والمراجعة / ابدأ من نقطة المشكلة التي تحتاج حلها.","card","project-site-coordination.webp","1920","1280","webp","cd9197528dbb538734f8115efdca5952004cce0152888935f914030a997fbd69","unsplash:photo-1742112125567-3e8967bad60f","196","true","Important content image","Missing distinct real replacement; inherited duplicate retained pending suitable photograph"
"/images/project-office-fit-out-dubai.webp","/ar/resources","تحدث مع فريق Emitronix حول مشروعك في دبي. / ابدأ من نقطة المشكلة التي تحتاج حلها.","card","project-office-fit-out-dubai.webp","1600","1067","webp","8da3f6a2e8cd71f69f0517194f7161c30201c1cd8a191248107778a771e6b1c9","unsplash:photo-1504297050568-910d24c426d3","22","true","Important content image","Missing distinct real replacement; inherited duplicate retained pending suitable photograph"
"/images/emitronix-logo.png","/ar/rta-approval","header","card","emitronix-logo.png","1728","404","png","0c588c75d70f3ec952c8f687709cd1eb2fb573955d446b39d6f7a1c6c625e08d","/images/emitronix-logo","516","false","Logo/brand asset","Retain permitted shared brand/UI asset"
"/images/emitronix-logo.png","/ar/rta-approval","امنح مشروعك القادم في دبي وضوحا هندسيا من البداية.","content image","emitronix-logo.png","1728","404","png","0c588c75d70f3ec952c8f687709cd1eb2fb573955d446b39d6f7a1c6c625e08d","/images/emitronix-logo","516","false","Logo/brand asset","Retain permitted shared brand/UI asset"
"/images/internal/roadworks-asphalt.webp","/ar/rta-approval","موافقة هيئة الطرق والمواصلات / تحديد أثر المشروع في الوصول والحركة ومناطق العمل واللوجستيات.","hero","roadworks-asphalt.webp","1920","1280","webp","fb2594fe62c0d3fe984bddfa5bd0a5bcd5cc5ffb98b723298954898d9a7fa07e","pexels:4575148","2","true","Important content image","Reserve this source here; replace its other duplicated placements"
"/images/internal/architectural-drawing-review.webp","/ar/rta-approval","section / تحديد أثر المشروع في الوصول والحركة ومناطق العمل واللوجستيات.","card","architectural-drawing-review.webp","1920","2768","webp","0242bd81c319b862ae61dd9d38bc8e4d8212b5ba25e6907ca56c07b1bf998804","unsplash:photo-1608303588026-884930af2559","95","true","Important content image","Missing distinct real replacement; inherited duplicate retained pending suitable photograph"
"/images/civil-contractor-dubai-construction-site.webp","/ar/rta-approval","تحديد أثر المشروع في الوصول والحركة ومناطق العمل واللوجستيات. / تحديد أثر المشروع في الوصول والحركة ومناطق العمل واللوجستيات.","card","civil-contractor-dubai-construction-site.webp","900","540","webp","284f2e21bc038689c02e9cb8e7b71ecf72e6e01f6dc6bf6bafafdb95a7d0fe4a","unsplash:photo-1541888946425-d81bb19240f5","16","true","Important content image","Missing distinct real replacement; inherited duplicate retained pending suitable photograph"
"/images/internal/project-site-coordination.webp","/ar/rta-approval","تنسيق التعليقات والتعديلات والإغلاق مع خطة الموقع. / تحديد أثر المشروع في الوصول والحركة ومناطق العمل واللوجستيات.","card","project-site-coordination.webp","1920","1280","webp","cd9197528dbb538734f8115efdca5952004cce0152888935f914030a997fbd69","unsplash:photo-1742112125567-3e8967bad60f","196","true","Important content image","Missing distinct real replacement; inherited duplicate retained pending suitable photograph"
"/images/project-authority-approvals-dubai.webp","/ar/rta-approval","ملكية المحتوى والمراجعة / تحديد أثر المشروع في الوصول والحركة ومناطق العمل واللوجستيات.","card","project-authority-approvals-dubai.webp","1600","1067","webp","9e6a366db121844fa3314f16050b33b077dcbcad8db4e5e18f35732dd43d074e","unsplash:photo-1581674662583-5e89b374fae6","172","true","Important content image","Missing distinct real replacement; inherited duplicate retained pending suitable photograph"
"/images/emitronix-logo.png","/ar/services","header","card","emitronix-logo.png","1728","404","png","0c588c75d70f3ec952c8f687709cd1eb2fb573955d446b39d6f7a1c6c625e08d","/images/emitronix-logo","516","false","Logo/brand asset","Retain permitted shared brand/UI asset"
"/images/emitronix-logo.png","/ar/services","امنح مشروعك القادم في دبي وضوحا هندسيا من البداية.","content image","emitronix-logo.png","1728","404","png","0c588c75d70f3ec952c8f687709cd1eb2fb573955d446b39d6f7a1c6c625e08d","/images/emitronix-logo","516","false","Logo/brand asset","Retain permitted shared brand/UI asset"
"/images/generated/services/construction-services-dubai-hero-desktop.webp","/ar/services","منصة مقاولات متكاملة لمشاريع دبي. / أعمال مدنية، مقاولات رئيسية، مستودعات، فلل وتشطيبات ضمن مسار واحد.","hero","construction-services-dubai-hero-desktop.webp","1920","1080","webp","6c5b7493bdf0897a531c189f3edfbaae47978550b6eb6771a662b4c6485f791a","/images/generated/services/construction-services-dubai-hero","2","true","Important content image","Reserve this source here; replace its other duplicated placements"
"/images/project-civil-works-dubai.webp","/ar/services","section / أعمال مدنية، مقاولات رئيسية، مستودعات، فلل وتشطيبات ضمن مسار واحد.","card","project-civil-works-dubai.webp","1600","900","webp","2fa083758c877bf924e39e85e8b4fd9ac01928098c8cf8e29bf9e38f15241774","unsplash:photo-1504307651254-35680f356dfd","16","true","Important content image","Missing distinct real replacement; inherited duplicate retained pending suitable photograph"
"/images/project-authority-approvals-dubai.webp","/ar/services","أعمال مدنية، مقاولات رئيسية، مستودعات، فلل وتشطيبات ضمن مسار واحد. / أعمال مدنية، مقاولات رئيسية، مستودعات، فلل وتشطيبات ضمن مسار واحد.","card","project-authority-approvals-dubai.webp","1600","1067","webp","9e6a366db121844fa3314f16050b33b077dcbcad8db4e5e18f35732dd43d074e","unsplash:photo-1581674662583-5e89b374fae6","172","true","Important content image","Missing distinct real replacement; inherited duplicate retained pending suitable photograph"
"/images/internal/project-site-coordination.webp","/ar/services","خدمات موافقات الجهات مدمجة في تخطيط المشروع. / أعمال مدنية، مقاولات رئيسية، مستودعات، فلل وتشطيبات ضمن مسار واحد.","card","project-site-coordination.webp","1920","1280","webp","cd9197528dbb538734f8115efdca5952004cce0152888935f914030a997fbd69","unsplash:photo-1742112125567-3e8967bad60f","196","true","Important content image","Missing distinct real replacement; inherited duplicate retained pending suitable photograph"
"/images/project-office-fit-out-dubai.webp","/ar/services","ملكية المحتوى والمراجعة / أعمال مدنية، مقاولات رئيسية، مستودعات، فلل وتشطيبات ضمن مسار واحد.","card","project-office-fit-out-dubai.webp","1600","1067","webp","8da3f6a2e8cd71f69f0517194f7161c30201c1cd8a191248107778a771e6b1c9","unsplash:photo-1504297050568-910d24c426d3","22","true","Important content image","Missing distinct real replacement; inherited duplicate retained pending suitable photograph"
"/images/emitronix-logo.png","/ar/structural-works","header","card","emitronix-logo.png","1728","404","png","0c588c75d70f3ec952c8f687709cd1eb2fb573955d446b39d6f7a1c6c625e08d","/images/emitronix-logo","516","false","Logo/brand asset","Retain permitted shared brand/UI asset"
"/images/emitronix-logo.png","/ar/structural-works","امنح مشروعك القادم في دبي وضوحا هندسيا من البداية.","content image","emitronix-logo.png","1728","404","png","0c588c75d70f3ec952c8f687709cd1eb2fb573955d446b39d6f7a1c6c625e08d","/images/emitronix-logo","516","false","Logo/brand asset","Retain permitted shared brand/UI asset"
"/images/internal/structural-reinforcement.webp","/ar/structural-works","الأعمال الإنشائية في دبي / خرسانة وحديد وتقوية وتعديلات إنشائية للمباني القائمة والجديدة.","hero","structural-reinforcement.webp","1920","1275","webp","ef49d14a5548ad6335c818120ca1dcba48521e82a503fc9ec30d0a2ce43c9527","unsplash:photo-1768677903496-becc4be07258","13","true","Important content image","Missing distinct real replacement; inherited duplicate retained pending suitable photograph"
"/images/civil-contractor-dubai-construction-site.webp","/ar/structural-works","section / خرسانة وحديد وتقوية وتعديلات إنشائية للمباني القائمة والجديدة.","card","civil-contractor-dubai-construction-site.webp","900","540","webp","284f2e21bc038689c02e9cb8e7b71ecf72e6e01f6dc6bf6bafafdb95a7d0fe4a","unsplash:photo-1541888946425-d81bb19240f5","16","true","Important content image","Missing distinct real replacement; inherited duplicate retained pending suitable photograph"
"/images/internal/architectural-drawing-review.webp","/ar/structural-works","خرسانة وحديد وتقوية وتعديلات إنشائية للمباني القائمة والجديدة. / خرسانة وحديد وتقوية وتعديلات إنشائية للمباني القائمة والجديدة.","card","architectural-drawing-review.webp","1920","2768","webp","0242bd81c319b862ae61dd9d38bc8e4d8212b5ba25e6907ca56c07b1bf998804","unsplash:photo-1608303588026-884930af2559","95","true","Important content image","Missing distinct real replacement; inherited duplicate retained pending suitable photograph"
"/images/internal/project-site-coordination.webp","/ar/structural-works","تسلسل هندسي يحافظ على وضوح الفحص والمسؤولية. / خرسانة وحديد وتقوية وتعديلات إنشائية للمباني القائمة والجديدة.","card","project-site-coordination.webp","1920","1280","webp","cd9197528dbb538734f8115efdca5952004cce0152888935f914030a997fbd69","unsplash:photo-1742112125567-3e8967bad60f","196","true","Important content image","Missing distinct real replacement; inherited duplicate retained pending suitable photograph"
"/images/project-civil-works-dubai.webp","/ar/structural-works","ملكية المحتوى والمراجعة / خرسانة وحديد وتقوية وتعديلات إنشائية للمباني القائمة والجديدة.","card","project-civil-works-dubai.webp","1600","900","webp","2fa083758c877bf924e39e85e8b4fd9ac01928098c8cf8e29bf9e38f15241774","unsplash:photo-1504307651254-35680f356dfd","16","true","Important content image","Missing distinct real replacement; inherited duplicate retained pending suitable photograph"
"/images/emitronix-logo.png","/ar/trakhees-approvals","header","card","emitronix-logo.png","1728","404","png","0c588c75d70f3ec952c8f687709cd1eb2fb573955d446b39d6f7a1c6c625e08d","/images/emitronix-logo","516","false","Logo/brand asset","Retain permitted shared brand/UI asset"
"/images/emitronix-logo.png","/ar/trakhees-approvals","امنح مشروعك القادم في دبي وضوحا هندسيا من البداية.","content image","emitronix-logo.png","1728","404","png","0c588c75d70f3ec952c8f687709cd1eb2fb573955d446b39d6f7a1c6c625e08d","/images/emitronix-logo","516","false","Logo/brand asset","Retain permitted shared brand/UI asset"
"/images/project-warehouse-industrial-dubai.webp","/ar/trakhees-approvals","موافقات تراخيص / تحديد فئة المشروع ومسار تراخيص في المنطقة المنظمة.","hero","project-warehouse-industrial-dubai.webp","1600","1067","webp","e4ef2024be4b8171e52da5857e3bf5568b5a04ee5a3ca041c5d30a1560ac9940","unsplash:photo-1592085198739-ffcad7f36b54","89","true","Important content image","Missing distinct real replacement; inherited duplicate retained pending suitable photograph"
"/images/project-authority-approvals-dubai.webp","/ar/trakhees-approvals","section / تحديد فئة المشروع ومسار تراخيص في المنطقة المنظمة.","card","project-authority-approvals-dubai.webp","1600","1067","webp","9e6a366db121844fa3314f16050b33b077dcbcad8db4e5e18f35732dd43d074e","unsplash:photo-1581674662583-5e89b374fae6","172","true","Important content image","Missing distinct real replacement; inherited duplicate retained pending suitable photograph"
"/images/internal/industrial-steel-roof.webp","/ar/trakhees-approvals","تحديد فئة المشروع ومسار تراخيص في المنطقة المنظمة. / تحديد فئة المشروع ومسار تراخيص في المنطقة المنظمة.","card","industrial-steel-roof.webp","1920","1280","webp","4af6a0eb63cd82e853bc16e10c68342823c19ecca46e608b0c58b793e26760bb","unsplash:photo-1662120399978-738d233edbec","98","true","Important content image","Missing distinct real replacement; inherited duplicate retained pending suitable photograph"
"/images/internal/project-site-coordination.webp","/ar/trakhees-approvals","متابعة التعليقات والنسخ المعدلة ومستندات الإغلاق. / تحديد فئة المشروع ومسار تراخيص في المنطقة المنظمة.","card","project-site-coordination.webp","1920","1280","webp","cd9197528dbb538734f8115efdca5952004cce0152888935f914030a997fbd69","unsplash:photo-1742112125567-3e8967bad60f","196","true","Important content image","Missing distinct real replacement; inherited duplicate retained pending suitable photograph"
"/images/internal/warehouse-steel-frame.webp","/ar/trakhees-approvals","ملكية المحتوى والمراجعة / تحديد فئة المشروع ومسار تراخيص في المنطقة المنظمة.","card","warehouse-steel-frame.webp","1920","1280","webp","920e4d7fafb7e3555576560f936b0f2ab05a5ecc92eafcdc9951574cf34ae91f","unsplash:photo-1649587345666-0f4ad68aa723","19","true","Important content image","Missing distinct real replacement; inherited duplicate retained pending suitable photograph"
"/images/emitronix-logo.png","/ar/turnkey-construction","header","card","emitronix-logo.png","1728","404","png","0c588c75d70f3ec952c8f687709cd1eb2fb573955d446b39d6f7a1c6c625e08d","/images/emitronix-logo","516","false","Logo/brand asset","Retain permitted shared brand/UI asset"
"/images/emitronix-logo.png","/ar/turnkey-construction","امنح مشروعك القادم في دبي وضوحا هندسيا من البداية.","content image","emitronix-logo.png","1728","404","png","0c588c75d70f3ec952c8f687709cd1eb2fb573955d446b39d6f7a1c6c625e08d","/images/emitronix-logo","516","false","Logo/brand asset","Retain permitted shared brand/UI asset"
"/images/project-commercial-renovation-dubai.webp","/ar/turnkey-construction","مشاريع تسليم المفتاح في دبي / تحديد ما يشمله المسار المتكامل وما يبقى خارج النطاق.","hero","project-commercial-renovation-dubai.webp","1600","1067","webp","2324ce7af4bd74b13d25bb3ceaa3160d6a8036b84fb3b8fa5c30049b08398a52","unsplash:photo-1739700712159-550519327ca7","7","true","Important content image","Missing distinct real replacement; inherited duplicate retained pending suitable photograph"
"/images/project-office-fit-out-dubai.webp","/ar/turnkey-construction","section / تحديد ما يشمله المسار المتكامل وما يبقى خارج النطاق.","card","project-office-fit-out-dubai.webp","1600","1067","webp","8da3f6a2e8cd71f69f0517194f7161c30201c1cd8a191248107778a771e6b1c9","unsplash:photo-1504297050568-910d24c426d3","22","true","Important content image","Missing distinct real replacement; inherited duplicate retained pending suitable photograph"
"/images/internal/architectural-drawing-review.webp","/ar/turnkey-construction","تحديد ما يشمله المسار المتكامل وما يبقى خارج النطاق. / تحديد ما يشمله المسار المتكامل وما يبقى خارج النطاق.","card","architectural-drawing-review.webp","1920","2768","webp","0242bd81c319b862ae61dd9d38bc8e4d8212b5ba25e6907ca56c07b1bf998804","unsplash:photo-1608303588026-884930af2559","95","true","Important content image","Missing distinct real replacement; inherited duplicate retained pending suitable photograph"
"/images/internal/project-site-coordination.webp","/ar/turnkey-construction","تخطيط مبكر للملاحظات والمستندات وجاهزية التشغيل. / تحديد ما يشمله المسار المتكامل وما يبقى خارج النطاق.","card","project-site-coordination.webp","1920","1280","webp","cd9197528dbb538734f8115efdca5952004cce0152888935f914030a997fbd69","unsplash:photo-1742112125567-3e8967bad60f","196","true","Important content image","Missing distinct real replacement; inherited duplicate retained pending suitable photograph"
"/images/home/dubai-commercial-towers.webp","/ar/turnkey-construction","ملكية المحتوى والمراجعة / تحديد ما يشمله المسار المتكامل وما يبقى خارج النطاق.","card","dubai-commercial-towers.webp","2400","1600","webp","4d1ff9861696c8f582c78299898b503e13d54facedfc8408d4c9f7c27d5f7563","pexels:14309391","7","true","Important content image","Missing distinct real replacement; inherited duplicate retained pending suitable photograph"
"/images/emitronix-logo.png","/ar/villa-construction","header","card","emitronix-logo.png","1728","404","png","0c588c75d70f3ec952c8f687709cd1eb2fb573955d446b39d6f7a1c6c625e08d","/images/emitronix-logo","516","false","Logo/brand asset","Retain permitted shared brand/UI asset"
"/images/emitronix-logo.png","/ar/villa-construction","امنح مشروعك القادم في دبي وضوحا هندسيا من البداية.","content image","emitronix-logo.png","1728","404","png","0c588c75d70f3ec952c8f687709cd1eb2fb573955d446b39d6f7a1c6c625e08d","/images/emitronix-logo","516","false","Logo/brand asset","Retain permitted shared brand/UI asset"
"/images/unique/pexels-13752348.webp","/ar/villa-construction","إنشاء الفلل في دبي / إنشاء وتجديد وإضافات وتعديلات للفلل في دبي.","hero","pexels-13752348.webp","1600","1067","webp","2f55321d6a0c957acd8897f4661338acff4694677b3a76eaf0ccba693d4a3c98","pexels:13752348","1","false","Important content image","Retain unique image"
"/images/unique/pexels-36394726.webp","/ar/villa-construction","section / إنشاء وتجديد وإضافات وتعديلات للفلل في دبي.","card","pexels-36394726.webp","1600","1068","webp","dfb235e451e3a0650d5516d260451f82d0b6509de1b8fd6ce247fad51f5af663","pexels:36394726","1","false","Important content image","Retain unique image"
"/images/unique/pexels-7031594.webp","/ar/villa-construction","إنشاء وتجديد وإضافات وتعديلات للفلل في دبي. / إنشاء وتجديد وإضافات وتعديلات للفلل في دبي.","card","pexels-7031594.webp","1600","1068","webp","799ca3abd41b401d2ba4fc3d87c68c7d71eeed9eb689eb866a3d05a4ee1cab6e","pexels:7031594","1","false","Important content image","Retain unique image"
"/images/unique/pexels-36676879.webp","/ar/villa-construction","تنسيق الاختيارات ومعالجة الملاحظات ومستندات الإغلاق. / إنشاء وتجديد وإضافات وتعديلات للفلل في دبي.","card","pexels-36676879.webp","1600","1067","webp","82ea60ba3288e3edb25b7bddc3956895ee6b67ccd50a8b3e4272419608c0f80b","pexels:36676879","1","false","Important content image","Retain unique image"
"/images/unique/pexels-9618110.webp","/ar/villa-construction","ملكية المحتوى والمراجعة / إنشاء وتجديد وإضافات وتعديلات للفلل في دبي.","card","pexels-9618110.webp","1067","1600","webp","602b28915dd456802a248ac22bb2e16651abe3ac00679a3c01109bdb17d55080","pexels:9618110","1","false","Important content image","Retain unique image"
"/images/emitronix-logo.png","/ar/warehouse-construction","header","card","emitronix-logo.png","1728","404","png","0c588c75d70f3ec952c8f687709cd1eb2fb573955d446b39d6f7a1c6c625e08d","/images/emitronix-logo","516","false","Logo/brand asset","Retain permitted shared brand/UI asset"
"/images/emitronix-logo.png","/ar/warehouse-construction","امنح مشروعك القادم في دبي وضوحا هندسيا من البداية.","content image","emitronix-logo.png","1728","404","png","0c588c75d70f3ec952c8f687709cd1eb2fb573955d446b39d6f7a1c6c625e08d","/images/emitronix-logo","516","false","Logo/brand asset","Retain permitted shared brand/UI asset"
"/images/unique/pexels-36398150.webp","/ar/warehouse-construction","إنشاء المستودعات في دبي / المستودع يبدأ من الاستخدام والحركة والتخزين، لا من الهيكل فقط.","hero","pexels-36398150.webp","1600","1067","webp","eee316623a13c1e5c63e9286772b1bd2c609aee6fc9e2c71c624c97f08bfc001","pexels:36398150","1","false","Important content image","Retain unique image"
"/images/unique/pexels-14688876.webp","/ar/warehouse-construction","section / المستودع يبدأ من الاستخدام والحركة والتخزين، لا من الهيكل فقط.","card","pexels-14688876.webp","1067","1600","webp","f7b91aebf39ada9f5b744fcd843f84f857fe8b6964e10cae6731e40c6deb0c53","pexels:14688876","1","false","Important content image","Retain unique image"
"/images/unique/pexels-6614837.webp","/ar/warehouse-construction","المستودع يبدأ من الاستخدام والحركة والتخزين، لا من الهيكل فقط. / المستودع يبدأ من الاستخدام والحركة والتخزين، لا من الهيكل فقط.","card","pexels-6614837.webp","1600","1067","webp","b8c616189093672cbd413fff78ae353c55950f2d68af354e5c17e730601fd021","pexels:6614837","1","false","Important content image","Retain unique image"
"/images/unique/pexels-11666903.webp","/ar/warehouse-construction","تخطيط DCD وDEWA والتسليم التشغيلي منذ البداية. / المستودع يبدأ من الاستخدام والحركة والتخزين، لا من الهيكل فقط.","card","pexels-11666903.webp","1067","1600","webp","58840555a3e6aadf928727ba56f2ebe6a416f247bb857ff31a12c7ccf72d4570","pexels:11666903","1","false","Important content image","Retain unique image"
"/images/unique/pexels-36397989.webp","/ar/warehouse-construction","ملكية المحتوى والمراجعة / المستودع يبدأ من الاستخدام والحركة والتخزين، لا من الهيكل فقط.","card","pexels-36397989.webp","1600","1067","webp","16d691145f00a10ff251dfd962586e444ecbdb81967c92998ffd3d3e99c9830a","pexels:36397989","1","false","Important content image","Retain unique image"
"/images/emitronix-logo.png","/blog","header","card","emitronix-logo.png","1728","404","png","0c588c75d70f3ec952c8f687709cd1eb2fb573955d446b39d6f7a1c6c625e08d","/images/emitronix-logo","516","false","Logo/brand asset","Retain permitted shared brand/UI asset"
"/images/emitronix-logo.png","/blog","Bring engineering clarity to your next Dubai build.","content image","emitronix-logo.png","1728","404","png","0c588c75d70f3ec952c8f687709cd1eb2fb573955d446b39d6f7a1c6c625e08d","/images/emitronix-logo","516","false","Logo/brand asset","Retain permitted shared brand/UI asset"
"/images/generated/blog/civil-construction-dubai-guide-2026-desktop.webp","/blog","Dubai construction insights for better project decisions.","hero","civil-construction-dubai-guide-2026-desktop.webp","1600","900","webp","45cbd5e3ec28454f5293adc49e186c5f672acf9fdfd1def5b2251a1d690ac258","/images/generated/blog/civil-construction-dubai-guide-2026","55","true","Important content image","Missing distinct real replacement; inherited duplicate retained pending suitable photograph"
"/images/project-civil-works-dubai.webp","/blog","Complete Guide to Civil Construction in Dubai (2026)","section photograph","project-civil-works-dubai.webp","1600","900","webp","2fa083758c877bf924e39e85e8b4fd9ac01928098c8cf8e29bf9e38f15241774","unsplash:photo-1504307651254-35680f356dfd","16","true","Important content image","Missing distinct real replacement; inherited duplicate retained pending suitable photograph"
"/images/generated/blog/civil-construction-dubai-guide-2026-desktop.webp","/blog","Complete Guide to Civil Construction in Dubai (2026) / Complete Guide to Civil Construction in Dubai (2026)","card","civil-construction-dubai-guide-2026-desktop.webp","1600","900","webp","45cbd5e3ec28454f5293adc49e186c5f672acf9fdfd1def5b2251a1d690ac258","/images/generated/blog/civil-construction-dubai-guide-2026","55","true","Important content image","Missing distinct real replacement; inherited duplicate retained pending suitable photograph"
"/images/generated/blog/dubai-authority-approvals-guide-desktop.webp","/blog","Complete Guide to Civil Construction in Dubai (2026) / Dubai Authority Approvals Explained: DEWA, Dubai Municipality, DCD & Trakhees","card","dubai-authority-approvals-guide-desktop.webp","1600","900","webp","c1741ddab2b08da215d10241bbaad4ab63606eb3f48265246bf7ade3c3c0d839","/images/generated/blog/dubai-authority-approvals-guide","53","true","Important content image","Missing distinct real replacement; inherited duplicate retained pending suitable photograph"
"/images/generated/blog/warehouse-construction-planning-guide-desktop.webp","/blog","Complete Guide to Civil Construction in Dubai (2026) / Warehouse Construction in Dubai: Planning, Design & Authority Approvals","card","warehouse-construction-planning-guide-desktop.webp","1600","900","webp","a28f5d22cc3cca74e0ca3784fb469c955f53e466f6e9b040343bbadcf4b600f5","/images/generated/blog/warehouse-construction-planning-guide","53","true","Important content image","Missing distinct real replacement; inherited duplicate retained pending suitable photograph"
"/images/generated/blog/choosing-building-contractor-dubai-desktop.webp","/blog","Complete Guide to Civil Construction in Dubai (2026) / How to Choose the Best Building Contractor in Dubai","card","choosing-building-contractor-dubai-desktop.webp","1600","900","webp","3684f53e8c347aa311979d8ebc4044e4e49ae4f4dadea0ef739a939bd5221452","/images/generated/blog/choosing-building-contractor-dubai","53","true","Important content image","Missing distinct real replacement; inherited duplicate retained pending suitable photograph"
"/images/generated/blog/warehouse-construction-planning-guide-desktop.webp","/blog","Complete Guide to Civil Construction in Dubai (2026) / Warehouse Construction Dubai: Planning Guide","card","warehouse-construction-planning-guide-desktop.webp","1600","900","webp","a28f5d22cc3cca74e0ca3784fb469c955f53e466f6e9b040343bbadcf4b600f5","/images/generated/blog/warehouse-construction-planning-guide","53","true","Important content image","Missing distinct real replacement; inherited duplicate retained pending suitable photograph"
"/images/generated/blog/civil-construction-dubai-guide-2026-desktop.webp","/blog","Complete Guide to Civil Construction in Dubai (2026) / Warehouse Construction Dubai: Approval Checklist","card","civil-construction-dubai-guide-2026-desktop.webp","1600","900","webp","45cbd5e3ec28454f5293adc49e186c5f672acf9fdfd1def5b2251a1d690ac258","/images/generated/blog/civil-construction-dubai-guide-2026","55","true","Important content image","Missing distinct real replacement; inherited duplicate retained pending suitable photograph"
"/images/generated/blog/dubai-authority-approvals-guide-desktop.webp","/blog","Complete Guide to Civil Construction in Dubai (2026) / Warehouse Construction Dubai: Cost Factors","card","dubai-authority-approvals-guide-desktop.webp","1600","900","webp","c1741ddab2b08da215d10241bbaad4ab63606eb3f48265246bf7ade3c3c0d839","/images/generated/blog/dubai-authority-approvals-guide","53","true","Important content image","Missing distinct real replacement; inherited duplicate retained pending suitable photograph"
"/images/generated/blog/choosing-building-contractor-dubai-desktop.webp","/blog","Complete Guide to Civil Construction in Dubai (2026) / Warehouse Construction Dubai: Timeline and Process","card","choosing-building-contractor-dubai-desktop.webp","1600","900","webp","3684f53e8c347aa311979d8ebc4044e4e49ae4f4dadea0ef739a939bd5221452","/images/generated/blog/choosing-building-contractor-dubai","53","true","Important content image","Missing distinct real replacement; inherited duplicate retained pending suitable photograph"
"/images/generated/blog/warehouse-construction-planning-guide-desktop.webp","/blog","Complete Guide to Civil Construction in Dubai (2026) / Warehouse Construction Dubai: Contractor Selection","card","warehouse-construction-planning-guide-desktop.webp","1600","900","webp","a28f5d22cc3cca74e0ca3784fb469c955f53e466f6e9b040343bbadcf4b600f5","/images/generated/blog/warehouse-construction-planning-guide","53","true","Important content image","Missing distinct real replacement; inherited duplicate retained pending suitable photograph"
"/images/generated/blog/civil-construction-dubai-guide-2026-desktop.webp","/blog","Complete Guide to Civil Construction in Dubai (2026) / Warehouse Contractors Dubai: Planning Guide","card","civil-construction-dubai-guide-2026-desktop.webp","1600","900","webp","45cbd5e3ec28454f5293adc49e186c5f672acf9fdfd1def5b2251a1d690ac258","/images/generated/blog/civil-construction-dubai-guide-2026","55","true","Important content image","Missing distinct real replacement; inherited duplicate retained pending suitable photograph"
"/images/generated/blog/dubai-authority-approvals-guide-desktop.webp","/blog","Complete Guide to Civil Construction in Dubai (2026) / Warehouse Contractors Dubai: Approval Checklist","card","dubai-authority-approvals-guide-desktop.webp","1600","900","webp","c1741ddab2b08da215d10241bbaad4ab63606eb3f48265246bf7ade3c3c0d839","/images/generated/blog/dubai-authority-approvals-guide","53","true","Important content image","Missing distinct real replacement; inherited duplicate retained pending suitable photograph"
"/images/generated/blog/choosing-building-contractor-dubai-desktop.webp","/blog","Complete Guide to Civil Construction in Dubai (2026) / Warehouse Contractors Dubai: Cost Factors","card","choosing-building-contractor-dubai-desktop.webp","1600","900","webp","3684f53e8c347aa311979d8ebc4044e4e49ae4f4dadea0ef739a939bd5221452","/images/generated/blog/choosing-building-contractor-dubai","53","true","Important content image","Missing distinct real replacement; inherited duplicate retained pending suitable photograph"
"/images/generated/blog/warehouse-construction-planning-guide-desktop.webp","/blog","Complete Guide to Civil Construction in Dubai (2026) / Warehouse Contractors Dubai: Timeline and Process","card","warehouse-construction-planning-guide-desktop.webp","1600","900","webp","a28f5d22cc3cca74e0ca3784fb469c955f53e466f6e9b040343bbadcf4b600f5","/images/generated/blog/warehouse-construction-planning-guide","53","true","Important content image","Missing distinct real replacement; inherited duplicate retained pending suitable photograph"
"/images/generated/blog/civil-construction-dubai-guide-2026-desktop.webp","/blog","Complete Guide to Civil Construction in Dubai (2026) / Warehouse Contractors Dubai: Contractor Selection","card","civil-construction-dubai-guide-2026-desktop.webp","1600","900","webp","45cbd5e3ec28454f5293adc49e186c5f672acf9fdfd1def5b2251a1d690ac258","/images/generated/blog/civil-construction-dubai-guide-2026","55","true","Important content image","Missing distinct real replacement; inherited duplicate retained pending suitable photograph"
"/images/generated/blog/dubai-authority-approvals-guide-desktop.webp","/blog","Complete Guide to Civil Construction in Dubai (2026) / Industrial Warehouse Construction UAE: Planning Guide","card","dubai-authority-approvals-guide-desktop.webp","1600","900","webp","c1741ddab2b08da215d10241bbaad4ab63606eb3f48265246bf7ade3c3c0d839","/images/generated/blog/dubai-authority-approvals-guide","53","true","Important content image","Missing distinct real replacement; inherited duplicate retained pending suitable photograph"
"/images/generated/blog/choosing-building-contractor-dubai-desktop.webp","/blog","Complete Guide to Civil Construction in Dubai (2026) / Industrial Warehouse Construction UAE: Approval Checklist","card","choosing-building-contractor-dubai-desktop.webp","1600","900","webp","3684f53e8c347aa311979d8ebc4044e4e49ae4f4dadea0ef739a939bd5221452","/images/generated/blog/choosing-building-contractor-dubai","53","true","Important content image","Missing distinct real replacement; inherited duplicate retained pending suitable photograph"
"/images/generated/blog/warehouse-construction-planning-guide-desktop.webp","/blog","Complete Guide to Civil Construction in Dubai (2026) / Industrial Warehouse Construction UAE: Cost Factors","card","warehouse-construction-planning-guide-desktop.webp","1600","900","webp","a28f5d22cc3cca74e0ca3784fb469c955f53e466f6e9b040343bbadcf4b600f5","/images/generated/blog/warehouse-construction-planning-guide","53","true","Important content image","Missing distinct real replacement; inherited duplicate retained pending suitable photograph"
"/images/generated/blog/civil-construction-dubai-guide-2026-desktop.webp","/blog","Complete Guide to Civil Construction in Dubai (2026) / Industrial Warehouse Construction UAE: Timeline and Process","card","civil-construction-dubai-guide-2026-desktop.webp","1600","900","webp","45cbd5e3ec28454f5293adc49e186c5f672acf9fdfd1def5b2251a1d690ac258","/images/generated/blog/civil-construction-dubai-guide-2026","55","true","Important content image","Missing distinct real replacement; inherited duplicate retained pending suitable photograph"
"/images/generated/blog/dubai-authority-approvals-guide-desktop.webp","/blog","Complete Guide to Civil Construction in Dubai (2026) / Industrial Warehouse Construction UAE: Contractor Selection","card","dubai-authority-approvals-guide-desktop.webp","1600","900","webp","c1741ddab2b08da215d10241bbaad4ab63606eb3f48265246bf7ade3c3c0d839","/images/generated/blog/dubai-authority-approvals-guide","53","true","Important content image","Missing distinct real replacement; inherited duplicate retained pending suitable photograph"
"/images/generated/blog/choosing-building-contractor-dubai-desktop.webp","/blog","Complete Guide to Civil Construction in Dubai (2026) / Steel Warehouse Construction Dubai: Planning Guide","card","choosing-building-contractor-dubai-desktop.webp","1600","900","webp","3684f53e8c347aa311979d8ebc4044e4e49ae4f4dadea0ef739a939bd5221452","/images/generated/blog/choosing-building-contractor-dubai","53","true","Important content image","Missing distinct real replacement; inherited duplicate retained pending suitable photograph"
"/images/generated/blog/warehouse-construction-planning-guide-desktop.webp","/blog","Complete Guide to Civil Construction in Dubai (2026) / Steel Warehouse Construction Dubai: Approval Checklist","card","warehouse-construction-planning-guide-desktop.webp","1600","900","webp","a28f5d22cc3cca74e0ca3784fb469c955f53e466f6e9b040343bbadcf4b600f5","/images/generated/blog/warehouse-construction-planning-guide","53","true","Important content image","Missing distinct real replacement; inherited duplicate retained pending suitable photograph"
"/images/generated/blog/civil-construction-dubai-guide-2026-desktop.webp","/blog","Complete Guide to Civil Construction in Dubai (2026) / Steel Warehouse Construction Dubai: Cost Factors","card","civil-construction-dubai-guide-2026-desktop.webp","1600","900","webp","45cbd5e3ec28454f5293adc49e186c5f672acf9fdfd1def5b2251a1d690ac258","/images/generated/blog/civil-construction-dubai-guide-2026","55","true","Important content image","Missing distinct real replacement; inherited duplicate retained pending suitable photograph"
"/images/generated/blog/dubai-authority-approvals-guide-desktop.webp","/blog","Complete Guide to Civil Construction in Dubai (2026) / Steel Warehouse Construction Dubai: Timeline and Process","card","dubai-authority-approvals-guide-desktop.webp","1600","900","webp","c1741ddab2b08da215d10241bbaad4ab63606eb3f48265246bf7ade3c3c0d839","/images/generated/blog/dubai-authority-approvals-guide","53","true","Important content image","Missing distinct real replacement; inherited duplicate retained pending suitable photograph"
"/images/generated/blog/choosing-building-contractor-dubai-desktop.webp","/blog","Complete Guide to Civil Construction in Dubai (2026) / Steel Warehouse Construction Dubai: Contractor Selection","card","choosing-building-contractor-dubai-desktop.webp","1600","900","webp","3684f53e8c347aa311979d8ebc4044e4e49ae4f4dadea0ef739a939bd5221452","/images/generated/blog/choosing-building-contractor-dubai","53","true","Important content image","Missing distinct real replacement; inherited duplicate retained pending suitable photograph"
"/images/generated/blog/warehouse-construction-planning-guide-desktop.webp","/blog","Complete Guide to Civil Construction in Dubai (2026) / Warehouse Design and Build Dubai: Planning Guide","card","warehouse-construction-planning-guide-desktop.webp","1600","900","webp","a28f5d22cc3cca74e0ca3784fb469c955f53e466f6e9b040343bbadcf4b600f5","/images/generated/blog/warehouse-construction-planning-guide","53","true","Important content image","Missing distinct real replacement; inherited duplicate retained pending suitable photograph"
"/images/generated/blog/civil-construction-dubai-guide-2026-desktop.webp","/blog","Complete Guide to Civil Construction in Dubai (2026) / Warehouse Design and Build Dubai: Approval Checklist","card","civil-construction-dubai-guide-2026-desktop.webp","1600","900","webp","45cbd5e3ec28454f5293adc49e186c5f672acf9fdfd1def5b2251a1d690ac258","/images/generated/blog/civil-construction-dubai-guide-2026","55","true","Important content image","Missing distinct real replacement; inherited duplicate retained pending suitable photograph"
"/images/generated/blog/dubai-authority-approvals-guide-desktop.webp","/blog","Complete Guide to Civil Construction in Dubai (2026) / Warehouse Design and Build Dubai: Cost Factors","card","dubai-authority-approvals-guide-desktop.webp","1600","900","webp","c1741ddab2b08da215d10241bbaad4ab63606eb3f48265246bf7ade3c3c0d839","/images/generated/blog/dubai-authority-approvals-guide","53","true","Important content image","Missing distinct real replacement; inherited duplicate retained pending suitable photograph"
"/images/generated/blog/choosing-building-contractor-dubai-desktop.webp","/blog","Complete Guide to Civil Construction in Dubai (2026) / Warehouse Design and Build Dubai: Timeline and Process","card","choosing-building-contractor-dubai-desktop.webp","1600","900","webp","3684f53e8c347aa311979d8ebc4044e4e49ae4f4dadea0ef739a939bd5221452","/images/generated/blog/choosing-building-contractor-dubai","53","true","Important content image","Missing distinct real replacement; inherited duplicate retained pending suitable photograph"
"/images/generated/blog/warehouse-construction-planning-guide-desktop.webp","/blog","Complete Guide to Civil Construction in Dubai (2026) / Warehouse Design and Build Dubai: Contractor Selection","card","warehouse-construction-planning-guide-desktop.webp","1600","900","webp","a28f5d22cc3cca74e0ca3784fb469c955f53e466f6e9b040343bbadcf4b600f5","/images/generated/blog/warehouse-construction-planning-guide","53","true","Important content image","Missing distinct real replacement; inherited duplicate retained pending suitable photograph"
"/images/generated/blog/civil-construction-dubai-guide-2026-desktop.webp","/blog","Complete Guide to Civil Construction in Dubai (2026) / Warehouse Authority Approvals Dubai: Planning Guide","card","civil-construction-dubai-guide-2026-desktop.webp","1600","900","webp","45cbd5e3ec28454f5293adc49e186c5f672acf9fdfd1def5b2251a1d690ac258","/images/generated/blog/civil-construction-dubai-guide-2026","55","true","Important content image","Missing distinct real replacement; inherited duplicate retained pending suitable photograph"
"/images/generated/blog/dubai-authority-approvals-guide-desktop.webp","/blog","Complete Guide to Civil Construction in Dubai (2026) / Warehouse Authority Approvals Dubai: Approval Checklist","card","dubai-authority-approvals-guide-desktop.webp","1600","900","webp","c1741ddab2b08da215d10241bbaad4ab63606eb3f48265246bf7ade3c3c0d839","/images/generated/blog/dubai-authority-approvals-guide","53","true","Important content image","Missing distinct real replacement; inherited duplicate retained pending suitable photograph"
"/images/generated/blog/choosing-building-contractor-dubai-desktop.webp","/blog","Complete Guide to Civil Construction in Dubai (2026) / Warehouse Authority Approvals Dubai: Cost Factors","card","choosing-building-contractor-dubai-desktop.webp","1600","900","webp","3684f53e8c347aa311979d8ebc4044e4e49ae4f4dadea0ef739a939bd5221452","/images/generated/blog/choosing-building-contractor-dubai","53","true","Important content image","Missing distinct real replacement; inherited duplicate retained pending suitable photograph"
"/images/generated/blog/warehouse-construction-planning-guide-desktop.webp","/blog","Complete Guide to Civil Construction in Dubai (2026) / Warehouse Authority Approvals Dubai: Timeline and Process","card","warehouse-construction-planning-guide-desktop.webp","1600","900","webp","a28f5d22cc3cca74e0ca3784fb469c955f53e466f6e9b040343bbadcf4b600f5","/images/generated/blog/warehouse-construction-planning-guide","53","true","Important content image","Missing distinct real replacement; inherited duplicate retained pending suitable photograph"
"/images/generated/blog/civil-construction-dubai-guide-2026-desktop.webp","/blog","Complete Guide to Civil Construction in Dubai (2026) / Warehouse Authority Approvals Dubai: Contractor Selection","card","civil-construction-dubai-guide-2026-desktop.webp","1600","900","webp","45cbd5e3ec28454f5293adc49e186c5f672acf9fdfd1def5b2251a1d690ac258","/images/generated/blog/civil-construction-dubai-guide-2026","55","true","Important content image","Missing distinct real replacement; inherited duplicate retained pending suitable photograph"
"/images/generated/blog/dubai-authority-approvals-guide-desktop.webp","/blog","Complete Guide to Civil Construction in Dubai (2026) / Warehouse DEWA Approvals: Planning Guide","card","dubai-authority-approvals-guide-desktop.webp","1600","900","webp","c1741ddab2b08da215d10241bbaad4ab63606eb3f48265246bf7ade3c3c0d839","/images/generated/blog/dubai-authority-approvals-guide","53","true","Important content image","Missing distinct real replacement; inherited duplicate retained pending suitable photograph"
"/images/generated/blog/choosing-building-contractor-dubai-desktop.webp","/blog","Complete Guide to Civil Construction in Dubai (2026) / Warehouse DEWA Approvals: Approval Checklist","card","choosing-building-contractor-dubai-desktop.webp","1600","900","webp","3684f53e8c347aa311979d8ebc4044e4e49ae4f4dadea0ef739a939bd5221452","/images/generated/blog/choosing-building-contractor-dubai","53","true","Important content image","Missing distinct real replacement; inherited duplicate retained pending suitable photograph"
"/images/generated/blog/warehouse-construction-planning-guide-desktop.webp","/blog","Complete Guide to Civil Construction in Dubai (2026) / Warehouse DEWA Approvals: Cost Factors","card","warehouse-construction-planning-guide-desktop.webp","1600","900","webp","a28f5d22cc3cca74e0ca3784fb469c955f53e466f6e9b040343bbadcf4b600f5","/images/generated/blog/warehouse-construction-planning-guide","53","true","Important content image","Missing distinct real replacement; inherited duplicate retained pending suitable photograph"
"/images/generated/blog/civil-construction-dubai-guide-2026-desktop.webp","/blog","Complete Guide to Civil Construction in Dubai (2026) / Warehouse DEWA Approvals: Timeline and Process","card","civil-construction-dubai-guide-2026-desktop.webp","1600","900","webp","45cbd5e3ec28454f5293adc49e186c5f672acf9fdfd1def5b2251a1d690ac258","/images/generated/blog/civil-construction-dubai-guide-2026","55","true","Important content image","Missing distinct real replacement; inherited duplicate retained pending suitable photograph"
"/images/generated/blog/dubai-authority-approvals-guide-desktop.webp","/blog","Complete Guide to Civil Construction in Dubai (2026) / Warehouse DEWA Approvals: Contractor Selection","card","dubai-authority-approvals-guide-desktop.webp","1600","900","webp","c1741ddab2b08da215d10241bbaad4ab63606eb3f48265246bf7ade3c3c0d839","/images/generated/blog/dubai-authority-approvals-guide","53","true","Important content image","Missing distinct real replacement; inherited duplicate retained pending suitable photograph"
"/images/generated/blog/choosing-building-contractor-dubai-desktop.webp","/blog","Complete Guide to Civil Construction in Dubai (2026) / Warehouse DCD Approvals: Planning Guide","card","choosing-building-contractor-dubai-desktop.webp","1600","900","webp","3684f53e8c347aa311979d8ebc4044e4e49ae4f4dadea0ef739a939bd5221452","/images/generated/blog/choosing-building-contractor-dubai","53","true","Important content image","Missing distinct real replacement; inherited duplicate retained pending suitable photograph"
"/images/generated/blog/warehouse-construction-planning-guide-desktop.webp","/blog","Complete Guide to Civil Construction in Dubai (2026) / Warehouse DCD Approvals: Approval Checklist","card","warehouse-construction-planning-guide-desktop.webp","1600","900","webp","a28f5d22cc3cca74e0ca3784fb469c955f53e466f6e9b040343bbadcf4b600f5","/images/generated/blog/warehouse-construction-planning-guide","53","true","Important content image","Missing distinct real replacement; inherited duplicate retained pending suitable photograph"
"/images/generated/blog/civil-construction-dubai-guide-2026-desktop.webp","/blog","Complete Guide to Civil Construction in Dubai (2026) / Warehouse DCD Approvals: Cost Factors","card","civil-construction-dubai-guide-2026-desktop.webp","1600","900","webp","45cbd5e3ec28454f5293adc49e186c5f672acf9fdfd1def5b2251a1d690ac258","/images/generated/blog/civil-construction-dubai-guide-2026","55","true","Important content image","Missing distinct real replacement; inherited duplicate retained pending suitable photograph"
"/images/generated/blog/dubai-authority-approvals-guide-desktop.webp","/blog","Complete Guide to Civil Construction in Dubai (2026) / Warehouse DCD Approvals: Timeline and Process","card","dubai-authority-approvals-guide-desktop.webp","1600","900","webp","c1741ddab2b08da215d10241bbaad4ab63606eb3f48265246bf7ade3c3c0d839","/images/generated/blog/dubai-authority-approvals-guide","53","true","Important content image","Missing distinct real replacement; inherited duplicate retained pending suitable photograph"
"/images/generated/blog/choosing-building-contractor-dubai-desktop.webp","/blog","Complete Guide to Civil Construction in Dubai (2026) / Warehouse DCD Approvals: Contractor Selection","card","choosing-building-contractor-dubai-desktop.webp","1600","900","webp","3684f53e8c347aa311979d8ebc4044e4e49ae4f4dadea0ef739a939bd5221452","/images/generated/blog/choosing-building-contractor-dubai","53","true","Important content image","Missing distinct real replacement; inherited duplicate retained pending suitable photograph"
"/images/generated/blog/warehouse-construction-planning-guide-desktop.webp","/blog","Complete Guide to Civil Construction in Dubai (2026) / Warehouse Dubai Municipality Approvals: Planning Guide","card","warehouse-construction-planning-guide-desktop.webp","1600","900","webp","a28f5d22cc3cca74e0ca3784fb469c955f53e466f6e9b040343bbadcf4b600f5","/images/generated/blog/warehouse-construction-planning-guide","53","true","Important content image","Missing distinct real replacement; inherited duplicate retained pending suitable photograph"
"/images/generated/blog/civil-construction-dubai-guide-2026-desktop.webp","/blog","Complete Guide to Civil Construction in Dubai (2026) / Warehouse Dubai Municipality Approvals: Approval Checklist","card","civil-construction-dubai-guide-2026-desktop.webp","1600","900","webp","45cbd5e3ec28454f5293adc49e186c5f672acf9fdfd1def5b2251a1d690ac258","/images/generated/blog/civil-construction-dubai-guide-2026","55","true","Important content image","Missing distinct real replacement; inherited duplicate retained pending suitable photograph"
"/images/generated/blog/dubai-authority-approvals-guide-desktop.webp","/blog","Complete Guide to Civil Construction in Dubai (2026) / Warehouse Dubai Municipality Approvals: Cost Factors","card","dubai-authority-approvals-guide-desktop.webp","1600","900","webp","c1741ddab2b08da215d10241bbaad4ab63606eb3f48265246bf7ade3c3c0d839","/images/generated/blog/dubai-authority-approvals-guide","53","true","Important content image","Missing distinct real replacement; inherited duplicate retained pending suitable photograph"
"/images/generated/blog/choosing-building-contractor-dubai-desktop.webp","/blog","Complete Guide to Civil Construction in Dubai (2026) / Warehouse Dubai Municipality Approvals: Timeline and Process","card","choosing-building-contractor-dubai-desktop.webp","1600","900","webp","3684f53e8c347aa311979d8ebc4044e4e49ae4f4dadea0ef739a939bd5221452","/images/generated/blog/choosing-building-contractor-dubai","53","true","Important content image","Missing distinct real replacement; inherited duplicate retained pending suitable photograph"
"/images/generated/blog/warehouse-construction-planning-guide-desktop.webp","/blog","Complete Guide to Civil Construction in Dubai (2026) / Warehouse Dubai Municipality Approvals: Contractor Selection","card","warehouse-construction-planning-guide-desktop.webp","1600","900","webp","a28f5d22cc3cca74e0ca3784fb469c955f53e466f6e9b040343bbadcf4b600f5","/images/generated/blog/warehouse-construction-planning-guide","53","true","Important content image","Missing distinct real replacement; inherited duplicate retained pending suitable photograph"
"/images/generated/blog/civil-construction-dubai-guide-2026-desktop.webp","/blog","Complete Guide to Civil Construction in Dubai (2026) / Cold Storage Warehouse Construction: Planning Guide","card","civil-construction-dubai-guide-2026-desktop.webp","1600","900","webp","45cbd5e3ec28454f5293adc49e186c5f672acf9fdfd1def5b2251a1d690ac258","/images/generated/blog/civil-construction-dubai-guide-2026","55","true","Important content image","Missing distinct real replacement; inherited duplicate retained pending suitable photograph"
"/images/generated/blog/dubai-authority-approvals-guide-desktop.webp","/blog","Complete Guide to Civil Construction in Dubai (2026) / Cold Storage Warehouse Construction: Approval Checklist","card","dubai-authority-approvals-guide-desktop.webp","1600","900","webp","c1741ddab2b08da215d10241bbaad4ab63606eb3f48265246bf7ade3c3c0d839","/images/generated/blog/dubai-authority-approvals-guide","53","true","Important content image","Missing distinct real replacement; inherited duplicate retained pending suitable photograph"
"/images/generated/blog/choosing-building-contractor-dubai-desktop.webp","/blog","Complete Guide to Civil Construction in Dubai (2026) / Cold Storage Warehouse Construction: Cost Factors","card","choosing-building-contractor-dubai-desktop.webp","1600","900","webp","3684f53e8c347aa311979d8ebc4044e4e49ae4f4dadea0ef739a939bd5221452","/images/generated/blog/choosing-building-contractor-dubai","53","true","Important content image","Missing distinct real replacement; inherited duplicate retained pending suitable photograph"
"/images/generated/blog/warehouse-construction-planning-guide-desktop.webp","/blog","Complete Guide to Civil Construction in Dubai (2026) / Cold Storage Warehouse Construction: Timeline and Process","card","warehouse-construction-planning-guide-desktop.webp","1600","900","webp","a28f5d22cc3cca74e0ca3784fb469c955f53e466f6e9b040343bbadcf4b600f5","/images/generated/blog/warehouse-construction-planning-guide","53","true","Important content image","Missing distinct real replacement; inherited duplicate retained pending suitable photograph"
"/images/generated/blog/civil-construction-dubai-guide-2026-desktop.webp","/blog","Complete Guide to Civil Construction in Dubai (2026) / Cold Storage Warehouse Construction: Contractor Selection","card","civil-construction-dubai-guide-2026-desktop.webp","1600","900","webp","45cbd5e3ec28454f5293adc49e186c5f672acf9fdfd1def5b2251a1d690ac258","/images/generated/blog/civil-construction-dubai-guide-2026","55","true","Important content image","Missing distinct real replacement; inherited duplicate retained pending suitable photograph"
"/images/generated/blog/dubai-authority-approvals-guide-desktop.webp","/blog","Complete Guide to Civil Construction in Dubai (2026) / Logistics Warehouse Construction: Planning Guide","card","dubai-authority-approvals-guide-desktop.webp","1600","900","webp","c1741ddab2b08da215d10241bbaad4ab63606eb3f48265246bf7ade3c3c0d839","/images/generated/blog/dubai-authority-approvals-guide","53","true","Important content image","Missing distinct real replacement; inherited duplicate retained pending suitable photograph"
"/images/generated/blog/choosing-building-contractor-dubai-desktop.webp","/blog","Complete Guide to Civil Construction in Dubai (2026) / Logistics Warehouse Construction: Approval Checklist","card","choosing-building-contractor-dubai-desktop.webp","1600","900","webp","3684f53e8c347aa311979d8ebc4044e4e49ae4f4dadea0ef739a939bd5221452","/images/generated/blog/choosing-building-contractor-dubai","53","true","Important content image","Missing distinct real replacement; inherited duplicate retained pending suitable photograph"
"/images/generated/blog/warehouse-construction-planning-guide-desktop.webp","/blog","Complete Guide to Civil Construction in Dubai (2026) / Logistics Warehouse Construction: Cost Factors","card","warehouse-construction-planning-guide-desktop.webp","1600","900","webp","a28f5d22cc3cca74e0ca3784fb469c955f53e466f6e9b040343bbadcf4b600f5","/images/generated/blog/warehouse-construction-planning-guide","53","true","Important content image","Missing distinct real replacement; inherited duplicate retained pending suitable photograph"
"/images/generated/blog/civil-construction-dubai-guide-2026-desktop.webp","/blog","Complete Guide to Civil Construction in Dubai (2026) / Logistics Warehouse Construction: Timeline and Process","card","civil-construction-dubai-guide-2026-desktop.webp","1600","900","webp","45cbd5e3ec28454f5293adc49e186c5f672acf9fdfd1def5b2251a1d690ac258","/images/generated/blog/civil-construction-dubai-guide-2026","55","true","Important content image","Missing distinct real replacement; inherited duplicate retained pending suitable photograph"
"/images/generated/blog/dubai-authority-approvals-guide-desktop.webp","/blog","Complete Guide to Civil Construction in Dubai (2026) / Logistics Warehouse Construction: Contractor Selection","card","dubai-authority-approvals-guide-desktop.webp","1600","900","webp","c1741ddab2b08da215d10241bbaad4ab63606eb3f48265246bf7ade3c3c0d839","/images/generated/blog/dubai-authority-approvals-guide","53","true","Important content image","Missing distinct real replacement; inherited duplicate retained pending suitable photograph"
"/images/generated/blog/choosing-building-contractor-dubai-desktop.webp","/blog","Complete Guide to Civil Construction in Dubai (2026) / Warehouse Fit Out Dubai: Planning Guide","card","choosing-building-contractor-dubai-desktop.webp","1600","900","webp","3684f53e8c347aa311979d8ebc4044e4e49ae4f4dadea0ef739a939bd5221452","/images/generated/blog/choosing-building-contractor-dubai","53","true","Important content image","Missing distinct real replacement; inherited duplicate retained pending suitable photograph"
"/images/generated/blog/warehouse-construction-planning-guide-desktop.webp","/blog","Complete Guide to Civil Construction in Dubai (2026) / Warehouse Fit Out Dubai: Approval Checklist","card","warehouse-construction-planning-guide-desktop.webp","1600","900","webp","a28f5d22cc3cca74e0ca3784fb469c955f53e466f6e9b040343bbadcf4b600f5","/images/generated/blog/warehouse-construction-planning-guide","53","true","Important content image","Missing distinct real replacement; inherited duplicate retained pending suitable photograph"
"/images/generated/blog/civil-construction-dubai-guide-2026-desktop.webp","/blog","Complete Guide to Civil Construction in Dubai (2026) / Warehouse Fit Out Dubai: Cost Factors","card","civil-construction-dubai-guide-2026-desktop.webp","1600","900","webp","45cbd5e3ec28454f5293adc49e186c5f672acf9fdfd1def5b2251a1d690ac258","/images/generated/blog/civil-construction-dubai-guide-2026","55","true","Important content image","Missing distinct real replacement; inherited duplicate retained pending suitable photograph"
"/images/generated/blog/dubai-authority-approvals-guide-desktop.webp","/blog","Complete Guide to Civil Construction in Dubai (2026) / Warehouse Fit Out Dubai: Timeline and Process","card","dubai-authority-approvals-guide-desktop.webp","1600","900","webp","c1741ddab2b08da215d10241bbaad4ab63606eb3f48265246bf7ade3c3c0d839","/images/generated/blog/dubai-authority-approvals-guide","53","true","Important content image","Missing distinct real replacement; inherited duplicate retained pending suitable photograph"
"/images/generated/blog/choosing-building-contractor-dubai-desktop.webp","/blog","Complete Guide to Civil Construction in Dubai (2026) / Warehouse Fit Out Dubai: Contractor Selection","card","choosing-building-contractor-dubai-desktop.webp","1600","900","webp","3684f53e8c347aa311979d8ebc4044e4e49ae4f4dadea0ef739a939bd5221452","/images/generated/blog/choosing-building-contractor-dubai","53","true","Important content image","Missing distinct real replacement; inherited duplicate retained pending suitable photograph"
"/images/generated/blog/warehouse-construction-planning-guide-desktop.webp","/blog","Complete Guide to Civil Construction in Dubai (2026) / Warehouse Renovation Dubai: Planning Guide","card","warehouse-construction-planning-guide-desktop.webp","1600","900","webp","a28f5d22cc3cca74e0ca3784fb469c955f53e466f6e9b040343bbadcf4b600f5","/images/generated/blog/warehouse-construction-planning-guide","53","true","Important content image","Missing distinct real replacement; inherited duplicate retained pending suitable photograph"
"/images/generated/blog/civil-construction-dubai-guide-2026-desktop.webp","/blog","Complete Guide to Civil Construction in Dubai (2026) / Warehouse Renovation Dubai: Approval Checklist","card","civil-construction-dubai-guide-2026-desktop.webp","1600","900","webp","45cbd5e3ec28454f5293adc49e186c5f672acf9fdfd1def5b2251a1d690ac258","/images/generated/blog/civil-construction-dubai-guide-2026","55","true","Important content image","Missing distinct real replacement; inherited duplicate retained pending suitable photograph"
"/images/generated/blog/dubai-authority-approvals-guide-desktop.webp","/blog","Complete Guide to Civil Construction in Dubai (2026) / Warehouse Renovation Dubai: Cost Factors","card","dubai-authority-approvals-guide-desktop.webp","1600","900","webp","c1741ddab2b08da215d10241bbaad4ab63606eb3f48265246bf7ade3c3c0d839","/images/generated/blog/dubai-authority-approvals-guide","53","true","Important content image","Missing distinct real replacement; inherited duplicate retained pending suitable photograph"
"/images/generated/blog/choosing-building-contractor-dubai-desktop.webp","/blog","Complete Guide to Civil Construction in Dubai (2026) / Warehouse Renovation Dubai: Timeline and Process","card","choosing-building-contractor-dubai-desktop.webp","1600","900","webp","3684f53e8c347aa311979d8ebc4044e4e49ae4f4dadea0ef739a939bd5221452","/images/generated/blog/choosing-building-contractor-dubai","53","true","Important content image","Missing distinct real replacement; inherited duplicate retained pending suitable photograph"
"/images/generated/blog/warehouse-construction-planning-guide-desktop.webp","/blog","Complete Guide to Civil Construction in Dubai (2026) / Warehouse Renovation Dubai: Contractor Selection","card","warehouse-construction-planning-guide-desktop.webp","1600","900","webp","a28f5d22cc3cca74e0ca3784fb469c955f53e466f6e9b040343bbadcf4b600f5","/images/generated/blog/warehouse-construction-planning-guide","53","true","Important content image","Missing distinct real replacement; inherited duplicate retained pending suitable photograph"
"/images/generated/blog/civil-construction-dubai-guide-2026-desktop.webp","/blog","Complete Guide to Civil Construction in Dubai (2026) / Warehouse Flooring Dubai: Planning Guide","card","civil-construction-dubai-guide-2026-desktop.webp","1600","900","webp","45cbd5e3ec28454f5293adc49e186c5f672acf9fdfd1def5b2251a1d690ac258","/images/generated/blog/civil-construction-dubai-guide-2026","55","true","Important content image","Missing distinct real replacement; inherited duplicate retained pending suitable photograph"
"/images/generated/blog/dubai-authority-approvals-guide-desktop.webp","/blog","Complete Guide to Civil Construction in Dubai (2026) / Warehouse Flooring Dubai: Approval Checklist","card","dubai-authority-approvals-guide-desktop.webp","1600","900","webp","c1741ddab2b08da215d10241bbaad4ab63606eb3f48265246bf7ade3c3c0d839","/images/generated/blog/dubai-authority-approvals-guide","53","true","Important content image","Missing distinct real replacement; inherited duplicate retained pending suitable photograph"
"/images/generated/blog/choosing-building-contractor-dubai-desktop.webp","/blog","Complete Guide to Civil Construction in Dubai (2026) / Warehouse Flooring Dubai: Cost Factors","card","choosing-building-contractor-dubai-desktop.webp","1600","900","webp","3684f53e8c347aa311979d8ebc4044e4e49ae4f4dadea0ef739a939bd5221452","/images/generated/blog/choosing-building-contractor-dubai","53","true","Important content image","Missing distinct real replacement; inherited duplicate retained pending suitable photograph"
"/images/generated/blog/warehouse-construction-planning-guide-desktop.webp","/blog","Complete Guide to Civil Construction in Dubai (2026) / Warehouse Flooring Dubai: Timeline and Process","card","warehouse-construction-planning-guide-desktop.webp","1600","900","webp","a28f5d22cc3cca74e0ca3784fb469c955f53e466f6e9b040343bbadcf4b600f5","/images/generated/blog/warehouse-construction-planning-guide","53","true","Important content image","Missing distinct real replacement; inherited duplicate retained pending suitable photograph"
"/images/generated/blog/civil-construction-dubai-guide-2026-desktop.webp","/blog","Complete Guide to Civil Construction in Dubai (2026) / Warehouse Flooring Dubai: Contractor Selection","card","civil-construction-dubai-guide-2026-desktop.webp","1600","900","webp","45cbd5e3ec28454f5293adc49e186c5f672acf9fdfd1def5b2251a1d690ac258","/images/generated/blog/civil-construction-dubai-guide-2026","55","true","Important content image","Missing distinct real replacement; inherited duplicate retained pending suitable photograph"
"/images/generated/blog/dubai-authority-approvals-guide-desktop.webp","/blog","Complete Guide to Civil Construction in Dubai (2026) / Warehouse Fire Fighting Dubai: Planning Guide","card","dubai-authority-approvals-guide-desktop.webp","1600","900","webp","c1741ddab2b08da215d10241bbaad4ab63606eb3f48265246bf7ade3c3c0d839","/images/generated/blog/dubai-authority-approvals-guide","53","true","Important content image","Missing distinct real replacement; inherited duplicate retained pending suitable photograph"
"/images/generated/blog/choosing-building-contractor-dubai-desktop.webp","/blog","Complete Guide to Civil Construction in Dubai (2026) / Warehouse Fire Fighting Dubai: Approval Checklist","card","choosing-building-contractor-dubai-desktop.webp","1600","900","webp","3684f53e8c347aa311979d8ebc4044e4e49ae4f4dadea0ef739a939bd5221452","/images/generated/blog/choosing-building-contractor-dubai","53","true","Important content image","Missing distinct real replacement; inherited duplicate retained pending suitable photograph"
"/images/generated/blog/warehouse-construction-planning-guide-desktop.webp","/blog","Complete Guide to Civil Construction in Dubai (2026) / Warehouse Fire Fighting Dubai: Cost Factors","card","warehouse-construction-planning-guide-desktop.webp","1600","900","webp","a28f5d22cc3cca74e0ca3784fb469c955f53e466f6e9b040343bbadcf4b600f5","/images/generated/blog/warehouse-construction-planning-guide","53","true","Important content image","Missing distinct real replacement; inherited duplicate retained pending suitable photograph"
"/images/generated/blog/civil-construction-dubai-guide-2026-desktop.webp","/blog","Complete Guide to Civil Construction in Dubai (2026) / Warehouse Fire Fighting Dubai: Timeline and Process","card","civil-construction-dubai-guide-2026-desktop.webp","1600","900","webp","45cbd5e3ec28454f5293adc49e186c5f672acf9fdfd1def5b2251a1d690ac258","/images/generated/blog/civil-construction-dubai-guide-2026","55","true","Important content image","Missing distinct real replacement; inherited duplicate retained pending suitable photograph"
"/images/generated/blog/dubai-authority-approvals-guide-desktop.webp","/blog","Complete Guide to Civil Construction in Dubai (2026) / Warehouse Fire Fighting Dubai: Contractor Selection","card","dubai-authority-approvals-guide-desktop.webp","1600","900","webp","c1741ddab2b08da215d10241bbaad4ab63606eb3f48265246bf7ade3c3c0d839","/images/generated/blog/dubai-authority-approvals-guide","53","true","Important content image","Missing distinct real replacement; inherited duplicate retained pending suitable photograph"
"/images/generated/blog/choosing-building-contractor-dubai-desktop.webp","/blog","Complete Guide to Civil Construction in Dubai (2026) / Warehouse MEP Coordination Dubai: Planning Guide","card","choosing-building-contractor-dubai-desktop.webp","1600","900","webp","3684f53e8c347aa311979d8ebc4044e4e49ae4f4dadea0ef739a939bd5221452","/images/generated/blog/choosing-building-contractor-dubai","53","true","Important content image","Missing distinct real replacement; inherited duplicate retained pending suitable photograph"
"/images/generated/blog/warehouse-construction-planning-guide-desktop.webp","/blog","Complete Guide to Civil Construction in Dubai (2026) / Warehouse MEP Coordination Dubai: Approval Checklist","card","warehouse-construction-planning-guide-desktop.webp","1600","900","webp","a28f5d22cc3cca74e0ca3784fb469c955f53e466f6e9b040343bbadcf4b600f5","/images/generated/blog/warehouse-construction-planning-guide","53","true","Important content image","Missing distinct real replacement; inherited duplicate retained pending suitable photograph"
"/images/generated/blog/civil-construction-dubai-guide-2026-desktop.webp","/blog","Complete Guide to Civil Construction in Dubai (2026) / Warehouse MEP Coordination Dubai: Cost Factors","card","civil-construction-dubai-guide-2026-desktop.webp","1600","900","webp","45cbd5e3ec28454f5293adc49e186c5f672acf9fdfd1def5b2251a1d690ac258","/images/generated/blog/civil-construction-dubai-guide-2026","55","true","Important content image","Missing distinct real replacement; inherited duplicate retained pending suitable photograph"
"/images/generated/blog/dubai-authority-approvals-guide-desktop.webp","/blog","Complete Guide to Civil Construction in Dubai (2026) / Warehouse MEP Coordination Dubai: Timeline and Process","card","dubai-authority-approvals-guide-desktop.webp","1600","900","webp","c1741ddab2b08da215d10241bbaad4ab63606eb3f48265246bf7ade3c3c0d839","/images/generated/blog/dubai-authority-approvals-guide","53","true","Important content image","Missing distinct real replacement; inherited duplicate retained pending suitable photograph"
"/images/generated/blog/choosing-building-contractor-dubai-desktop.webp","/blog","Complete Guide to Civil Construction in Dubai (2026) / Warehouse MEP Coordination Dubai: Contractor Selection","card","choosing-building-contractor-dubai-desktop.webp","1600","900","webp","3684f53e8c347aa311979d8ebc4044e4e49ae4f4dadea0ef739a939bd5221452","/images/generated/blog/choosing-building-contractor-dubai","53","true","Important content image","Missing distinct real replacement; inherited duplicate retained pending suitable photograph"
"/images/generated/blog/warehouse-construction-planning-guide-desktop.webp","/blog","Complete Guide to Civil Construction in Dubai (2026) / Factory Construction UAE: Planning Guide","card","warehouse-construction-planning-guide-desktop.webp","1600","900","webp","a28f5d22cc3cca74e0ca3784fb469c955f53e466f6e9b040343bbadcf4b600f5","/images/generated/blog/warehouse-construction-planning-guide","53","true","Important content image","Missing distinct real replacement; inherited duplicate retained pending suitable photograph"
"/images/generated/blog/civil-construction-dubai-guide-2026-desktop.webp","/blog","Complete Guide to Civil Construction in Dubai (2026) / Factory Construction UAE: Approval Checklist","card","civil-construction-dubai-guide-2026-desktop.webp","1600","900","webp","45cbd5e3ec28454f5293adc49e186c5f672acf9fdfd1def5b2251a1d690ac258","/images/generated/blog/civil-construction-dubai-guide-2026","55","true","Important content image","Missing distinct real replacement; inherited duplicate retained pending suitable photograph"
"/images/generated/blog/dubai-authority-approvals-guide-desktop.webp","/blog","Complete Guide to Civil Construction in Dubai (2026) / Factory Construction UAE: Cost Factors","card","dubai-authority-approvals-guide-desktop.webp","1600","900","webp","c1741ddab2b08da215d10241bbaad4ab63606eb3f48265246bf7ade3c3c0d839","/images/generated/blog/dubai-authority-approvals-guide","53","true","Important content image","Missing distinct real replacement; inherited duplicate retained pending suitable photograph"
"/images/generated/blog/choosing-building-contractor-dubai-desktop.webp","/blog","Complete Guide to Civil Construction in Dubai (2026) / Factory Construction UAE: Timeline and Process","card","choosing-building-contractor-dubai-desktop.webp","1600","900","webp","3684f53e8c347aa311979d8ebc4044e4e49ae4f4dadea0ef739a939bd5221452","/images/generated/blog/choosing-building-contractor-dubai","53","true","Important content image","Missing distinct real replacement; inherited duplicate retained pending suitable photograph"
"/images/generated/blog/warehouse-construction-planning-guide-desktop.webp","/blog","Complete Guide to Civil Construction in Dubai (2026) / Factory Construction UAE: Contractor Selection","card","warehouse-construction-planning-guide-desktop.webp","1600","900","webp","a28f5d22cc3cca74e0ca3784fb469c955f53e466f6e9b040343bbadcf4b600f5","/images/generated/blog/warehouse-construction-planning-guide","53","true","Important content image","Missing distinct real replacement; inherited duplicate retained pending suitable photograph"
"/images/generated/blog/civil-construction-dubai-guide-2026-desktop.webp","/blog","Complete Guide to Civil Construction in Dubai (2026) / Industrial Building Construction Dubai: Planning Guide","card","civil-construction-dubai-guide-2026-desktop.webp","1600","900","webp","45cbd5e3ec28454f5293adc49e186c5f672acf9fdfd1def5b2251a1d690ac258","/images/generated/blog/civil-construction-dubai-guide-2026","55","true","Important content image","Missing distinct real replacement; inherited duplicate retained pending suitable photograph"
"/images/generated/blog/dubai-authority-approvals-guide-desktop.webp","/blog","Complete Guide to Civil Construction in Dubai (2026) / Industrial Building Construction Dubai: Approval Checklist","card","dubai-authority-approvals-guide-desktop.webp","1600","900","webp","c1741ddab2b08da215d10241bbaad4ab63606eb3f48265246bf7ade3c3c0d839","/images/generated/blog/dubai-authority-approvals-guide","53","true","Important content image","Missing distinct real replacement; inherited duplicate retained pending suitable photograph"
"/images/generated/blog/choosing-building-contractor-dubai-desktop.webp","/blog","Complete Guide to Civil Construction in Dubai (2026) / Industrial Building Construction Dubai: Cost Factors","card","choosing-building-contractor-dubai-desktop.webp","1600","900","webp","3684f53e8c347aa311979d8ebc4044e4e49ae4f4dadea0ef739a939bd5221452","/images/generated/blog/choosing-building-contractor-dubai","53","true","Important content image","Missing distinct real replacement; inherited duplicate retained pending suitable photograph"
"/images/generated/blog/warehouse-construction-planning-guide-desktop.webp","/blog","Complete Guide to Civil Construction in Dubai (2026) / Industrial Building Construction Dubai: Timeline and Process","card","warehouse-construction-planning-guide-desktop.webp","1600","900","webp","a28f5d22cc3cca74e0ca3784fb469c955f53e466f6e9b040343bbadcf4b600f5","/images/generated/blog/warehouse-construction-planning-guide","53","true","Important content image","Missing distinct real replacement; inherited duplicate retained pending suitable photograph"
"/images/generated/blog/civil-construction-dubai-guide-2026-desktop.webp","/blog","Complete Guide to Civil Construction in Dubai (2026) / Industrial Building Construction Dubai: Contractor Selection","card","civil-construction-dubai-guide-2026-desktop.webp","1600","900","webp","45cbd5e3ec28454f5293adc49e186c5f672acf9fdfd1def5b2251a1d690ac258","/images/generated/blog/civil-construction-dubai-guide-2026","55","true","Important content image","Missing distinct real replacement; inherited duplicate retained pending suitable photograph"
"/images/generated/blog/dubai-authority-approvals-guide-desktop.webp","/blog","Complete Guide to Civil Construction in Dubai (2026) / Warehouse Cost Planning Dubai: Planning Guide","card","dubai-authority-approvals-guide-desktop.webp","1600","900","webp","c1741ddab2b08da215d10241bbaad4ab63606eb3f48265246bf7ade3c3c0d839","/images/generated/blog/dubai-authority-approvals-guide","53","true","Important content image","Missing distinct real replacement; inherited duplicate retained pending suitable photograph"
"/images/generated/blog/choosing-building-contractor-dubai-desktop.webp","/blog","Complete Guide to Civil Construction in Dubai (2026) / Warehouse Cost Planning Dubai: Approval Checklist","card","choosing-building-contractor-dubai-desktop.webp","1600","900","webp","3684f53e8c347aa311979d8ebc4044e4e49ae4f4dadea0ef739a939bd5221452","/images/generated/blog/choosing-building-contractor-dubai","53","true","Important content image","Missing distinct real replacement; inherited duplicate retained pending suitable photograph"
"/images/generated/blog/warehouse-construction-planning-guide-desktop.webp","/blog","Complete Guide to Civil Construction in Dubai (2026) / Warehouse Cost Planning Dubai: Cost Factors","card","warehouse-construction-planning-guide-desktop.webp","1600","900","webp","a28f5d22cc3cca74e0ca3784fb469c955f53e466f6e9b040343bbadcf4b600f5","/images/generated/blog/warehouse-construction-planning-guide","53","true","Important content image","Missing distinct real replacement; inherited duplicate retained pending suitable photograph"
"/images/generated/blog/civil-construction-dubai-guide-2026-desktop.webp","/blog","Complete Guide to Civil Construction in Dubai (2026) / Warehouse Cost Planning Dubai: Timeline and Process","card","civil-construction-dubai-guide-2026-desktop.webp","1600","900","webp","45cbd5e3ec28454f5293adc49e186c5f672acf9fdfd1def5b2251a1d690ac258","/images/generated/blog/civil-construction-dubai-guide-2026","55","true","Important content image","Missing distinct real replacement; inherited duplicate retained pending suitable photograph"
"/images/generated/blog/dubai-authority-approvals-guide-desktop.webp","/blog","Complete Guide to Civil Construction in Dubai (2026) / Warehouse Cost Planning Dubai: Contractor Selection","card","dubai-authority-approvals-guide-desktop.webp","1600","900","webp","c1741ddab2b08da215d10241bbaad4ab63606eb3f48265246bf7ade3c3c0d839","/images/generated/blog/dubai-authority-approvals-guide","53","true","Important content image","Missing distinct real replacement; inherited duplicate retained pending suitable photograph"
"/images/generated/blog/choosing-building-contractor-dubai-desktop.webp","/blog","Complete Guide to Civil Construction in Dubai (2026) / Warehouse Project Management Dubai: Planning Guide","card","choosing-building-contractor-dubai-desktop.webp","1600","900","webp","3684f53e8c347aa311979d8ebc4044e4e49ae4f4dadea0ef739a939bd5221452","/images/generated/blog/choosing-building-contractor-dubai","53","true","Important content image","Missing distinct real replacement; inherited duplicate retained pending suitable photograph"
"/images/generated/blog/warehouse-construction-planning-guide-desktop.webp","/blog","Complete Guide to Civil Construction in Dubai (2026) / Warehouse Project Management Dubai: Approval Checklist","card","warehouse-construction-planning-guide-desktop.webp","1600","900","webp","a28f5d22cc3cca74e0ca3784fb469c955f53e466f6e9b040343bbadcf4b600f5","/images/generated/blog/warehouse-construction-planning-guide","53","true","Important content image","Missing distinct real replacement; inherited duplicate retained pending suitable photograph"
"/images/generated/blog/civil-construction-dubai-guide-2026-desktop.webp","/blog","Complete Guide to Civil Construction in Dubai (2026) / Warehouse Project Management Dubai: Cost Factors","card","civil-construction-dubai-guide-2026-desktop.webp","1600","900","webp","45cbd5e3ec28454f5293adc49e186c5f672acf9fdfd1def5b2251a1d690ac258","/images/generated/blog/civil-construction-dubai-guide-2026","55","true","Important content image","Missing distinct real replacement; inherited duplicate retained pending suitable photograph"
"/images/generated/blog/dubai-authority-approvals-guide-desktop.webp","/blog","Complete Guide to Civil Construction in Dubai (2026) / Warehouse Project Management Dubai: Timeline and Process","card","dubai-authority-approvals-guide-desktop.webp","1600","900","webp","c1741ddab2b08da215d10241bbaad4ab63606eb3f48265246bf7ade3c3c0d839","/images/generated/blog/dubai-authority-approvals-guide","53","true","Important content image","Missing distinct real replacement; inherited duplicate retained pending suitable photograph"
"/images/generated/blog/choosing-building-contractor-dubai-desktop.webp","/blog","Complete Guide to Civil Construction in Dubai (2026) / Warehouse Project Management Dubai: Contractor Selection","card","choosing-building-contractor-dubai-desktop.webp","1600","900","webp","3684f53e8c347aa311979d8ebc4044e4e49ae4f4dadea0ef739a939bd5221452","/images/generated/blog/choosing-building-contractor-dubai","53","true","Important content image","Missing distinct real replacement; inherited duplicate retained pending suitable photograph"
"/images/project-authority-approvals-dubai.webp","/blog","Need a construction, fit-out or authority approval route for Dubai?","section photograph","project-authority-approvals-dubai.webp","1600","1067","webp","9e6a366db121844fa3314f16050b33b077dcbcad8db4e5e18f35732dd43d074e","unsplash:photo-1581674662583-5e89b374fae6","172","true","Important content image","Missing distinct real replacement; inherited duplicate retained pending suitable photograph"
"/images/emitronix-logo.png","/blog/choose-best-building-contractor-dubai","header","card","emitronix-logo.png","1728","404","png","0c588c75d70f3ec952c8f687709cd1eb2fb573955d446b39d6f7a1c6c625e08d","/images/emitronix-logo","516","false","Logo/brand asset","Retain permitted shared brand/UI asset"
"/images/emitronix-logo.png","/blog/choose-best-building-contractor-dubai","Bring engineering clarity to your next Dubai build.","content image","emitronix-logo.png","1728","404","png","0c588c75d70f3ec952c8f687709cd1eb2fb573955d446b39d6f7a1c6c625e08d","/images/emitronix-logo","516","false","Logo/brand asset","Retain permitted shared brand/UI asset"
"/images/generated/blog/choosing-building-contractor-dubai-desktop.webp","/blog/choose-best-building-contractor-dubai","How to Choose the Best Building Contractor in Dubai / Transparent editorial ownership","hero","choosing-building-contractor-dubai-desktop.webp","1600","900","webp","3684f53e8c347aa311979d8ebc4044e4e49ae4f4dadea0ef739a939bd5221452","/images/generated/blog/choosing-building-contractor-dubai","53","true","Important content image","Missing distinct real replacement; inherited duplicate retained pending suitable photograph"
"/images/about-construction-coordination-dubai.webp","/blog/choose-best-building-contractor-dubai","Check Licensing, Authority and Compliance Readiness / Transparent editorial ownership","card","about-construction-coordination-dubai.webp","1600","2133","webp","32b588327dd59d767b594c70a5c01e868abc9f1e34c413fb6a5e497734902e53","unsplash:photo-1626885930974-4b69aa21bbf9","11","true","Important content image","Missing distinct real replacement; inherited duplicate retained pending suitable photograph"
"/images/project-authority-approvals-dubai.webp","/blog/choose-best-building-contractor-dubai","Look for Quality Control and Handover Discipline / Transparent editorial ownership","card","project-authority-approvals-dubai.webp","1600","1067","webp","9e6a366db121844fa3314f16050b33b077dcbcad8db4e5e18f35732dd43d074e","unsplash:photo-1581674662583-5e89b374fae6","172","true","Important content image","Missing distinct real replacement; inherited duplicate retained pending suitable photograph"
"/images/about-civil-works-dubai.webp","/blog/choose-best-building-contractor-dubai","Evaluate Project Management Communication / Transparent editorial ownership","card","about-civil-works-dubai.webp","1600","1067","webp","b4d5719f34c7a9ea5266cdf489cdcd23144d511d0737398104222f6c4fe04583","unsplash:photo-1742112125630-dd2955dd6120","11","true","Important content image","Missing distinct real replacement; inherited duplicate retained pending suitable photograph"
"/images/internal/architectural-drawing-review.webp","/blog/choose-best-building-contractor-dubai","Why Speak With Emitronix / Transparent editorial ownership","card","architectural-drawing-review.webp","1920","2768","webp","0242bd81c319b862ae61dd9d38bc8e4d8212b5ba25e6907ca56c07b1bf998804","unsplash:photo-1608303588026-884930af2559","95","true","Important content image","Missing distinct real replacement; inherited duplicate retained pending suitable photograph"
"/images/emitronix-logo.png","/blog/cold-storage-warehouse-construction-approval-checklist","header","card","emitronix-logo.png","1728","404","png","0c588c75d70f3ec952c8f687709cd1eb2fb573955d446b39d6f7a1c6c625e08d","/images/emitronix-logo","516","false","Logo/brand asset","Retain permitted shared brand/UI asset"
"/images/emitronix-logo.png","/blog/cold-storage-warehouse-construction-approval-checklist","Bring engineering clarity to your next Dubai build.","content image","emitronix-logo.png","1728","404","png","0c588c75d70f3ec952c8f687709cd1eb2fb573955d446b39d6f7a1c6c625e08d","/images/emitronix-logo","516","false","Logo/brand asset","Retain permitted shared brand/UI asset"
"/images/generated/blog/dubai-authority-approvals-guide-desktop.webp","/blog/cold-storage-warehouse-construction-approval-checklist","Cold Storage Warehouse Construction: Approval Checklist / Transparent editorial ownership","hero","dubai-authority-approvals-guide-desktop.webp","1600","900","webp","c1741ddab2b08da215d10241bbaad4ab63606eb3f48265246bf7ade3c3c0d839","/images/generated/blog/dubai-authority-approvals-guide","53","true","Important content image","Missing distinct real replacement; inherited duplicate retained pending suitable photograph"
"/images/internal/architectural-drawing-review.webp","/blog/cold-storage-warehouse-construction-approval-checklist","Authority sequence and document ownership / Transparent editorial ownership","card","architectural-drawing-review.webp","1920","2768","webp","0242bd81c319b862ae61dd9d38bc8e4d8212b5ba25e6907ca56c07b1bf998804","unsplash:photo-1608303588026-884930af2559","95","true","Important content image","Missing distinct real replacement; inherited duplicate retained pending suitable photograph"
"/images/project-authority-approvals-dubai.webp","/blog/cold-storage-warehouse-construction-approval-checklist","Cost and programme reasoning for the approval checklist decision / Transparent editorial ownership","card","project-authority-approvals-dubai.webp","1600","1067","webp","9e6a366db121844fa3314f16050b33b077dcbcad8db4e5e18f35732dd43d074e","unsplash:photo-1581674662583-5e89b374fae6","172","true","Important content image","Missing distinct real replacement; inherited duplicate retained pending suitable photograph"
"/images/internal/project-site-coordination.webp","/blog/cold-storage-warehouse-construction-approval-checklist","What a useful first technical meeting should produce / Transparent editorial ownership","card","project-site-coordination.webp","1920","1280","webp","cd9197528dbb538734f8115efdca5952004cce0152888935f914030a997fbd69","unsplash:photo-1742112125567-3e8967bad60f","196","true","Important content image","Missing distinct real replacement; inherited duplicate retained pending suitable photograph"
"/images/sections/office-records-desk.webp","/blog/cold-storage-warehouse-construction-approval-checklist","Follow a changed cold-room brief through the approval record / Transparent editorial ownership","card","office-records-desk.webp","1600","1068","webp","d6b58a32141aa1c8316b8d41b823e2e652c192a0875152e20590dd57092f2a82","pexels:8353764","50","true","Important content image","Missing distinct real replacement; inherited duplicate retained pending suitable photograph"
"/images/emitronix-logo.png","/blog/cold-storage-warehouse-construction-contractor-selection","header","card","emitronix-logo.png","1728","404","png","0c588c75d70f3ec952c8f687709cd1eb2fb573955d446b39d6f7a1c6c625e08d","/images/emitronix-logo","516","false","Logo/brand asset","Retain permitted shared brand/UI asset"
"/images/emitronix-logo.png","/blog/cold-storage-warehouse-construction-contractor-selection","Bring engineering clarity to your next Dubai build.","content image","emitronix-logo.png","1728","404","png","0c588c75d70f3ec952c8f687709cd1eb2fb573955d446b39d6f7a1c6c625e08d","/images/emitronix-logo","516","false","Logo/brand asset","Retain permitted shared brand/UI asset"
"/images/generated/blog/civil-construction-dubai-guide-2026-desktop.webp","/blog/cold-storage-warehouse-construction-contractor-selection","Cold Storage Warehouse Construction: Contractor Selection / Transparent editorial ownership","hero","civil-construction-dubai-guide-2026-desktop.webp","1600","900","webp","45cbd5e3ec28454f5293adc49e186c5f672acf9fdfd1def5b2251a1d690ac258","/images/generated/blog/civil-construction-dubai-guide-2026","55","true","Important content image","Missing distinct real replacement; inherited duplicate retained pending suitable photograph"
"/images/project-warehouse-industrial-dubai.webp","/blog/cold-storage-warehouse-construction-contractor-selection","Contractor Selection: define the scope before it becomes a price / Transparent editorial ownership","card","project-warehouse-industrial-dubai.webp","1600","1067","webp","e4ef2024be4b8171e52da5857e3bf5568b5a04ee5a3ca041c5d30a1560ac9940","unsplash:photo-1592085198739-ffcad7f36b54","89","true","Important content image","Missing distinct real replacement; inherited duplicate retained pending suitable photograph"
"/images/project-authority-approvals-dubai.webp","/blog/cold-storage-warehouse-construction-contractor-selection","Engineering interfaces that control cold storage warehouse construction / Transparent editorial ownership","card","project-authority-approvals-dubai.webp","1600","1067","webp","9e6a366db121844fa3314f16050b33b077dcbcad8db4e5e18f35732dd43d074e","unsplash:photo-1581674662583-5e89b374fae6","172","true","Important content image","Missing distinct real replacement; inherited duplicate retained pending suitable photograph"
"/images/internal/industrial-steel-roof.webp","/blog/cold-storage-warehouse-construction-contractor-selection","How to challenge a contractor proposal / Transparent editorial ownership","card","industrial-steel-roof.webp","1920","1280","webp","4af6a0eb63cd82e853bc16e10c68342823c19ecca46e608b0c58b793e26760bb","unsplash:photo-1662120399978-738d233edbec","98","true","Important content image","Missing distinct real replacement; inherited duplicate retained pending suitable photograph"
"/images/internal/project-site-coordination.webp","/blog/cold-storage-warehouse-construction-contractor-selection","What a useful first technical meeting should produce / Transparent editorial ownership","card","project-site-coordination.webp","1920","1280","webp","cd9197528dbb538734f8115efdca5952004cce0152888935f914030a997fbd69","unsplash:photo-1742112125567-3e8967bad60f","196","true","Important content image","Missing distinct real replacement; inherited duplicate retained pending suitable photograph"
"/images/emitronix-logo.png","/blog/cold-storage-warehouse-construction-cost-factors","header","card","emitronix-logo.png","1728","404","png","0c588c75d70f3ec952c8f687709cd1eb2fb573955d446b39d6f7a1c6c625e08d","/images/emitronix-logo","516","false","Logo/brand asset","Retain permitted shared brand/UI asset"
"/images/emitronix-logo.png","/blog/cold-storage-warehouse-construction-cost-factors","Bring engineering clarity to your next Dubai build.","content image","emitronix-logo.png","1728","404","png","0c588c75d70f3ec952c8f687709cd1eb2fb573955d446b39d6f7a1c6c625e08d","/images/emitronix-logo","516","false","Logo/brand asset","Retain permitted shared brand/UI asset"
"/images/generated/blog/choosing-building-contractor-dubai-desktop.webp","/blog/cold-storage-warehouse-construction-cost-factors","Cold Storage Warehouse Construction: Cost Factors / Transparent editorial ownership","hero","choosing-building-contractor-dubai-desktop.webp","1600","900","webp","3684f53e8c347aa311979d8ebc4044e4e49ae4f4dadea0ef739a939bd5221452","/images/generated/blog/choosing-building-contractor-dubai","53","true","Important content image","Missing distinct real replacement; inherited duplicate retained pending suitable photograph"
"/images/project-warehouse-industrial-dubai.webp","/blog/cold-storage-warehouse-construction-cost-factors","Cost Factors: define the scope before it becomes a price / Transparent editorial ownership","card","project-warehouse-industrial-dubai.webp","1600","1067","webp","e4ef2024be4b8171e52da5857e3bf5568b5a04ee5a3ca041c5d30a1560ac9940","unsplash:photo-1592085198739-ffcad7f36b54","89","true","Important content image","Missing distinct real replacement; inherited duplicate retained pending suitable photograph"
"/images/project-authority-approvals-dubai.webp","/blog/cold-storage-warehouse-construction-cost-factors","Engineering interfaces that control cold storage warehouse construction / Transparent editorial ownership","card","project-authority-approvals-dubai.webp","1600","1067","webp","9e6a366db121844fa3314f16050b33b077dcbcad8db4e5e18f35732dd43d074e","unsplash:photo-1581674662583-5e89b374fae6","172","true","Important content image","Missing distinct real replacement; inherited duplicate retained pending suitable photograph"
"/images/internal/industrial-steel-roof.webp","/blog/cold-storage-warehouse-construction-cost-factors","How to challenge a contractor proposal / Transparent editorial ownership","card","industrial-steel-roof.webp","1920","1280","webp","4af6a0eb63cd82e853bc16e10c68342823c19ecca46e608b0c58b793e26760bb","unsplash:photo-1662120399978-738d233edbec","98","true","Important content image","Missing distinct real replacement; inherited duplicate retained pending suitable photograph"
"/images/internal/project-site-coordination.webp","/blog/cold-storage-warehouse-construction-cost-factors","What a useful first technical meeting should produce / Transparent editorial ownership","card","project-site-coordination.webp","1920","1280","webp","cd9197528dbb538734f8115efdca5952004cce0152888935f914030a997fbd69","unsplash:photo-1742112125567-3e8967bad60f","196","true","Important content image","Missing distinct real replacement; inherited duplicate retained pending suitable photograph"
"/images/emitronix-logo.png","/blog/cold-storage-warehouse-construction-planning-guide","header","card","emitronix-logo.png","1728","404","png","0c588c75d70f3ec952c8f687709cd1eb2fb573955d446b39d6f7a1c6c625e08d","/images/emitronix-logo","516","false","Logo/brand asset","Retain permitted shared brand/UI asset"
"/images/emitronix-logo.png","/blog/cold-storage-warehouse-construction-planning-guide","Bring engineering clarity to your next Dubai build.","content image","emitronix-logo.png","1728","404","png","0c588c75d70f3ec952c8f687709cd1eb2fb573955d446b39d6f7a1c6c625e08d","/images/emitronix-logo","516","false","Logo/brand asset","Retain permitted shared brand/UI asset"
"/images/generated/blog/civil-construction-dubai-guide-2026-desktop.webp","/blog/cold-storage-warehouse-construction-planning-guide","Cold Storage Warehouse Construction: Planning Guide / Transparent editorial ownership","hero","civil-construction-dubai-guide-2026-desktop.webp","1600","900","webp","45cbd5e3ec28454f5293adc49e186c5f672acf9fdfd1def5b2251a1d690ac258","/images/generated/blog/civil-construction-dubai-guide-2026","55","true","Important content image","Missing distinct real replacement; inherited duplicate retained pending suitable photograph"
"/images/project-warehouse-industrial-dubai.webp","/blog/cold-storage-warehouse-construction-planning-guide","Planning Guide: define the scope before it becomes a price / Transparent editorial ownership","card","project-warehouse-industrial-dubai.webp","1600","1067","webp","e4ef2024be4b8171e52da5857e3bf5568b5a04ee5a3ca041c5d30a1560ac9940","unsplash:photo-1592085198739-ffcad7f36b54","89","true","Important content image","Missing distinct real replacement; inherited duplicate retained pending suitable photograph"
"/images/project-authority-approvals-dubai.webp","/blog/cold-storage-warehouse-construction-planning-guide","Engineering interfaces that control cold storage warehouse construction / Transparent editorial ownership","card","project-authority-approvals-dubai.webp","1600","1067","webp","9e6a366db121844fa3314f16050b33b077dcbcad8db4e5e18f35732dd43d074e","unsplash:photo-1581674662583-5e89b374fae6","172","true","Important content image","Missing distinct real replacement; inherited duplicate retained pending suitable photograph"
"/images/internal/industrial-steel-roof.webp","/blog/cold-storage-warehouse-construction-planning-guide","How to challenge a contractor proposal / Transparent editorial ownership","card","industrial-steel-roof.webp","1920","1280","webp","4af6a0eb63cd82e853bc16e10c68342823c19ecca46e608b0c58b793e26760bb","unsplash:photo-1662120399978-738d233edbec","98","true","Important content image","Missing distinct real replacement; inherited duplicate retained pending suitable photograph"
"/images/internal/project-site-coordination.webp","/blog/cold-storage-warehouse-construction-planning-guide","What a useful first technical meeting should produce / Transparent editorial ownership","card","project-site-coordination.webp","1920","1280","webp","cd9197528dbb538734f8115efdca5952004cce0152888935f914030a997fbd69","unsplash:photo-1742112125567-3e8967bad60f","196","true","Important content image","Missing distinct real replacement; inherited duplicate retained pending suitable photograph"
"/images/emitronix-logo.png","/blog/cold-storage-warehouse-construction-timeline-process","header","card","emitronix-logo.png","1728","404","png","0c588c75d70f3ec952c8f687709cd1eb2fb573955d446b39d6f7a1c6c625e08d","/images/emitronix-logo","516","false","Logo/brand asset","Retain permitted shared brand/UI asset"
"/images/emitronix-logo.png","/blog/cold-storage-warehouse-construction-timeline-process","Bring engineering clarity to your next Dubai build.","content image","emitronix-logo.png","1728","404","png","0c588c75d70f3ec952c8f687709cd1eb2fb573955d446b39d6f7a1c6c625e08d","/images/emitronix-logo","516","false","Logo/brand asset","Retain permitted shared brand/UI asset"
"/images/generated/blog/warehouse-construction-planning-guide-desktop.webp","/blog/cold-storage-warehouse-construction-timeline-process","Cold Storage Warehouse Construction: Timeline and Process / Transparent editorial ownership","hero","warehouse-construction-planning-guide-desktop.webp","1600","900","webp","a28f5d22cc3cca74e0ca3784fb469c955f53e466f6e9b040343bbadcf4b600f5","/images/generated/blog/warehouse-construction-planning-guide","53","true","Important content image","Missing distinct real replacement; inherited duplicate retained pending suitable photograph"
"/images/project-warehouse-industrial-dubai.webp","/blog/cold-storage-warehouse-construction-timeline-process","Authority sequence and document ownership / Transparent editorial ownership","card","project-warehouse-industrial-dubai.webp","1600","1067","webp","e4ef2024be4b8171e52da5857e3bf5568b5a04ee5a3ca041c5d30a1560ac9940","unsplash:photo-1592085198739-ffcad7f36b54","89","true","Important content image","Missing distinct real replacement; inherited duplicate retained pending suitable photograph"
"/images/project-authority-approvals-dubai.webp","/blog/cold-storage-warehouse-construction-timeline-process","Cost and programme reasoning for the timeline and process decision / Transparent editorial ownership","card","project-authority-approvals-dubai.webp","1600","1067","webp","9e6a366db121844fa3314f16050b33b077dcbcad8db4e5e18f35732dd43d074e","unsplash:photo-1581674662583-5e89b374fae6","172","true","Important content image","Missing distinct real replacement; inherited duplicate retained pending suitable photograph"
"/images/internal/industrial-steel-roof.webp","/blog/cold-storage-warehouse-construction-timeline-process","What a useful first technical meeting should produce / Transparent editorial ownership","card","industrial-steel-roof.webp","1920","1280","webp","4af6a0eb63cd82e853bc16e10c68342823c19ecca46e608b0c58b793e26760bb","unsplash:photo-1662120399978-738d233edbec","98","true","Important content image","Missing distinct real replacement; inherited duplicate retained pending suitable photograph"
"/images/internal/project-site-coordination.webp","/blog/cold-storage-warehouse-construction-timeline-process","Distinguish installation completion from operational handover / Transparent editorial ownership","card","project-site-coordination.webp","1920","1280","webp","cd9197528dbb538734f8115efdca5952004cce0152888935f914030a997fbd69","unsplash:photo-1742112125567-3e8967bad60f","196","true","Important content image","Missing distinct real replacement; inherited duplicate retained pending suitable photograph"
"/images/emitronix-logo.png","/blog/complete-guide-civil-construction-dubai-2026","header","card","emitronix-logo.png","1728","404","png","0c588c75d70f3ec952c8f687709cd1eb2fb573955d446b39d6f7a1c6c625e08d","/images/emitronix-logo","516","false","Logo/brand asset","Retain permitted shared brand/UI asset"
"/images/emitronix-logo.png","/blog/complete-guide-civil-construction-dubai-2026","Bring engineering clarity to your next Dubai build.","content image","emitronix-logo.png","1728","404","png","0c588c75d70f3ec952c8f687709cd1eb2fb573955d446b39d6f7a1c6c625e08d","/images/emitronix-logo","516","false","Logo/brand asset","Retain permitted shared brand/UI asset"
"/images/generated/blog/civil-construction-dubai-guide-2026-desktop.webp","/blog/complete-guide-civil-construction-dubai-2026","Complete Guide to Civil Construction in Dubai (2026) / Transparent editorial ownership","hero","civil-construction-dubai-guide-2026-desktop.webp","1600","900","webp","45cbd5e3ec28454f5293adc49e186c5f672acf9fdfd1def5b2251a1d690ac258","/images/generated/blog/civil-construction-dubai-guide-2026","55","true","Important content image","Missing distinct real replacement; inherited duplicate retained pending suitable photograph"
"/images/civil-contractor-dubai-construction-site.webp","/blog/complete-guide-civil-construction-dubai-2026","The 2026 Civil Construction Process / Transparent editorial ownership","card","civil-contractor-dubai-construction-site.webp","900","540","webp","284f2e21bc038689c02e9cb8e7b71ecf72e6e01f6dc6bf6bafafdb95a7d0fe4a","unsplash:photo-1541888946425-d81bb19240f5","16","true","Important content image","Missing distinct real replacement; inherited duplicate retained pending suitable photograph"
"/images/internal/architectural-drawing-review.webp","/blog/complete-guide-civil-construction-dubai-2026","Planning Information Owners Should Prepare / Transparent editorial ownership","card","architectural-drawing-review.webp","1920","2768","webp","0242bd81c319b862ae61dd9d38bc8e4d8212b5ba25e6907ca56c07b1bf998804","unsplash:photo-1608303588026-884930af2559","95","true","Important content image","Missing distinct real replacement; inherited duplicate retained pending suitable photograph"
"/images/internal/structural-reinforcement.webp","/blog/complete-guide-civil-construction-dubai-2026","Timeline Factors and Common Delay Points / Transparent editorial ownership","card","structural-reinforcement.webp","1920","1275","webp","ef49d14a5548ad6335c818120ca1dcba48521e82a503fc9ec30d0a2ce43c9527","unsplash:photo-1768677903496-becc4be07258","13","true","Important content image","Missing distinct real replacement; inherited duplicate retained pending suitable photograph"
"/images/internal/project-site-coordination.webp","/blog/complete-guide-civil-construction-dubai-2026","Why Owners Speak With Emitronix / Transparent editorial ownership","card","project-site-coordination.webp","1920","1280","webp","cd9197528dbb538734f8115efdca5952004cce0152888935f914030a997fbd69","unsplash:photo-1742112125567-3e8967bad60f","196","true","Important content image","Missing distinct real replacement; inherited duplicate retained pending suitable photograph"
"/images/emitronix-logo.png","/blog/dubai-authority-approvals-dewa-dubai-municipality-dcd-trakhees","header","card","emitronix-logo.png","1728","404","png","0c588c75d70f3ec952c8f687709cd1eb2fb573955d446b39d6f7a1c6c625e08d","/images/emitronix-logo","516","false","Logo/brand asset","Retain permitted shared brand/UI asset"
"/images/emitronix-logo.png","/blog/dubai-authority-approvals-dewa-dubai-municipality-dcd-trakhees","Bring engineering clarity to your next Dubai build.","content image","emitronix-logo.png","1728","404","png","0c588c75d70f3ec952c8f687709cd1eb2fb573955d446b39d6f7a1c6c625e08d","/images/emitronix-logo","516","false","Logo/brand asset","Retain permitted shared brand/UI asset"
"/images/generated/blog/dubai-authority-approvals-guide-desktop.webp","/blog/dubai-authority-approvals-dewa-dubai-municipality-dcd-trakhees","Dubai Authority Approvals Explained: DEWA, Dubai Municipality, DCD & Trakhees / Transparent editorial ownership","hero","dubai-authority-approvals-guide-desktop.webp","1600","900","webp","c1741ddab2b08da215d10241bbaad4ab63606eb3f48265246bf7ade3c3c0d839","/images/generated/blog/dubai-authority-approvals-guide","53","true","Important content image","Missing distinct real replacement; inherited duplicate retained pending suitable photograph"
"/images/internal/fire-sprinkler-pipework.webp","/blog/dubai-authority-approvals-dewa-dubai-municipality-dcd-trakhees","DEWA Approval and Utility Coordination / Transparent editorial ownership","card","fire-sprinkler-pipework.webp","1920","1440","webp","1fce7f82f68d30b0ae6920075bbeeb0a9741912efd20cd662ec8d623dc38a5ec","pexels:37352142","16","true","Important content image","Missing distinct real replacement; inherited duplicate retained pending suitable photograph"
"/images/internal/architectural-drawing-review.webp","/blog/dubai-authority-approvals-dewa-dubai-municipality-dcd-trakhees","Trakhees and Free Zone Approval Workflows / Transparent editorial ownership","card","architectural-drawing-review.webp","1920","2768","webp","0242bd81c319b862ae61dd9d38bc8e4d8212b5ba25e6907ca56c07b1bf998804","unsplash:photo-1608303588026-884930af2559","95","true","Important content image","Missing distinct real replacement; inherited duplicate retained pending suitable photograph"
"/images/project-mep-coordination-dubai.webp","/blog/dubai-authority-approvals-dewa-dubai-municipality-dcd-trakhees","Common Approval Mistakes / Transparent editorial ownership","card","project-mep-coordination-dubai.webp","1600","1067","webp","43d0c568cd1d56ff412d73507931d1a606c38601caed94d7db5377f05003b49d","unsplash:photo-1778514825784-0659eaf8e7a2","27","true","Important content image","Missing distinct real replacement; inherited duplicate retained pending suitable photograph"
"/images/internal/project-site-coordination.webp","/blog/dubai-authority-approvals-dewa-dubai-municipality-dcd-trakhees","Expert Tips for Faster Approval Readiness / Transparent editorial ownership","card","project-site-coordination.webp","1920","1280","webp","cd9197528dbb538734f8115efdca5952004cce0152888935f914030a997fbd69","unsplash:photo-1742112125567-3e8967bad60f","196","true","Important content image","Missing distinct real replacement; inherited duplicate retained pending suitable photograph"
"/images/emitronix-logo.png","/blog/factory-construction-uae-approval-checklist","header","card","emitronix-logo.png","1728","404","png","0c588c75d70f3ec952c8f687709cd1eb2fb573955d446b39d6f7a1c6c625e08d","/images/emitronix-logo","516","false","Logo/brand asset","Retain permitted shared brand/UI asset"
"/images/emitronix-logo.png","/blog/factory-construction-uae-approval-checklist","Bring engineering clarity to your next Dubai build.","content image","emitronix-logo.png","1728","404","png","0c588c75d70f3ec952c8f687709cd1eb2fb573955d446b39d6f7a1c6c625e08d","/images/emitronix-logo","516","false","Logo/brand asset","Retain permitted shared brand/UI asset"
"/images/generated/blog/civil-construction-dubai-guide-2026-desktop.webp","/blog/factory-construction-uae-approval-checklist","Factory Construction UAE: Approval Checklist / Transparent editorial ownership","hero","civil-construction-dubai-guide-2026-desktop.webp","1600","900","webp","45cbd5e3ec28454f5293adc49e186c5f672acf9fdfd1def5b2251a1d690ac258","/images/generated/blog/civil-construction-dubai-guide-2026","55","true","Important content image","Missing distinct real replacement; inherited duplicate retained pending suitable photograph"
"/images/internal/architectural-drawing-review.webp","/blog/factory-construction-uae-approval-checklist","Authority sequence and document ownership / Transparent editorial ownership","card","architectural-drawing-review.webp","1920","2768","webp","0242bd81c319b862ae61dd9d38bc8e4d8212b5ba25e6907ca56c07b1bf998804","unsplash:photo-1608303588026-884930af2559","95","true","Important content image","Missing distinct real replacement; inherited duplicate retained pending suitable photograph"
"/images/project-authority-approvals-dubai.webp","/blog/factory-construction-uae-approval-checklist","Cost and programme reasoning for the approval checklist decision / Transparent editorial ownership","card","project-authority-approvals-dubai.webp","1600","1067","webp","9e6a366db121844fa3314f16050b33b077dcbcad8db4e5e18f35732dd43d074e","unsplash:photo-1581674662583-5e89b374fae6","172","true","Important content image","Missing distinct real replacement; inherited duplicate retained pending suitable photograph"
"/images/internal/project-site-coordination.webp","/blog/factory-construction-uae-approval-checklist","What a useful first technical meeting should produce / Transparent editorial ownership","card","project-site-coordination.webp","1920","1280","webp","cd9197528dbb538734f8115efdca5952004cce0152888935f914030a997fbd69","unsplash:photo-1742112125567-3e8967bad60f","196","true","Important content image","Missing distinct real replacement; inherited duplicate retained pending suitable photograph"
"/images/sections/office-records-desk.webp","/blog/factory-construction-uae-approval-checklist","Resolve the UAE location before assigning submission responsibilities / Transparent editorial ownership","card","office-records-desk.webp","1600","1068","webp","d6b58a32141aa1c8316b8d41b823e2e652c192a0875152e20590dd57092f2a82","pexels:8353764","50","true","Important content image","Missing distinct real replacement; inherited duplicate retained pending suitable photograph"
"/images/emitronix-logo.png","/blog/factory-construction-uae-contractor-selection","header","card","emitronix-logo.png","1728","404","png","0c588c75d70f3ec952c8f687709cd1eb2fb573955d446b39d6f7a1c6c625e08d","/images/emitronix-logo","516","false","Logo/brand asset","Retain permitted shared brand/UI asset"
"/images/emitronix-logo.png","/blog/factory-construction-uae-contractor-selection","Bring engineering clarity to your next Dubai build.","content image","emitronix-logo.png","1728","404","png","0c588c75d70f3ec952c8f687709cd1eb2fb573955d446b39d6f7a1c6c625e08d","/images/emitronix-logo","516","false","Logo/brand asset","Retain permitted shared brand/UI asset"
"/images/generated/blog/warehouse-construction-planning-guide-desktop.webp","/blog/factory-construction-uae-contractor-selection","Factory Construction UAE: Contractor Selection / Transparent editorial ownership","hero","warehouse-construction-planning-guide-desktop.webp","1600","900","webp","a28f5d22cc3cca74e0ca3784fb469c955f53e466f6e9b040343bbadcf4b600f5","/images/generated/blog/warehouse-construction-planning-guide","53","true","Important content image","Missing distinct real replacement; inherited duplicate retained pending suitable photograph"
"/images/project-warehouse-industrial-dubai.webp","/blog/factory-construction-uae-contractor-selection","Contractor Selection: define the scope before it becomes a price / Transparent editorial ownership","card","project-warehouse-industrial-dubai.webp","1600","1067","webp","e4ef2024be4b8171e52da5857e3bf5568b5a04ee5a3ca041c5d30a1560ac9940","unsplash:photo-1592085198739-ffcad7f36b54","89","true","Important content image","Missing distinct real replacement; inherited duplicate retained pending suitable photograph"
"/images/project-authority-approvals-dubai.webp","/blog/factory-construction-uae-contractor-selection","Engineering interfaces that control factory construction uae / Transparent editorial ownership","card","project-authority-approvals-dubai.webp","1600","1067","webp","9e6a366db121844fa3314f16050b33b077dcbcad8db4e5e18f35732dd43d074e","unsplash:photo-1581674662583-5e89b374fae6","172","true","Important content image","Missing distinct real replacement; inherited duplicate retained pending suitable photograph"
"/images/internal/industrial-steel-roof.webp","/blog/factory-construction-uae-contractor-selection","How to challenge a contractor proposal / Transparent editorial ownership","card","industrial-steel-roof.webp","1920","1280","webp","4af6a0eb63cd82e853bc16e10c68342823c19ecca46e608b0c58b793e26760bb","unsplash:photo-1662120399978-738d233edbec","98","true","Important content image","Missing distinct real replacement; inherited duplicate retained pending suitable photograph"
"/images/internal/project-site-coordination.webp","/blog/factory-construction-uae-contractor-selection","What a useful first technical meeting should produce / Transparent editorial ownership","card","project-site-coordination.webp","1920","1280","webp","cd9197528dbb538734f8115efdca5952004cce0152888935f914030a997fbd69","unsplash:photo-1742112125567-3e8967bad60f","196","true","Important content image","Missing distinct real replacement; inherited duplicate retained pending suitable photograph"
"/images/emitronix-logo.png","/blog/factory-construction-uae-cost-factors","header","card","emitronix-logo.png","1728","404","png","0c588c75d70f3ec952c8f687709cd1eb2fb573955d446b39d6f7a1c6c625e08d","/images/emitronix-logo","516","false","Logo/brand asset","Retain permitted shared brand/UI asset"
"/images/emitronix-logo.png","/blog/factory-construction-uae-cost-factors","Bring engineering clarity to your next Dubai build.","content image","emitronix-logo.png","1728","404","png","0c588c75d70f3ec952c8f687709cd1eb2fb573955d446b39d6f7a1c6c625e08d","/images/emitronix-logo","516","false","Logo/brand asset","Retain permitted shared brand/UI asset"
"/images/generated/blog/dubai-authority-approvals-guide-desktop.webp","/blog/factory-construction-uae-cost-factors","Factory Construction UAE: Cost Factors / Transparent editorial ownership","hero","dubai-authority-approvals-guide-desktop.webp","1600","900","webp","c1741ddab2b08da215d10241bbaad4ab63606eb3f48265246bf7ade3c3c0d839","/images/generated/blog/dubai-authority-approvals-guide","53","true","Important content image","Missing distinct real replacement; inherited duplicate retained pending suitable photograph"
"/images/project-warehouse-industrial-dubai.webp","/blog/factory-construction-uae-cost-factors","Cost Factors: define the scope before it becomes a price / Transparent editorial ownership","card","project-warehouse-industrial-dubai.webp","1600","1067","webp","e4ef2024be4b8171e52da5857e3bf5568b5a04ee5a3ca041c5d30a1560ac9940","unsplash:photo-1592085198739-ffcad7f36b54","89","true","Important content image","Missing distinct real replacement; inherited duplicate retained pending suitable photograph"
"/images/project-authority-approvals-dubai.webp","/blog/factory-construction-uae-cost-factors","Engineering interfaces that control factory construction uae / Transparent editorial ownership","card","project-authority-approvals-dubai.webp","1600","1067","webp","9e6a366db121844fa3314f16050b33b077dcbcad8db4e5e18f35732dd43d074e","unsplash:photo-1581674662583-5e89b374fae6","172","true","Important content image","Missing distinct real replacement; inherited duplicate retained pending suitable photograph"
"/images/internal/industrial-steel-roof.webp","/blog/factory-construction-uae-cost-factors","How to challenge a contractor proposal / Transparent editorial ownership","card","industrial-steel-roof.webp","1920","1280","webp","4af6a0eb63cd82e853bc16e10c68342823c19ecca46e608b0c58b793e26760bb","unsplash:photo-1662120399978-738d233edbec","98","true","Important content image","Missing distinct real replacement; inherited duplicate retained pending suitable photograph"
"/images/internal/project-site-coordination.webp","/blog/factory-construction-uae-cost-factors","What a useful first technical meeting should produce / Transparent editorial ownership","card","project-site-coordination.webp","1920","1280","webp","cd9197528dbb538734f8115efdca5952004cce0152888935f914030a997fbd69","unsplash:photo-1742112125567-3e8967bad60f","196","true","Important content image","Missing distinct real replacement; inherited duplicate retained pending suitable photograph"
"/images/emitronix-logo.png","/blog/factory-construction-uae-planning-guide","header","card","emitronix-logo.png","1728","404","png","0c588c75d70f3ec952c8f687709cd1eb2fb573955d446b39d6f7a1c6c625e08d","/images/emitronix-logo","516","false","Logo/brand asset","Retain permitted shared brand/UI asset"
"/images/emitronix-logo.png","/blog/factory-construction-uae-planning-guide","Bring engineering clarity to your next Dubai build.","content image","emitronix-logo.png","1728","404","png","0c588c75d70f3ec952c8f687709cd1eb2fb573955d446b39d6f7a1c6c625e08d","/images/emitronix-logo","516","false","Logo/brand asset","Retain permitted shared brand/UI asset"
"/images/generated/blog/warehouse-construction-planning-guide-desktop.webp","/blog/factory-construction-uae-planning-guide","Factory Construction UAE: Planning Guide / Transparent editorial ownership","hero","warehouse-construction-planning-guide-desktop.webp","1600","900","webp","a28f5d22cc3cca74e0ca3784fb469c955f53e466f6e9b040343bbadcf4b600f5","/images/generated/blog/warehouse-construction-planning-guide","53","true","Important content image","Missing distinct real replacement; inherited duplicate retained pending suitable photograph"
"/images/project-warehouse-industrial-dubai.webp","/blog/factory-construction-uae-planning-guide","Planning Guide: define the scope before it becomes a price / Transparent editorial ownership","card","project-warehouse-industrial-dubai.webp","1600","1067","webp","e4ef2024be4b8171e52da5857e3bf5568b5a04ee5a3ca041c5d30a1560ac9940","unsplash:photo-1592085198739-ffcad7f36b54","89","true","Important content image","Missing distinct real replacement; inherited duplicate retained pending suitable photograph"
"/images/project-authority-approvals-dubai.webp","/blog/factory-construction-uae-planning-guide","Engineering interfaces that control factory construction uae / Transparent editorial ownership","card","project-authority-approvals-dubai.webp","1600","1067","webp","9e6a366db121844fa3314f16050b33b077dcbcad8db4e5e18f35732dd43d074e","unsplash:photo-1581674662583-5e89b374fae6","172","true","Important content image","Missing distinct real replacement; inherited duplicate retained pending suitable photograph"
"/images/internal/industrial-steel-roof.webp","/blog/factory-construction-uae-planning-guide","How to challenge a contractor proposal / Transparent editorial ownership","card","industrial-steel-roof.webp","1920","1280","webp","4af6a0eb63cd82e853bc16e10c68342823c19ecca46e608b0c58b793e26760bb","unsplash:photo-1662120399978-738d233edbec","98","true","Important content image","Missing distinct real replacement; inherited duplicate retained pending suitable photograph"
"/images/internal/project-site-coordination.webp","/blog/factory-construction-uae-planning-guide","What a useful first technical meeting should produce / Transparent editorial ownership","card","project-site-coordination.webp","1920","1280","webp","cd9197528dbb538734f8115efdca5952004cce0152888935f914030a997fbd69","unsplash:photo-1742112125567-3e8967bad60f","196","true","Important content image","Missing distinct real replacement; inherited duplicate retained pending suitable photograph"
"/images/emitronix-logo.png","/blog/factory-construction-uae-timeline-process","header","card","emitronix-logo.png","1728","404","png","0c588c75d70f3ec952c8f687709cd1eb2fb573955d446b39d6f7a1c6c625e08d","/images/emitronix-logo","516","false","Logo/brand asset","Retain permitted shared brand/UI asset"
"/images/emitronix-logo.png","/blog/factory-construction-uae-timeline-process","Bring engineering clarity to your next Dubai build.","content image","emitronix-logo.png","1728","404","png","0c588c75d70f3ec952c8f687709cd1eb2fb573955d446b39d6f7a1c6c625e08d","/images/emitronix-logo","516","false","Logo/brand asset","Retain permitted shared brand/UI asset"
"/images/generated/blog/choosing-building-contractor-dubai-desktop.webp","/blog/factory-construction-uae-timeline-process","Factory Construction UAE: Timeline and Process / Transparent editorial ownership","hero","choosing-building-contractor-dubai-desktop.webp","1600","900","webp","3684f53e8c347aa311979d8ebc4044e4e49ae4f4dadea0ef739a939bd5221452","/images/generated/blog/choosing-building-contractor-dubai","53","true","Important content image","Missing distinct real replacement; inherited duplicate retained pending suitable photograph"
"/images/project-warehouse-industrial-dubai.webp","/blog/factory-construction-uae-timeline-process","Timeline and Process: define the scope before it becomes a price / Transparent editorial ownership","card","project-warehouse-industrial-dubai.webp","1600","1067","webp","e4ef2024be4b8171e52da5857e3bf5568b5a04ee5a3ca041c5d30a1560ac9940","unsplash:photo-1592085198739-ffcad7f36b54","89","true","Important content image","Missing distinct real replacement; inherited duplicate retained pending suitable photograph"
"/images/project-authority-approvals-dubai.webp","/blog/factory-construction-uae-timeline-process","Engineering interfaces that control factory construction uae / Transparent editorial ownership","card","project-authority-approvals-dubai.webp","1600","1067","webp","9e6a366db121844fa3314f16050b33b077dcbcad8db4e5e18f35732dd43d074e","unsplash:photo-1581674662583-5e89b374fae6","172","true","Important content image","Missing distinct real replacement; inherited duplicate retained pending suitable photograph"
"/images/internal/industrial-steel-roof.webp","/blog/factory-construction-uae-timeline-process","How to challenge a contractor proposal / Transparent editorial ownership","card","industrial-steel-roof.webp","1920","1280","webp","4af6a0eb63cd82e853bc16e10c68342823c19ecca46e608b0c58b793e26760bb","unsplash:photo-1662120399978-738d233edbec","98","true","Important content image","Missing distinct real replacement; inherited duplicate retained pending suitable photograph"
"/images/internal/project-site-coordination.webp","/blog/factory-construction-uae-timeline-process","What a useful first technical meeting should produce / Transparent editorial ownership","card","project-site-coordination.webp","1920","1280","webp","cd9197528dbb538734f8115efdca5952004cce0152888935f914030a997fbd69","unsplash:photo-1742112125567-3e8967bad60f","196","true","Important content image","Missing distinct real replacement; inherited duplicate retained pending suitable photograph"
"/images/emitronix-logo.png","/blog/industrial-building-construction-dubai-approval-checklist","header","card","emitronix-logo.png","1728","404","png","0c588c75d70f3ec952c8f687709cd1eb2fb573955d446b39d6f7a1c6c625e08d","/images/emitronix-logo","516","false","Logo/brand asset","Retain permitted shared brand/UI asset"
"/images/emitronix-logo.png","/blog/industrial-building-construction-dubai-approval-checklist","Bring engineering clarity to your next Dubai build.","content image","emitronix-logo.png","1728","404","png","0c588c75d70f3ec952c8f687709cd1eb2fb573955d446b39d6f7a1c6c625e08d","/images/emitronix-logo","516","false","Logo/brand asset","Retain permitted shared brand/UI asset"
"/images/generated/blog/dubai-authority-approvals-guide-desktop.webp","/blog/industrial-building-construction-dubai-approval-checklist","Industrial Building Construction Dubai: Approval Checklist / Transparent editorial ownership","hero","dubai-authority-approvals-guide-desktop.webp","1600","900","webp","c1741ddab2b08da215d10241bbaad4ab63606eb3f48265246bf7ade3c3c0d839","/images/generated/blog/dubai-authority-approvals-guide","53","true","Important content image","Missing distinct real replacement; inherited duplicate retained pending suitable photograph"
"/images/internal/architectural-drawing-review.webp","/blog/industrial-building-construction-dubai-approval-checklist","Authority sequence and document ownership / Transparent editorial ownership","card","architectural-drawing-review.webp","1920","2768","webp","0242bd81c319b862ae61dd9d38bc8e4d8212b5ba25e6907ca56c07b1bf998804","unsplash:photo-1608303588026-884930af2559","95","true","Important content image","Missing distinct real replacement; inherited duplicate retained pending suitable photograph"
"/images/project-authority-approvals-dubai.webp","/blog/industrial-building-construction-dubai-approval-checklist","Cost and programme reasoning for the approval checklist decision / Transparent editorial ownership","card","project-authority-approvals-dubai.webp","1600","1067","webp","9e6a366db121844fa3314f16050b33b077dcbcad8db4e5e18f35732dd43d074e","unsplash:photo-1581674662583-5e89b374fae6","172","true","Important content image","Missing distinct real replacement; inherited duplicate retained pending suitable photograph"
"/images/internal/project-site-coordination.webp","/blog/industrial-building-construction-dubai-approval-checklist","What a useful first technical meeting should produce / Transparent editorial ownership","card","project-site-coordination.webp","1920","1280","webp","cd9197528dbb538734f8115efdca5952004cce0152888935f914030a997fbd69","unsplash:photo-1742112125567-3e8967bad60f","196","true","Important content image","Missing distinct real replacement; inherited duplicate retained pending suitable photograph"
"/images/sections/office-records-desk.webp","/blog/industrial-building-construction-dubai-approval-checklist","Allocate the interface between shell work and occupier work / Transparent editorial ownership","card","office-records-desk.webp","1600","1068","webp","d6b58a32141aa1c8316b8d41b823e2e652c192a0875152e20590dd57092f2a82","pexels:8353764","50","true","Important content image","Missing distinct real replacement; inherited duplicate retained pending suitable photograph"
"/images/emitronix-logo.png","/blog/industrial-building-construction-dubai-contractor-selection","header","card","emitronix-logo.png","1728","404","png","0c588c75d70f3ec952c8f687709cd1eb2fb573955d446b39d6f7a1c6c625e08d","/images/emitronix-logo","516","false","Logo/brand asset","Retain permitted shared brand/UI asset"
"/images/emitronix-logo.png","/blog/industrial-building-construction-dubai-contractor-selection","Bring engineering clarity to your next Dubai build.","content image","emitronix-logo.png","1728","404","png","0c588c75d70f3ec952c8f687709cd1eb2fb573955d446b39d6f7a1c6c625e08d","/images/emitronix-logo","516","false","Logo/brand asset","Retain permitted shared brand/UI asset"
"/images/generated/blog/civil-construction-dubai-guide-2026-desktop.webp","/blog/industrial-building-construction-dubai-contractor-selection","Industrial Building Construction Dubai: Contractor Selection / Transparent editorial ownership","hero","civil-construction-dubai-guide-2026-desktop.webp","1600","900","webp","45cbd5e3ec28454f5293adc49e186c5f672acf9fdfd1def5b2251a1d690ac258","/images/generated/blog/civil-construction-dubai-guide-2026","55","true","Important content image","Missing distinct real replacement; inherited duplicate retained pending suitable photograph"
"/images/project-warehouse-industrial-dubai.webp","/blog/industrial-building-construction-dubai-contractor-selection","Contractor Selection: define the scope before it becomes a price / Transparent editorial ownership","card","project-warehouse-industrial-dubai.webp","1600","1067","webp","e4ef2024be4b8171e52da5857e3bf5568b5a04ee5a3ca041c5d30a1560ac9940","unsplash:photo-1592085198739-ffcad7f36b54","89","true","Important content image","Missing distinct real replacement; inherited duplicate retained pending suitable photograph"
"/images/project-authority-approvals-dubai.webp","/blog/industrial-building-construction-dubai-contractor-selection","Engineering interfaces that control industrial building construction dubai / Transparent editorial ownership","card","project-authority-approvals-dubai.webp","1600","1067","webp","9e6a366db121844fa3314f16050b33b077dcbcad8db4e5e18f35732dd43d074e","unsplash:photo-1581674662583-5e89b374fae6","172","true","Important content image","Missing distinct real replacement; inherited duplicate retained pending suitable photograph"
"/images/internal/industrial-steel-roof.webp","/blog/industrial-building-construction-dubai-contractor-selection","How to challenge a contractor proposal / Transparent editorial ownership","card","industrial-steel-roof.webp","1920","1280","webp","4af6a0eb63cd82e853bc16e10c68342823c19ecca46e608b0c58b793e26760bb","unsplash:photo-1662120399978-738d233edbec","98","true","Important content image","Missing distinct real replacement; inherited duplicate retained pending suitable photograph"
"/images/internal/project-site-coordination.webp","/blog/industrial-building-construction-dubai-contractor-selection","What a useful first technical meeting should produce / Transparent editorial ownership","card","project-site-coordination.webp","1920","1280","webp","cd9197528dbb538734f8115efdca5952004cce0152888935f914030a997fbd69","unsplash:photo-1742112125567-3e8967bad60f","196","true","Important content image","Missing distinct real replacement; inherited duplicate retained pending suitable photograph"
"/images/emitronix-logo.png","/blog/industrial-building-construction-dubai-cost-factors","header","card","emitronix-logo.png","1728","404","png","0c588c75d70f3ec952c8f687709cd1eb2fb573955d446b39d6f7a1c6c625e08d","/images/emitronix-logo","516","false","Logo/brand asset","Retain permitted shared brand/UI asset"
"/images/emitronix-logo.png","/blog/industrial-building-construction-dubai-cost-factors","Bring engineering clarity to your next Dubai build.","content image","emitronix-logo.png","1728","404","png","0c588c75d70f3ec952c8f687709cd1eb2fb573955d446b39d6f7a1c6c625e08d","/images/emitronix-logo","516","false","Logo/brand asset","Retain permitted shared brand/UI asset"
"/images/generated/blog/choosing-building-contractor-dubai-desktop.webp","/blog/industrial-building-construction-dubai-cost-factors","Industrial Building Construction Dubai: Cost Factors / Transparent editorial ownership","hero","choosing-building-contractor-dubai-desktop.webp","1600","900","webp","3684f53e8c347aa311979d8ebc4044e4e49ae4f4dadea0ef739a939bd5221452","/images/generated/blog/choosing-building-contractor-dubai","53","true","Important content image","Missing distinct real replacement; inherited duplicate retained pending suitable photograph"
"/images/project-warehouse-industrial-dubai.webp","/blog/industrial-building-construction-dubai-cost-factors","Cost Factors: define the scope before it becomes a price / Transparent editorial ownership","card","project-warehouse-industrial-dubai.webp","1600","1067","webp","e4ef2024be4b8171e52da5857e3bf5568b5a04ee5a3ca041c5d30a1560ac9940","unsplash:photo-1592085198739-ffcad7f36b54","89","true","Important content image","Missing distinct real replacement; inherited duplicate retained pending suitable photograph"
"/images/project-authority-approvals-dubai.webp","/blog/industrial-building-construction-dubai-cost-factors","Engineering interfaces that control industrial building construction dubai / Transparent editorial ownership","card","project-authority-approvals-dubai.webp","1600","1067","webp","9e6a366db121844fa3314f16050b33b077dcbcad8db4e5e18f35732dd43d074e","unsplash:photo-1581674662583-5e89b374fae6","172","true","Important content image","Missing distinct real replacement; inherited duplicate retained pending suitable photograph"
"/images/internal/industrial-steel-roof.webp","/blog/industrial-building-construction-dubai-cost-factors","How to challenge a contractor proposal / Transparent editorial ownership","card","industrial-steel-roof.webp","1920","1280","webp","4af6a0eb63cd82e853bc16e10c68342823c19ecca46e608b0c58b793e26760bb","unsplash:photo-1662120399978-738d233edbec","98","true","Important content image","Missing distinct real replacement; inherited duplicate retained pending suitable photograph"
"/images/internal/project-site-coordination.webp","/blog/industrial-building-construction-dubai-cost-factors","What a useful first technical meeting should produce / Transparent editorial ownership","card","project-site-coordination.webp","1920","1280","webp","cd9197528dbb538734f8115efdca5952004cce0152888935f914030a997fbd69","unsplash:photo-1742112125567-3e8967bad60f","196","true","Important content image","Missing distinct real replacement; inherited duplicate retained pending suitable photograph"
"/images/emitronix-logo.png","/blog/industrial-building-construction-dubai-planning-guide","header","card","emitronix-logo.png","1728","404","png","0c588c75d70f3ec952c8f687709cd1eb2fb573955d446b39d6f7a1c6c625e08d","/images/emitronix-logo","516","false","Logo/brand asset","Retain permitted shared brand/UI asset"
"/images/emitronix-logo.png","/blog/industrial-building-construction-dubai-planning-guide","Bring engineering clarity to your next Dubai build.","content image","emitronix-logo.png","1728","404","png","0c588c75d70f3ec952c8f687709cd1eb2fb573955d446b39d6f7a1c6c625e08d","/images/emitronix-logo","516","false","Logo/brand asset","Retain permitted shared brand/UI asset"
"/images/generated/blog/civil-construction-dubai-guide-2026-desktop.webp","/blog/industrial-building-construction-dubai-planning-guide","Industrial Building Construction Dubai: Planning Guide / Transparent editorial ownership","hero","civil-construction-dubai-guide-2026-desktop.webp","1600","900","webp","45cbd5e3ec28454f5293adc49e186c5f672acf9fdfd1def5b2251a1d690ac258","/images/generated/blog/civil-construction-dubai-guide-2026","55","true","Important content image","Missing distinct real replacement; inherited duplicate retained pending suitable photograph"
"/images/project-warehouse-industrial-dubai.webp","/blog/industrial-building-construction-dubai-planning-guide","Planning Guide: define the scope before it becomes a price / Transparent editorial ownership","card","project-warehouse-industrial-dubai.webp","1600","1067","webp","e4ef2024be4b8171e52da5857e3bf5568b5a04ee5a3ca041c5d30a1560ac9940","unsplash:photo-1592085198739-ffcad7f36b54","89","true","Important content image","Missing distinct real replacement; inherited duplicate retained pending suitable photograph"
"/images/project-authority-approvals-dubai.webp","/blog/industrial-building-construction-dubai-planning-guide","Engineering interfaces that control industrial building construction dubai / Transparent editorial ownership","card","project-authority-approvals-dubai.webp","1600","1067","webp","9e6a366db121844fa3314f16050b33b077dcbcad8db4e5e18f35732dd43d074e","unsplash:photo-1581674662583-5e89b374fae6","172","true","Important content image","Missing distinct real replacement; inherited duplicate retained pending suitable photograph"
"/images/internal/industrial-steel-roof.webp","/blog/industrial-building-construction-dubai-planning-guide","How to challenge a contractor proposal / Transparent editorial ownership","card","industrial-steel-roof.webp","1920","1280","webp","4af6a0eb63cd82e853bc16e10c68342823c19ecca46e608b0c58b793e26760bb","unsplash:photo-1662120399978-738d233edbec","98","true","Important content image","Missing distinct real replacement; inherited duplicate retained pending suitable photograph"
"/images/internal/project-site-coordination.webp","/blog/industrial-building-construction-dubai-planning-guide","What a useful first technical meeting should produce / Transparent editorial ownership","card","project-site-coordination.webp","1920","1280","webp","cd9197528dbb538734f8115efdca5952004cce0152888935f914030a997fbd69","unsplash:photo-1742112125567-3e8967bad60f","196","true","Important content image","Missing distinct real replacement; inherited duplicate retained pending suitable photograph"
"/images/emitronix-logo.png","/blog/industrial-building-construction-dubai-timeline-process","header","card","emitronix-logo.png","1728","404","png","0c588c75d70f3ec952c8f687709cd1eb2fb573955d446b39d6f7a1c6c625e08d","/images/emitronix-logo","516","false","Logo/brand asset","Retain permitted shared brand/UI asset"
"/images/emitronix-logo.png","/blog/industrial-building-construction-dubai-timeline-process","Bring engineering clarity to your next Dubai build.","content image","emitronix-logo.png","1728","404","png","0c588c75d70f3ec952c8f687709cd1eb2fb573955d446b39d6f7a1c6c625e08d","/images/emitronix-logo","516","false","Logo/brand asset","Retain permitted shared brand/UI asset"
"/images/generated/blog/warehouse-construction-planning-guide-desktop.webp","/blog/industrial-building-construction-dubai-timeline-process","Industrial Building Construction Dubai: Timeline and Process / Transparent editorial ownership","hero","warehouse-construction-planning-guide-desktop.webp","1600","900","webp","a28f5d22cc3cca74e0ca3784fb469c955f53e466f6e9b040343bbadcf4b600f5","/images/generated/blog/warehouse-construction-planning-guide","53","true","Important content image","Missing distinct real replacement; inherited duplicate retained pending suitable photograph"
"/images/project-warehouse-industrial-dubai.webp","/blog/industrial-building-construction-dubai-timeline-process","Timeline and Process: define the scope before it becomes a price / Transparent editorial ownership","card","project-warehouse-industrial-dubai.webp","1600","1067","webp","e4ef2024be4b8171e52da5857e3bf5568b5a04ee5a3ca041c5d30a1560ac9940","unsplash:photo-1592085198739-ffcad7f36b54","89","true","Important content image","Missing distinct real replacement; inherited duplicate retained pending suitable photograph"
"/images/project-authority-approvals-dubai.webp","/blog/industrial-building-construction-dubai-timeline-process","Engineering interfaces that control industrial building construction dubai / Transparent editorial ownership","card","project-authority-approvals-dubai.webp","1600","1067","webp","9e6a366db121844fa3314f16050b33b077dcbcad8db4e5e18f35732dd43d074e","unsplash:photo-1581674662583-5e89b374fae6","172","true","Important content image","Missing distinct real replacement; inherited duplicate retained pending suitable photograph"
"/images/internal/industrial-steel-roof.webp","/blog/industrial-building-construction-dubai-timeline-process","How to challenge a contractor proposal / Transparent editorial ownership","card","industrial-steel-roof.webp","1920","1280","webp","4af6a0eb63cd82e853bc16e10c68342823c19ecca46e608b0c58b793e26760bb","unsplash:photo-1662120399978-738d233edbec","98","true","Important content image","Missing distinct real replacement; inherited duplicate retained pending suitable photograph"
"/images/internal/project-site-coordination.webp","/blog/industrial-building-construction-dubai-timeline-process","What a useful first technical meeting should produce / Transparent editorial ownership","card","project-site-coordination.webp","1920","1280","webp","cd9197528dbb538734f8115efdca5952004cce0152888935f914030a997fbd69","unsplash:photo-1742112125567-3e8967bad60f","196","true","Important content image","Missing distinct real replacement; inherited duplicate retained pending suitable photograph"
"/images/emitronix-logo.png","/blog/industrial-warehouse-construction-uae-approval-checklist","header","card","emitronix-logo.png","1728","404","png","0c588c75d70f3ec952c8f687709cd1eb2fb573955d446b39d6f7a1c6c625e08d","/images/emitronix-logo","516","false","Logo/brand asset","Retain permitted shared brand/UI asset"
"/images/emitronix-logo.png","/blog/industrial-warehouse-construction-uae-approval-checklist","Bring engineering clarity to your next Dubai build.","content image","emitronix-logo.png","1728","404","png","0c588c75d70f3ec952c8f687709cd1eb2fb573955d446b39d6f7a1c6c625e08d","/images/emitronix-logo","516","false","Logo/brand asset","Retain permitted shared brand/UI asset"
"/images/generated/blog/choosing-building-contractor-dubai-desktop.webp","/blog/industrial-warehouse-construction-uae-approval-checklist","Industrial Warehouse Construction UAE: Approval Checklist / Transparent editorial ownership","hero","choosing-building-contractor-dubai-desktop.webp","1600","900","webp","3684f53e8c347aa311979d8ebc4044e4e49ae4f4dadea0ef739a939bd5221452","/images/generated/blog/choosing-building-contractor-dubai","53","true","Important content image","Missing distinct real replacement; inherited duplicate retained pending suitable photograph"
"/images/internal/architectural-drawing-review.webp","/blog/industrial-warehouse-construction-uae-approval-checklist","Approval Checklist: define the scope before it becomes a price / Transparent editorial ownership","card","architectural-drawing-review.webp","1920","2768","webp","0242bd81c319b862ae61dd9d38bc8e4d8212b5ba25e6907ca56c07b1bf998804","unsplash:photo-1608303588026-884930af2559","95","true","Important content image","Missing distinct real replacement; inherited duplicate retained pending suitable photograph"
"/images/project-authority-approvals-dubai.webp","/blog/industrial-warehouse-construction-uae-approval-checklist","Engineering interfaces that control industrial warehouse construction uae / Transparent editorial ownership","card","project-authority-approvals-dubai.webp","1600","1067","webp","9e6a366db121844fa3314f16050b33b077dcbcad8db4e5e18f35732dd43d074e","unsplash:photo-1581674662583-5e89b374fae6","172","true","Important content image","Missing distinct real replacement; inherited duplicate retained pending suitable photograph"
"/images/internal/project-site-coordination.webp","/blog/industrial-warehouse-construction-uae-approval-checklist","How to challenge a contractor proposal / Transparent editorial ownership","card","project-site-coordination.webp","1920","1280","webp","cd9197528dbb538734f8115efdca5952004cce0152888935f914030a997fbd69","unsplash:photo-1742112125567-3e8967bad60f","196","true","Important content image","Missing distinct real replacement; inherited duplicate retained pending suitable photograph"
"/images/sections/office-records-desk.webp","/blog/industrial-warehouse-construction-uae-approval-checklist","What a useful first technical meeting should produce / Transparent editorial ownership","card","office-records-desk.webp","1600","1068","webp","d6b58a32141aa1c8316b8d41b823e2e652c192a0875152e20590dd57092f2a82","pexels:8353764","50","true","Important content image","Missing distinct real replacement; inherited duplicate retained pending suitable photograph"
"/images/emitronix-logo.png","/blog/industrial-warehouse-construction-uae-contractor-selection","header","card","emitronix-logo.png","1728","404","png","0c588c75d70f3ec952c8f687709cd1eb2fb573955d446b39d6f7a1c6c625e08d","/images/emitronix-logo","516","false","Logo/brand asset","Retain permitted shared brand/UI asset"
"/images/emitronix-logo.png","/blog/industrial-warehouse-construction-uae-contractor-selection","Bring engineering clarity to your next Dubai build.","content image","emitronix-logo.png","1728","404","png","0c588c75d70f3ec952c8f687709cd1eb2fb573955d446b39d6f7a1c6c625e08d","/images/emitronix-logo","516","false","Logo/brand asset","Retain permitted shared brand/UI asset"
"/images/generated/blog/dubai-authority-approvals-guide-desktop.webp","/blog/industrial-warehouse-construction-uae-contractor-selection","Industrial Warehouse Construction UAE: Contractor Selection / Transparent editorial ownership","hero","dubai-authority-approvals-guide-desktop.webp","1600","900","webp","c1741ddab2b08da215d10241bbaad4ab63606eb3f48265246bf7ade3c3c0d839","/images/generated/blog/dubai-authority-approvals-guide","53","true","Important content image","Missing distinct real replacement; inherited duplicate retained pending suitable photograph"
"/images/project-warehouse-industrial-dubai.webp","/blog/industrial-warehouse-construction-uae-contractor-selection","Authority sequence and document ownership / Transparent editorial ownership","card","project-warehouse-industrial-dubai.webp","1600","1067","webp","e4ef2024be4b8171e52da5857e3bf5568b5a04ee5a3ca041c5d30a1560ac9940","unsplash:photo-1592085198739-ffcad7f36b54","89","true","Important content image","Missing distinct real replacement; inherited duplicate retained pending suitable photograph"
"/images/project-authority-approvals-dubai.webp","/blog/industrial-warehouse-construction-uae-contractor-selection","Cost and programme reasoning for the contractor selection decision / Transparent editorial ownership","card","project-authority-approvals-dubai.webp","1600","1067","webp","9e6a366db121844fa3314f16050b33b077dcbcad8db4e5e18f35732dd43d074e","unsplash:photo-1581674662583-5e89b374fae6","172","true","Important content image","Missing distinct real replacement; inherited duplicate retained pending suitable photograph"
"/images/internal/industrial-steel-roof.webp","/blog/industrial-warehouse-construction-uae-contractor-selection","What a useful first technical meeting should produce / Transparent editorial ownership","card","industrial-steel-roof.webp","1920","1280","webp","4af6a0eb63cd82e853bc16e10c68342823c19ecca46e608b0c58b793e26760bb","unsplash:photo-1662120399978-738d233edbec","98","true","Important content image","Missing distinct real replacement; inherited duplicate retained pending suitable photograph"
"/images/internal/project-site-coordination.webp","/blog/industrial-warehouse-construction-uae-contractor-selection","Use a changed-layout exercise during the contractor interview / Transparent editorial ownership","card","project-site-coordination.webp","1920","1280","webp","cd9197528dbb538734f8115efdca5952004cce0152888935f914030a997fbd69","unsplash:photo-1742112125567-3e8967bad60f","196","true","Important content image","Missing distinct real replacement; inherited duplicate retained pending suitable photograph"
"/images/emitronix-logo.png","/blog/industrial-warehouse-construction-uae-cost-factors","header","card","emitronix-logo.png","1728","404","png","0c588c75d70f3ec952c8f687709cd1eb2fb573955d446b39d6f7a1c6c625e08d","/images/emitronix-logo","516","false","Logo/brand asset","Retain permitted shared brand/UI asset"
"/images/emitronix-logo.png","/blog/industrial-warehouse-construction-uae-cost-factors","Bring engineering clarity to your next Dubai build.","content image","emitronix-logo.png","1728","404","png","0c588c75d70f3ec952c8f687709cd1eb2fb573955d446b39d6f7a1c6c625e08d","/images/emitronix-logo","516","false","Logo/brand asset","Retain permitted shared brand/UI asset"
"/images/generated/blog/warehouse-construction-planning-guide-desktop.webp","/blog/industrial-warehouse-construction-uae-cost-factors","Industrial Warehouse Construction UAE: Cost Factors / Transparent editorial ownership","hero","warehouse-construction-planning-guide-desktop.webp","1600","900","webp","a28f5d22cc3cca74e0ca3784fb469c955f53e466f6e9b040343bbadcf4b600f5","/images/generated/blog/warehouse-construction-planning-guide","53","true","Important content image","Missing distinct real replacement; inherited duplicate retained pending suitable photograph"
"/images/project-warehouse-industrial-dubai.webp","/blog/industrial-warehouse-construction-uae-cost-factors","Cost Factors: define the scope before it becomes a price / Transparent editorial ownership","card","project-warehouse-industrial-dubai.webp","1600","1067","webp","e4ef2024be4b8171e52da5857e3bf5568b5a04ee5a3ca041c5d30a1560ac9940","unsplash:photo-1592085198739-ffcad7f36b54","89","true","Important content image","Missing distinct real replacement; inherited duplicate retained pending suitable photograph"
"/images/project-authority-approvals-dubai.webp","/blog/industrial-warehouse-construction-uae-cost-factors","Engineering interfaces that control industrial warehouse construction uae / Transparent editorial ownership","card","project-authority-approvals-dubai.webp","1600","1067","webp","9e6a366db121844fa3314f16050b33b077dcbcad8db4e5e18f35732dd43d074e","unsplash:photo-1581674662583-5e89b374fae6","172","true","Important content image","Missing distinct real replacement; inherited duplicate retained pending suitable photograph"
"/images/internal/industrial-steel-roof.webp","/blog/industrial-warehouse-construction-uae-cost-factors","How to challenge a contractor proposal / Transparent editorial ownership","card","industrial-steel-roof.webp","1920","1280","webp","4af6a0eb63cd82e853bc16e10c68342823c19ecca46e608b0c58b793e26760bb","unsplash:photo-1662120399978-738d233edbec","98","true","Important content image","Missing distinct real replacement; inherited duplicate retained pending suitable photograph"
"/images/internal/project-site-coordination.webp","/blog/industrial-warehouse-construction-uae-cost-factors","What a useful first technical meeting should produce / Transparent editorial ownership","card","project-site-coordination.webp","1920","1280","webp","cd9197528dbb538734f8115efdca5952004cce0152888935f914030a997fbd69","unsplash:photo-1742112125567-3e8967bad60f","196","true","Important content image","Missing distinct real replacement; inherited duplicate retained pending suitable photograph"
"/images/emitronix-logo.png","/blog/industrial-warehouse-construction-uae-planning-guide","header","card","emitronix-logo.png","1728","404","png","0c588c75d70f3ec952c8f687709cd1eb2fb573955d446b39d6f7a1c6c625e08d","/images/emitronix-logo","516","false","Logo/brand asset","Retain permitted shared brand/UI asset"
"/images/emitronix-logo.png","/blog/industrial-warehouse-construction-uae-planning-guide","Bring engineering clarity to your next Dubai build.","content image","emitronix-logo.png","1728","404","png","0c588c75d70f3ec952c8f687709cd1eb2fb573955d446b39d6f7a1c6c625e08d","/images/emitronix-logo","516","false","Logo/brand asset","Retain permitted shared brand/UI asset"
"/images/generated/blog/dubai-authority-approvals-guide-desktop.webp","/blog/industrial-warehouse-construction-uae-planning-guide","Industrial Warehouse Construction UAE: Planning Guide / Transparent editorial ownership","hero","dubai-authority-approvals-guide-desktop.webp","1600","900","webp","c1741ddab2b08da215d10241bbaad4ab63606eb3f48265246bf7ade3c3c0d839","/images/generated/blog/dubai-authority-approvals-guide","53","true","Important content image","Missing distinct real replacement; inherited duplicate retained pending suitable photograph"
"/images/project-warehouse-industrial-dubai.webp","/blog/industrial-warehouse-construction-uae-planning-guide","Authority sequence and document ownership / Transparent editorial ownership","card","project-warehouse-industrial-dubai.webp","1600","1067","webp","e4ef2024be4b8171e52da5857e3bf5568b5a04ee5a3ca041c5d30a1560ac9940","unsplash:photo-1592085198739-ffcad7f36b54","89","true","Important content image","Missing distinct real replacement; inherited duplicate retained pending suitable photograph"
"/images/project-authority-approvals-dubai.webp","/blog/industrial-warehouse-construction-uae-planning-guide","Cost and programme reasoning for the planning guide decision / Transparent editorial ownership","card","project-authority-approvals-dubai.webp","1600","1067","webp","9e6a366db121844fa3314f16050b33b077dcbcad8db4e5e18f35732dd43d074e","unsplash:photo-1581674662583-5e89b374fae6","172","true","Important content image","Missing distinct real replacement; inherited duplicate retained pending suitable photograph"
"/images/internal/industrial-steel-roof.webp","/blog/industrial-warehouse-construction-uae-planning-guide","What a useful first technical meeting should produce / Transparent editorial ownership","card","industrial-steel-roof.webp","1920","1280","webp","4af6a0eb63cd82e853bc16e10c68342823c19ecca46e608b0c58b793e26760bb","unsplash:photo-1662120399978-738d233edbec","98","true","Important content image","Missing distinct real replacement; inherited duplicate retained pending suitable photograph"
"/images/internal/project-site-coordination.webp","/blog/industrial-warehouse-construction-uae-planning-guide","Separate today's scope from future expansion assumptions / Transparent editorial ownership","card","project-site-coordination.webp","1920","1280","webp","cd9197528dbb538734f8115efdca5952004cce0152888935f914030a997fbd69","unsplash:photo-1742112125567-3e8967bad60f","196","true","Important content image","Missing distinct real replacement; inherited duplicate retained pending suitable photograph"
"/images/emitronix-logo.png","/blog/industrial-warehouse-construction-uae-timeline-process","header","card","emitronix-logo.png","1728","404","png","0c588c75d70f3ec952c8f687709cd1eb2fb573955d446b39d6f7a1c6c625e08d","/images/emitronix-logo","516","false","Logo/brand asset","Retain permitted shared brand/UI asset"
"/images/emitronix-logo.png","/blog/industrial-warehouse-construction-uae-timeline-process","Bring engineering clarity to your next Dubai build.","content image","emitronix-logo.png","1728","404","png","0c588c75d70f3ec952c8f687709cd1eb2fb573955d446b39d6f7a1c6c625e08d","/images/emitronix-logo","516","false","Logo/brand asset","Retain permitted shared brand/UI asset"
"/images/generated/blog/civil-construction-dubai-guide-2026-desktop.webp","/blog/industrial-warehouse-construction-uae-timeline-process","Industrial Warehouse Construction UAE: Timeline and Process / Transparent editorial ownership","hero","civil-construction-dubai-guide-2026-desktop.webp","1600","900","webp","45cbd5e3ec28454f5293adc49e186c5f672acf9fdfd1def5b2251a1d690ac258","/images/generated/blog/civil-construction-dubai-guide-2026","55","true","Important content image","Missing distinct real replacement; inherited duplicate retained pending suitable photograph"
"/images/project-warehouse-industrial-dubai.webp","/blog/industrial-warehouse-construction-uae-timeline-process","Timeline and Process: define the scope before it becomes a price / Transparent editorial ownership","card","project-warehouse-industrial-dubai.webp","1600","1067","webp","e4ef2024be4b8171e52da5857e3bf5568b5a04ee5a3ca041c5d30a1560ac9940","unsplash:photo-1592085198739-ffcad7f36b54","89","true","Important content image","Missing distinct real replacement; inherited duplicate retained pending suitable photograph"
"/images/project-authority-approvals-dubai.webp","/blog/industrial-warehouse-construction-uae-timeline-process","Engineering interfaces that control industrial warehouse construction uae / Transparent editorial ownership","card","project-authority-approvals-dubai.webp","1600","1067","webp","9e6a366db121844fa3314f16050b33b077dcbcad8db4e5e18f35732dd43d074e","unsplash:photo-1581674662583-5e89b374fae6","172","true","Important content image","Missing distinct real replacement; inherited duplicate retained pending suitable photograph"
"/images/internal/industrial-steel-roof.webp","/blog/industrial-warehouse-construction-uae-timeline-process","How to challenge a contractor proposal / Transparent editorial ownership","card","industrial-steel-roof.webp","1920","1280","webp","4af6a0eb63cd82e853bc16e10c68342823c19ecca46e608b0c58b793e26760bb","unsplash:photo-1662120399978-738d233edbec","98","true","Important content image","Missing distinct real replacement; inherited duplicate retained pending suitable photograph"
"/images/internal/project-site-coordination.webp","/blog/industrial-warehouse-construction-uae-timeline-process","What a useful first technical meeting should produce / Transparent editorial ownership","card","project-site-coordination.webp","1920","1280","webp","cd9197528dbb538734f8115efdca5952004cce0152888935f914030a997fbd69","unsplash:photo-1742112125567-3e8967bad60f","196","true","Important content image","Missing distinct real replacement; inherited duplicate retained pending suitable photograph"
"/images/emitronix-logo.png","/blog/logistics-warehouse-construction-approval-checklist","header","card","emitronix-logo.png","1728","404","png","0c588c75d70f3ec952c8f687709cd1eb2fb573955d446b39d6f7a1c6c625e08d","/images/emitronix-logo","516","false","Logo/brand asset","Retain permitted shared brand/UI asset"
"/images/emitronix-logo.png","/blog/logistics-warehouse-construction-approval-checklist","Bring engineering clarity to your next Dubai build.","content image","emitronix-logo.png","1728","404","png","0c588c75d70f3ec952c8f687709cd1eb2fb573955d446b39d6f7a1c6c625e08d","/images/emitronix-logo","516","false","Logo/brand asset","Retain permitted shared brand/UI asset"
"/images/generated/blog/choosing-building-contractor-dubai-desktop.webp","/blog/logistics-warehouse-construction-approval-checklist","Logistics Warehouse Construction: Approval Checklist / Transparent editorial ownership","hero","choosing-building-contractor-dubai-desktop.webp","1600","900","webp","3684f53e8c347aa311979d8ebc4044e4e49ae4f4dadea0ef739a939bd5221452","/images/generated/blog/choosing-building-contractor-dubai","53","true","Important content image","Missing distinct real replacement; inherited duplicate retained pending suitable photograph"
"/images/internal/architectural-drawing-review.webp","/blog/logistics-warehouse-construction-approval-checklist","Approval Checklist: define the scope before it becomes a price / Transparent editorial ownership","card","architectural-drawing-review.webp","1920","2768","webp","0242bd81c319b862ae61dd9d38bc8e4d8212b5ba25e6907ca56c07b1bf998804","unsplash:photo-1608303588026-884930af2559","95","true","Important content image","Missing distinct real replacement; inherited duplicate retained pending suitable photograph"
"/images/project-authority-approvals-dubai.webp","/blog/logistics-warehouse-construction-approval-checklist","Engineering interfaces that control logistics warehouse construction / Transparent editorial ownership","card","project-authority-approvals-dubai.webp","1600","1067","webp","9e6a366db121844fa3314f16050b33b077dcbcad8db4e5e18f35732dd43d074e","unsplash:photo-1581674662583-5e89b374fae6","172","true","Important content image","Missing distinct real replacement; inherited duplicate retained pending suitable photograph"
"/images/internal/project-site-coordination.webp","/blog/logistics-warehouse-construction-approval-checklist","How to challenge a contractor proposal / Transparent editorial ownership","card","project-site-coordination.webp","1920","1280","webp","cd9197528dbb538734f8115efdca5952004cce0152888935f914030a997fbd69","unsplash:photo-1742112125567-3e8967bad60f","196","true","Important content image","Missing distinct real replacement; inherited duplicate retained pending suitable photograph"
"/images/sections/office-records-desk.webp","/blog/logistics-warehouse-construction-approval-checklist","What a useful first technical meeting should produce / Transparent editorial ownership","card","office-records-desk.webp","1600","1068","webp","d6b58a32141aa1c8316b8d41b823e2e652c192a0875152e20590dd57092f2a82","pexels:8353764","50","true","Important content image","Missing distinct real replacement; inherited duplicate retained pending suitable photograph"
"/images/emitronix-logo.png","/blog/logistics-warehouse-construction-contractor-selection","header","card","emitronix-logo.png","1728","404","png","0c588c75d70f3ec952c8f687709cd1eb2fb573955d446b39d6f7a1c6c625e08d","/images/emitronix-logo","516","false","Logo/brand asset","Retain permitted shared brand/UI asset"
"/images/emitronix-logo.png","/blog/logistics-warehouse-construction-contractor-selection","Bring engineering clarity to your next Dubai build.","content image","emitronix-logo.png","1728","404","png","0c588c75d70f3ec952c8f687709cd1eb2fb573955d446b39d6f7a1c6c625e08d","/images/emitronix-logo","516","false","Logo/brand asset","Retain permitted shared brand/UI asset"
"/images/generated/blog/dubai-authority-approvals-guide-desktop.webp","/blog/logistics-warehouse-construction-contractor-selection","Logistics Warehouse Construction: Contractor Selection / Transparent editorial ownership","hero","dubai-authority-approvals-guide-desktop.webp","1600","900","webp","c1741ddab2b08da215d10241bbaad4ab63606eb3f48265246bf7ade3c3c0d839","/images/generated/blog/dubai-authority-approvals-guide","53","true","Important content image","Missing distinct real replacement; inherited duplicate retained pending suitable photograph"
"/images/project-warehouse-industrial-dubai.webp","/blog/logistics-warehouse-construction-contractor-selection","Contractor Selection: define the scope before it becomes a price / Transparent editorial ownership","card","project-warehouse-industrial-dubai.webp","1600","1067","webp","e4ef2024be4b8171e52da5857e3bf5568b5a04ee5a3ca041c5d30a1560ac9940","unsplash:photo-1592085198739-ffcad7f36b54","89","true","Important content image","Missing distinct real replacement; inherited duplicate retained pending suitable photograph"
"/images/project-authority-approvals-dubai.webp","/blog/logistics-warehouse-construction-contractor-selection","Engineering interfaces that control logistics warehouse construction / Transparent editorial ownership","card","project-authority-approvals-dubai.webp","1600","1067","webp","9e6a366db121844fa3314f16050b33b077dcbcad8db4e5e18f35732dd43d074e","unsplash:photo-1581674662583-5e89b374fae6","172","true","Important content image","Missing distinct real replacement; inherited duplicate retained pending suitable photograph"
"/images/internal/industrial-steel-roof.webp","/blog/logistics-warehouse-construction-contractor-selection","How to challenge a contractor proposal / Transparent editorial ownership","card","industrial-steel-roof.webp","1920","1280","webp","4af6a0eb63cd82e853bc16e10c68342823c19ecca46e608b0c58b793e26760bb","unsplash:photo-1662120399978-738d233edbec","98","true","Important content image","Missing distinct real replacement; inherited duplicate retained pending suitable photograph"
"/images/internal/project-site-coordination.webp","/blog/logistics-warehouse-construction-contractor-selection","What a useful first technical meeting should produce / Transparent editorial ownership","card","project-site-coordination.webp","1920","1280","webp","cd9197528dbb538734f8115efdca5952004cce0152888935f914030a997fbd69","unsplash:photo-1742112125567-3e8967bad60f","196","true","Important content image","Missing distinct real replacement; inherited duplicate retained pending suitable photograph"
"/images/emitronix-logo.png","/blog/logistics-warehouse-construction-cost-factors","header","card","emitronix-logo.png","1728","404","png","0c588c75d70f3ec952c8f687709cd1eb2fb573955d446b39d6f7a1c6c625e08d","/images/emitronix-logo","516","false","Logo/brand asset","Retain permitted shared brand/UI asset"
"/images/emitronix-logo.png","/blog/logistics-warehouse-construction-cost-factors","Bring engineering clarity to your next Dubai build.","content image","emitronix-logo.png","1728","404","png","0c588c75d70f3ec952c8f687709cd1eb2fb573955d446b39d6f7a1c6c625e08d","/images/emitronix-logo","516","false","Logo/brand asset","Retain permitted shared brand/UI asset"
"/images/generated/blog/warehouse-construction-planning-guide-desktop.webp","/blog/logistics-warehouse-construction-cost-factors","Logistics Warehouse Construction: Cost Factors / Transparent editorial ownership","hero","warehouse-construction-planning-guide-desktop.webp","1600","900","webp","a28f5d22cc3cca74e0ca3784fb469c955f53e466f6e9b040343bbadcf4b600f5","/images/generated/blog/warehouse-construction-planning-guide","53","true","Important content image","Missing distinct real replacement; inherited duplicate retained pending suitable photograph"
"/images/project-warehouse-industrial-dubai.webp","/blog/logistics-warehouse-construction-cost-factors","Cost Factors: define the scope before it becomes a price / Transparent editorial ownership","card","project-warehouse-industrial-dubai.webp","1600","1067","webp","e4ef2024be4b8171e52da5857e3bf5568b5a04ee5a3ca041c5d30a1560ac9940","unsplash:photo-1592085198739-ffcad7f36b54","89","true","Important content image","Missing distinct real replacement; inherited duplicate retained pending suitable photograph"
"/images/project-authority-approvals-dubai.webp","/blog/logistics-warehouse-construction-cost-factors","Engineering interfaces that control logistics warehouse construction / Transparent editorial ownership","card","project-authority-approvals-dubai.webp","1600","1067","webp","9e6a366db121844fa3314f16050b33b077dcbcad8db4e5e18f35732dd43d074e","unsplash:photo-1581674662583-5e89b374fae6","172","true","Important content image","Missing distinct real replacement; inherited duplicate retained pending suitable photograph"
"/images/internal/industrial-steel-roof.webp","/blog/logistics-warehouse-construction-cost-factors","How to challenge a contractor proposal / Transparent editorial ownership","card","industrial-steel-roof.webp","1920","1280","webp","4af6a0eb63cd82e853bc16e10c68342823c19ecca46e608b0c58b793e26760bb","unsplash:photo-1662120399978-738d233edbec","98","true","Important content image","Missing distinct real replacement; inherited duplicate retained pending suitable photograph"
"/images/internal/project-site-coordination.webp","/blog/logistics-warehouse-construction-cost-factors","What a useful first technical meeting should produce / Transparent editorial ownership","card","project-site-coordination.webp","1920","1280","webp","cd9197528dbb538734f8115efdca5952004cce0152888935f914030a997fbd69","unsplash:photo-1742112125567-3e8967bad60f","196","true","Important content image","Missing distinct real replacement; inherited duplicate retained pending suitable photograph"
"/images/emitronix-logo.png","/blog/logistics-warehouse-construction-planning-guide","header","card","emitronix-logo.png","1728","404","png","0c588c75d70f3ec952c8f687709cd1eb2fb573955d446b39d6f7a1c6c625e08d","/images/emitronix-logo","516","false","Logo/brand asset","Retain permitted shared brand/UI asset"
"/images/emitronix-logo.png","/blog/logistics-warehouse-construction-planning-guide","Bring engineering clarity to your next Dubai build.","content image","emitronix-logo.png","1728","404","png","0c588c75d70f3ec952c8f687709cd1eb2fb573955d446b39d6f7a1c6c625e08d","/images/emitronix-logo","516","false","Logo/brand asset","Retain permitted shared brand/UI asset"
"/images/generated/blog/dubai-authority-approvals-guide-desktop.webp","/blog/logistics-warehouse-construction-planning-guide","Logistics Warehouse Construction: Planning Guide / Transparent editorial ownership","hero","dubai-authority-approvals-guide-desktop.webp","1600","900","webp","c1741ddab2b08da215d10241bbaad4ab63606eb3f48265246bf7ade3c3c0d839","/images/generated/blog/dubai-authority-approvals-guide","53","true","Important content image","Missing distinct real replacement; inherited duplicate retained pending suitable photograph"
"/images/project-warehouse-industrial-dubai.webp","/blog/logistics-warehouse-construction-planning-guide","Authority sequence and document ownership / Transparent editorial ownership","card","project-warehouse-industrial-dubai.webp","1600","1067","webp","e4ef2024be4b8171e52da5857e3bf5568b5a04ee5a3ca041c5d30a1560ac9940","unsplash:photo-1592085198739-ffcad7f36b54","89","true","Important content image","Missing distinct real replacement; inherited duplicate retained pending suitable photograph"
"/images/project-authority-approvals-dubai.webp","/blog/logistics-warehouse-construction-planning-guide","Cost and programme reasoning for the planning guide decision / Transparent editorial ownership","card","project-authority-approvals-dubai.webp","1600","1067","webp","9e6a366db121844fa3314f16050b33b077dcbcad8db4e5e18f35732dd43d074e","unsplash:photo-1581674662583-5e89b374fae6","172","true","Important content image","Missing distinct real replacement; inherited duplicate retained pending suitable photograph"
"/images/internal/industrial-steel-roof.webp","/blog/logistics-warehouse-construction-planning-guide","What a useful first technical meeting should produce / Transparent editorial ownership","card","industrial-steel-roof.webp","1920","1280","webp","4af6a0eb63cd82e853bc16e10c68342823c19ecca46e608b0c58b793e26760bb","unsplash:photo-1662120399978-738d233edbec","98","true","Important content image","Missing distinct real replacement; inherited duplicate retained pending suitable photograph"
"/images/internal/project-site-coordination.webp","/blog/logistics-warehouse-construction-planning-guide","Review busy periods and exceptions before fixing external works / Transparent editorial ownership","card","project-site-coordination.webp","1920","1280","webp","cd9197528dbb538734f8115efdca5952004cce0152888935f914030a997fbd69","unsplash:photo-1742112125567-3e8967bad60f","196","true","Important content image","Missing distinct real replacement; inherited duplicate retained pending suitable photograph"
"/images/emitronix-logo.png","/blog/logistics-warehouse-construction-timeline-process","header","card","emitronix-logo.png","1728","404","png","0c588c75d70f3ec952c8f687709cd1eb2fb573955d446b39d6f7a1c6c625e08d","/images/emitronix-logo","516","false","Logo/brand asset","Retain permitted shared brand/UI asset"
"/images/emitronix-logo.png","/blog/logistics-warehouse-construction-timeline-process","Bring engineering clarity to your next Dubai build.","content image","emitronix-logo.png","1728","404","png","0c588c75d70f3ec952c8f687709cd1eb2fb573955d446b39d6f7a1c6c625e08d","/images/emitronix-logo","516","false","Logo/brand asset","Retain permitted shared brand/UI asset"
"/images/generated/blog/civil-construction-dubai-guide-2026-desktop.webp","/blog/logistics-warehouse-construction-timeline-process","Logistics Warehouse Construction: Timeline and Process / Transparent editorial ownership","hero","civil-construction-dubai-guide-2026-desktop.webp","1600","900","webp","45cbd5e3ec28454f5293adc49e186c5f672acf9fdfd1def5b2251a1d690ac258","/images/generated/blog/civil-construction-dubai-guide-2026","55","true","Important content image","Missing distinct real replacement; inherited duplicate retained pending suitable photograph"
"/images/project-warehouse-industrial-dubai.webp","/blog/logistics-warehouse-construction-timeline-process","Timeline and Process: define the scope before it becomes a price / Transparent editorial ownership","card","project-warehouse-industrial-dubai.webp","1600","1067","webp","e4ef2024be4b8171e52da5857e3bf5568b5a04ee5a3ca041c5d30a1560ac9940","unsplash:photo-1592085198739-ffcad7f36b54","89","true","Important content image","Missing distinct real replacement; inherited duplicate retained pending suitable photograph"
"/images/project-authority-approvals-dubai.webp","/blog/logistics-warehouse-construction-timeline-process","Engineering interfaces that control logistics warehouse construction / Transparent editorial ownership","card","project-authority-approvals-dubai.webp","1600","1067","webp","9e6a366db121844fa3314f16050b33b077dcbcad8db4e5e18f35732dd43d074e","unsplash:photo-1581674662583-5e89b374fae6","172","true","Important content image","Missing distinct real replacement; inherited duplicate retained pending suitable photograph"
"/images/internal/industrial-steel-roof.webp","/blog/logistics-warehouse-construction-timeline-process","How to challenge a contractor proposal / Transparent editorial ownership","card","industrial-steel-roof.webp","1920","1280","webp","4af6a0eb63cd82e853bc16e10c68342823c19ecca46e608b0c58b793e26760bb","unsplash:photo-1662120399978-738d233edbec","98","true","Important content image","Missing distinct real replacement; inherited duplicate retained pending suitable photograph"
"/images/internal/project-site-coordination.webp","/blog/logistics-warehouse-construction-timeline-process","What a useful first technical meeting should produce / Transparent editorial ownership","card","project-site-coordination.webp","1920","1280","webp","cd9197528dbb538734f8115efdca5952004cce0152888935f914030a997fbd69","unsplash:photo-1742112125567-3e8967bad60f","196","true","Important content image","Missing distinct real replacement; inherited duplicate retained pending suitable photograph"
"/images/emitronix-logo.png","/blog/steel-warehouse-construction-dubai-approval-checklist","header","card","emitronix-logo.png","1728","404","png","0c588c75d70f3ec952c8f687709cd1eb2fb573955d446b39d6f7a1c6c625e08d","/images/emitronix-logo","516","false","Logo/brand asset","Retain permitted shared brand/UI asset"
"/images/emitronix-logo.png","/blog/steel-warehouse-construction-dubai-approval-checklist","Bring engineering clarity to your next Dubai build.","content image","emitronix-logo.png","1728","404","png","0c588c75d70f3ec952c8f687709cd1eb2fb573955d446b39d6f7a1c6c625e08d","/images/emitronix-logo","516","false","Logo/brand asset","Retain permitted shared brand/UI asset"
"/images/generated/blog/warehouse-construction-planning-guide-desktop.webp","/blog/steel-warehouse-construction-dubai-approval-checklist","Steel Warehouse Construction Dubai: Approval Checklist / Transparent editorial ownership","hero","warehouse-construction-planning-guide-desktop.webp","1600","900","webp","a28f5d22cc3cca74e0ca3784fb469c955f53e466f6e9b040343bbadcf4b600f5","/images/generated/blog/warehouse-construction-planning-guide","53","true","Important content image","Missing distinct real replacement; inherited duplicate retained pending suitable photograph"
"/images/internal/warehouse-steel-frame.webp","/blog/steel-warehouse-construction-dubai-approval-checklist","Approval Checklist: define the scope before it becomes a price / Transparent editorial ownership","card","warehouse-steel-frame.webp","1920","1280","webp","920e4d7fafb7e3555576560f936b0f2ab05a5ecc92eafcdc9951574cf34ae91f","unsplash:photo-1649587345666-0f4ad68aa723","19","true","Important content image","Missing distinct real replacement; inherited duplicate retained pending suitable photograph"
"/images/internal/architectural-drawing-review.webp","/blog/steel-warehouse-construction-dubai-approval-checklist","Engineering interfaces that control steel warehouse construction dubai / Transparent editorial ownership","card","architectural-drawing-review.webp","1920","2768","webp","0242bd81c319b862ae61dd9d38bc8e4d8212b5ba25e6907ca56c07b1bf998804","unsplash:photo-1608303588026-884930af2559","95","true","Important content image","Missing distinct real replacement; inherited duplicate retained pending suitable photograph"
"/images/internal/industrial-steel-roof.webp","/blog/steel-warehouse-construction-dubai-approval-checklist","How to challenge a contractor proposal / Transparent editorial ownership","card","industrial-steel-roof.webp","1920","1280","webp","4af6a0eb63cd82e853bc16e10c68342823c19ecca46e608b0c58b793e26760bb","unsplash:photo-1662120399978-738d233edbec","98","true","Important content image","Missing distinct real replacement; inherited duplicate retained pending suitable photograph"
"/images/internal/project-site-coordination.webp","/blog/steel-warehouse-construction-dubai-approval-checklist","What a useful first technical meeting should produce / Transparent editorial ownership","card","project-site-coordination.webp","1920","1280","webp","cd9197528dbb538734f8115efdca5952004cce0152888935f914030a997fbd69","unsplash:photo-1742112125567-3e8967bad60f","196","true","Important content image","Missing distinct real replacement; inherited duplicate retained pending suitable photograph"
"/images/emitronix-logo.png","/blog/steel-warehouse-construction-dubai-contractor-selection","header","card","emitronix-logo.png","1728","404","png","0c588c75d70f3ec952c8f687709cd1eb2fb573955d446b39d6f7a1c6c625e08d","/images/emitronix-logo","516","false","Logo/brand asset","Retain permitted shared brand/UI asset"
"/images/emitronix-logo.png","/blog/steel-warehouse-construction-dubai-contractor-selection","Bring engineering clarity to your next Dubai build.","content image","emitronix-logo.png","1728","404","png","0c588c75d70f3ec952c8f687709cd1eb2fb573955d446b39d6f7a1c6c625e08d","/images/emitronix-logo","516","false","Logo/brand asset","Retain permitted shared brand/UI asset"
"/images/generated/blog/choosing-building-contractor-dubai-desktop.webp","/blog/steel-warehouse-construction-dubai-contractor-selection","Steel Warehouse Construction Dubai: Contractor Selection / Transparent editorial ownership","hero","choosing-building-contractor-dubai-desktop.webp","1600","900","webp","3684f53e8c347aa311979d8ebc4044e4e49ae4f4dadea0ef739a939bd5221452","/images/generated/blog/choosing-building-contractor-dubai","53","true","Important content image","Missing distinct real replacement; inherited duplicate retained pending suitable photograph"
"/images/internal/warehouse-steel-frame.webp","/blog/steel-warehouse-construction-dubai-contractor-selection","Contractor Selection: define the scope before it becomes a price / Transparent editorial ownership","card","warehouse-steel-frame.webp","1920","1280","webp","920e4d7fafb7e3555576560f936b0f2ab05a5ecc92eafcdc9951574cf34ae91f","unsplash:photo-1649587345666-0f4ad68aa723","19","true","Important content image","Missing distinct real replacement; inherited duplicate retained pending suitable photograph"
"/images/internal/architectural-drawing-review.webp","/blog/steel-warehouse-construction-dubai-contractor-selection","Engineering interfaces that control steel warehouse construction dubai / Transparent editorial ownership","card","architectural-drawing-review.webp","1920","2768","webp","0242bd81c319b862ae61dd9d38bc8e4d8212b5ba25e6907ca56c07b1bf998804","unsplash:photo-1608303588026-884930af2559","95","true","Important content image","Missing distinct real replacement; inherited duplicate retained pending suitable photograph"
"/images/internal/industrial-steel-roof.webp","/blog/steel-warehouse-construction-dubai-contractor-selection","How to challenge a contractor proposal / Transparent editorial ownership","card","industrial-steel-roof.webp","1920","1280","webp","4af6a0eb63cd82e853bc16e10c68342823c19ecca46e608b0c58b793e26760bb","unsplash:photo-1662120399978-738d233edbec","98","true","Important content image","Missing distinct real replacement; inherited duplicate retained pending suitable photograph"
"/images/internal/project-site-coordination.webp","/blog/steel-warehouse-construction-dubai-contractor-selection","What a useful first technical meeting should produce / Transparent editorial ownership","card","project-site-coordination.webp","1920","1280","webp","cd9197528dbb538734f8115efdca5952004cce0152888935f914030a997fbd69","unsplash:photo-1742112125567-3e8967bad60f","196","true","Important content image","Missing distinct real replacement; inherited duplicate retained pending suitable photograph"
"/images/emitronix-logo.png","/blog/steel-warehouse-construction-dubai-cost-factors","header","card","emitronix-logo.png","1728","404","png","0c588c75d70f3ec952c8f687709cd1eb2fb573955d446b39d6f7a1c6c625e08d","/images/emitronix-logo","516","false","Logo/brand asset","Retain permitted shared brand/UI asset"
"/images/emitronix-logo.png","/blog/steel-warehouse-construction-dubai-cost-factors","Bring engineering clarity to your next Dubai build.","content image","emitronix-logo.png","1728","404","png","0c588c75d70f3ec952c8f687709cd1eb2fb573955d446b39d6f7a1c6c625e08d","/images/emitronix-logo","516","false","Logo/brand asset","Retain permitted shared brand/UI asset"
"/images/generated/blog/civil-construction-dubai-guide-2026-desktop.webp","/blog/steel-warehouse-construction-dubai-cost-factors","Steel Warehouse Construction Dubai: Cost Factors / Transparent editorial ownership","hero","civil-construction-dubai-guide-2026-desktop.webp","1600","900","webp","45cbd5e3ec28454f5293adc49e186c5f672acf9fdfd1def5b2251a1d690ac258","/images/generated/blog/civil-construction-dubai-guide-2026","55","true","Important content image","Missing distinct real replacement; inherited duplicate retained pending suitable photograph"
"/images/internal/warehouse-steel-frame.webp","/blog/steel-warehouse-construction-dubai-cost-factors","Cost Factors: define the scope before it becomes a price / Transparent editorial ownership","card","warehouse-steel-frame.webp","1920","1280","webp","920e4d7fafb7e3555576560f936b0f2ab05a5ecc92eafcdc9951574cf34ae91f","unsplash:photo-1649587345666-0f4ad68aa723","19","true","Important content image","Missing distinct real replacement; inherited duplicate retained pending suitable photograph"
"/images/internal/architectural-drawing-review.webp","/blog/steel-warehouse-construction-dubai-cost-factors","Engineering interfaces that control steel warehouse construction dubai / Transparent editorial ownership","card","architectural-drawing-review.webp","1920","2768","webp","0242bd81c319b862ae61dd9d38bc8e4d8212b5ba25e6907ca56c07b1bf998804","unsplash:photo-1608303588026-884930af2559","95","true","Important content image","Missing distinct real replacement; inherited duplicate retained pending suitable photograph"
"/images/internal/industrial-steel-roof.webp","/blog/steel-warehouse-construction-dubai-cost-factors","How to challenge a contractor proposal / Transparent editorial ownership","card","industrial-steel-roof.webp","1920","1280","webp","4af6a0eb63cd82e853bc16e10c68342823c19ecca46e608b0c58b793e26760bb","unsplash:photo-1662120399978-738d233edbec","98","true","Important content image","Missing distinct real replacement; inherited duplicate retained pending suitable photograph"
"/images/internal/project-site-coordination.webp","/blog/steel-warehouse-construction-dubai-cost-factors","What a useful first technical meeting should produce / Transparent editorial ownership","card","project-site-coordination.webp","1920","1280","webp","cd9197528dbb538734f8115efdca5952004cce0152888935f914030a997fbd69","unsplash:photo-1742112125567-3e8967bad60f","196","true","Important content image","Missing distinct real replacement; inherited duplicate retained pending suitable photograph"
"/images/emitronix-logo.png","/blog/steel-warehouse-construction-dubai-planning-guide","header","card","emitronix-logo.png","1728","404","png","0c588c75d70f3ec952c8f687709cd1eb2fb573955d446b39d6f7a1c6c625e08d","/images/emitronix-logo","516","false","Logo/brand asset","Retain permitted shared brand/UI asset"
"/images/emitronix-logo.png","/blog/steel-warehouse-construction-dubai-planning-guide","Bring engineering clarity to your next Dubai build.","content image","emitronix-logo.png","1728","404","png","0c588c75d70f3ec952c8f687709cd1eb2fb573955d446b39d6f7a1c6c625e08d","/images/emitronix-logo","516","false","Logo/brand asset","Retain permitted shared brand/UI asset"
"/images/generated/blog/choosing-building-contractor-dubai-desktop.webp","/blog/steel-warehouse-construction-dubai-planning-guide","Steel Warehouse Construction Dubai: Planning Guide / Transparent editorial ownership","hero","choosing-building-contractor-dubai-desktop.webp","1600","900","webp","3684f53e8c347aa311979d8ebc4044e4e49ae4f4dadea0ef739a939bd5221452","/images/generated/blog/choosing-building-contractor-dubai","53","true","Important content image","Missing distinct real replacement; inherited duplicate retained pending suitable photograph"
"/images/internal/warehouse-steel-frame.webp","/blog/steel-warehouse-construction-dubai-planning-guide","Planning Guide: define the scope before it becomes a price / Transparent editorial ownership","card","warehouse-steel-frame.webp","1920","1280","webp","920e4d7fafb7e3555576560f936b0f2ab05a5ecc92eafcdc9951574cf34ae91f","unsplash:photo-1649587345666-0f4ad68aa723","19","true","Important content image","Missing distinct real replacement; inherited duplicate retained pending suitable photograph"
"/images/internal/architectural-drawing-review.webp","/blog/steel-warehouse-construction-dubai-planning-guide","Engineering interfaces that control steel warehouse construction dubai / Transparent editorial ownership","card","architectural-drawing-review.webp","1920","2768","webp","0242bd81c319b862ae61dd9d38bc8e4d8212b5ba25e6907ca56c07b1bf998804","unsplash:photo-1608303588026-884930af2559","95","true","Important content image","Missing distinct real replacement; inherited duplicate retained pending suitable photograph"
"/images/internal/industrial-steel-roof.webp","/blog/steel-warehouse-construction-dubai-planning-guide","How to challenge a contractor proposal / Transparent editorial ownership","card","industrial-steel-roof.webp","1920","1280","webp","4af6a0eb63cd82e853bc16e10c68342823c19ecca46e608b0c58b793e26760bb","unsplash:photo-1662120399978-738d233edbec","98","true","Important content image","Missing distinct real replacement; inherited duplicate retained pending suitable photograph"
"/images/internal/project-site-coordination.webp","/blog/steel-warehouse-construction-dubai-planning-guide","What a useful first technical meeting should produce / Transparent editorial ownership","card","project-site-coordination.webp","1920","1280","webp","cd9197528dbb538734f8115efdca5952004cce0152888935f914030a997fbd69","unsplash:photo-1742112125567-3e8967bad60f","196","true","Important content image","Missing distinct real replacement; inherited duplicate retained pending suitable photograph"
"/images/emitronix-logo.png","/blog/steel-warehouse-construction-dubai-timeline-process","header","card","emitronix-logo.png","1728","404","png","0c588c75d70f3ec952c8f687709cd1eb2fb573955d446b39d6f7a1c6c625e08d","/images/emitronix-logo","516","false","Logo/brand asset","Retain permitted shared brand/UI asset"
"/images/emitronix-logo.png","/blog/steel-warehouse-construction-dubai-timeline-process","Bring engineering clarity to your next Dubai build.","content image","emitronix-logo.png","1728","404","png","0c588c75d70f3ec952c8f687709cd1eb2fb573955d446b39d6f7a1c6c625e08d","/images/emitronix-logo","516","false","Logo/brand asset","Retain permitted shared brand/UI asset"
"/images/generated/blog/dubai-authority-approvals-guide-desktop.webp","/blog/steel-warehouse-construction-dubai-timeline-process","Steel Warehouse Construction Dubai: Timeline and Process / Transparent editorial ownership","hero","dubai-authority-approvals-guide-desktop.webp","1600","900","webp","c1741ddab2b08da215d10241bbaad4ab63606eb3f48265246bf7ade3c3c0d839","/images/generated/blog/dubai-authority-approvals-guide","53","true","Important content image","Missing distinct real replacement; inherited duplicate retained pending suitable photograph"
"/images/internal/warehouse-steel-frame.webp","/blog/steel-warehouse-construction-dubai-timeline-process","Timeline and Process: define the scope before it becomes a price / Transparent editorial ownership","card","warehouse-steel-frame.webp","1920","1280","webp","920e4d7fafb7e3555576560f936b0f2ab05a5ecc92eafcdc9951574cf34ae91f","unsplash:photo-1649587345666-0f4ad68aa723","19","true","Important content image","Missing distinct real replacement; inherited duplicate retained pending suitable photograph"
"/images/internal/architectural-drawing-review.webp","/blog/steel-warehouse-construction-dubai-timeline-process","Engineering interfaces that control steel warehouse construction dubai / Transparent editorial ownership","card","architectural-drawing-review.webp","1920","2768","webp","0242bd81c319b862ae61dd9d38bc8e4d8212b5ba25e6907ca56c07b1bf998804","unsplash:photo-1608303588026-884930af2559","95","true","Important content image","Missing distinct real replacement; inherited duplicate retained pending suitable photograph"
"/images/internal/industrial-steel-roof.webp","/blog/steel-warehouse-construction-dubai-timeline-process","How to challenge a contractor proposal / Transparent editorial ownership","card","industrial-steel-roof.webp","1920","1280","webp","4af6a0eb63cd82e853bc16e10c68342823c19ecca46e608b0c58b793e26760bb","unsplash:photo-1662120399978-738d233edbec","98","true","Important content image","Missing distinct real replacement; inherited duplicate retained pending suitable photograph"
"/images/internal/project-site-coordination.webp","/blog/steel-warehouse-construction-dubai-timeline-process","What a useful first technical meeting should produce / Transparent editorial ownership","card","project-site-coordination.webp","1920","1280","webp","cd9197528dbb538734f8115efdca5952004cce0152888935f914030a997fbd69","unsplash:photo-1742112125567-3e8967bad60f","196","true","Important content image","Missing distinct real replacement; inherited duplicate retained pending suitable photograph"
"/images/emitronix-logo.png","/blog/warehouse-authority-approvals-dubai-approval-checklist","header","card","emitronix-logo.png","1728","404","png","0c588c75d70f3ec952c8f687709cd1eb2fb573955d446b39d6f7a1c6c625e08d","/images/emitronix-logo","516","false","Logo/brand asset","Retain permitted shared brand/UI asset"
"/images/emitronix-logo.png","/blog/warehouse-authority-approvals-dubai-approval-checklist","Bring engineering clarity to your next Dubai build.","content image","emitronix-logo.png","1728","404","png","0c588c75d70f3ec952c8f687709cd1eb2fb573955d446b39d6f7a1c6c625e08d","/images/emitronix-logo","516","false","Logo/brand asset","Retain permitted shared brand/UI asset"
"/images/generated/blog/dubai-authority-approvals-guide-desktop.webp","/blog/warehouse-authority-approvals-dubai-approval-checklist","Warehouse Authority Approvals Dubai: Approval Checklist / Transparent editorial ownership","hero","dubai-authority-approvals-guide-desktop.webp","1600","900","webp","c1741ddab2b08da215d10241bbaad4ab63606eb3f48265246bf7ade3c3c0d839","/images/generated/blog/dubai-authority-approvals-guide","53","true","Important content image","Missing distinct real replacement; inherited duplicate retained pending suitable photograph"
"/images/internal/architectural-drawing-review.webp","/blog/warehouse-authority-approvals-dubai-approval-checklist","Approval Checklist: define the scope before it becomes a price / Transparent editorial ownership","card","architectural-drawing-review.webp","1920","2768","webp","0242bd81c319b862ae61dd9d38bc8e4d8212b5ba25e6907ca56c07b1bf998804","unsplash:photo-1608303588026-884930af2559","95","true","Important content image","Missing distinct real replacement; inherited duplicate retained pending suitable photograph"
"/images/project-authority-approvals-dubai.webp","/blog/warehouse-authority-approvals-dubai-approval-checklist","Engineering interfaces that control warehouse authority approvals dubai / Transparent editorial ownership","card","project-authority-approvals-dubai.webp","1600","1067","webp","9e6a366db121844fa3314f16050b33b077dcbcad8db4e5e18f35732dd43d074e","unsplash:photo-1581674662583-5e89b374fae6","172","true","Important content image","Missing distinct real replacement; inherited duplicate retained pending suitable photograph"
"/images/internal/project-site-coordination.webp","/blog/warehouse-authority-approvals-dubai-approval-checklist","How to challenge a contractor proposal / Transparent editorial ownership","card","project-site-coordination.webp","1920","1280","webp","cd9197528dbb538734f8115efdca5952004cce0152888935f914030a997fbd69","unsplash:photo-1742112125567-3e8967bad60f","196","true","Important content image","Missing distinct real replacement; inherited duplicate retained pending suitable photograph"
"/images/sections/office-records-desk.webp","/blog/warehouse-authority-approvals-dubai-approval-checklist","What a useful first technical meeting should produce / Transparent editorial ownership","card","office-records-desk.webp","1600","1068","webp","d6b58a32141aa1c8316b8d41b823e2e652c192a0875152e20590dd57092f2a82","pexels:8353764","50","true","Important content image","Missing distinct real replacement; inherited duplicate retained pending suitable photograph"
"/images/emitronix-logo.png","/blog/warehouse-authority-approvals-dubai-contractor-selection","header","card","emitronix-logo.png","1728","404","png","0c588c75d70f3ec952c8f687709cd1eb2fb573955d446b39d6f7a1c6c625e08d","/images/emitronix-logo","516","false","Logo/brand asset","Retain permitted shared brand/UI asset"
"/images/emitronix-logo.png","/blog/warehouse-authority-approvals-dubai-contractor-selection","Bring engineering clarity to your next Dubai build.","content image","emitronix-logo.png","1728","404","png","0c588c75d70f3ec952c8f687709cd1eb2fb573955d446b39d6f7a1c6c625e08d","/images/emitronix-logo","516","false","Logo/brand asset","Retain permitted shared brand/UI asset"
"/images/generated/blog/civil-construction-dubai-guide-2026-desktop.webp","/blog/warehouse-authority-approvals-dubai-contractor-selection","Warehouse Authority Approvals Dubai: Contractor Selection / Transparent editorial ownership","hero","civil-construction-dubai-guide-2026-desktop.webp","1600","900","webp","45cbd5e3ec28454f5293adc49e186c5f672acf9fdfd1def5b2251a1d690ac258","/images/generated/blog/civil-construction-dubai-guide-2026","55","true","Important content image","Missing distinct real replacement; inherited duplicate retained pending suitable photograph"
"/images/internal/architectural-drawing-review.webp","/blog/warehouse-authority-approvals-dubai-contractor-selection","Authority sequence and document ownership / Transparent editorial ownership","card","architectural-drawing-review.webp","1920","2768","webp","0242bd81c319b862ae61dd9d38bc8e4d8212b5ba25e6907ca56c07b1bf998804","unsplash:photo-1608303588026-884930af2559","95","true","Important content image","Missing distinct real replacement; inherited duplicate retained pending suitable photograph"
"/images/project-authority-approvals-dubai.webp","/blog/warehouse-authority-approvals-dubai-contractor-selection","Cost and programme reasoning for the contractor selection decision / Transparent editorial ownership","card","project-authority-approvals-dubai.webp","1600","1067","webp","9e6a366db121844fa3314f16050b33b077dcbcad8db4e5e18f35732dd43d074e","unsplash:photo-1581674662583-5e89b374fae6","172","true","Important content image","Missing distinct real replacement; inherited duplicate retained pending suitable photograph"
"/images/internal/project-site-coordination.webp","/blog/warehouse-authority-approvals-dubai-contractor-selection","What a useful first technical meeting should produce / Transparent editorial ownership","card","project-site-coordination.webp","1920","1280","webp","cd9197528dbb538734f8115efdca5952004cce0152888935f914030a997fbd69","unsplash:photo-1742112125567-3e8967bad60f","196","true","Important content image","Missing distinct real replacement; inherited duplicate retained pending suitable photograph"
"/images/sections/office-records-desk.webp","/blog/warehouse-authority-approvals-dubai-contractor-selection","Test proposal boundaries against an unresolved authority comment / Transparent editorial ownership","card","office-records-desk.webp","1600","1068","webp","d6b58a32141aa1c8316b8d41b823e2e652c192a0875152e20590dd57092f2a82","pexels:8353764","50","true","Important content image","Missing distinct real replacement; inherited duplicate retained pending suitable photograph"
"/images/emitronix-logo.png","/blog/warehouse-authority-approvals-dubai-cost-factors","header","card","emitronix-logo.png","1728","404","png","0c588c75d70f3ec952c8f687709cd1eb2fb573955d446b39d6f7a1c6c625e08d","/images/emitronix-logo","516","false","Logo/brand asset","Retain permitted shared brand/UI asset"
"/images/emitronix-logo.png","/blog/warehouse-authority-approvals-dubai-cost-factors","Bring engineering clarity to your next Dubai build.","content image","emitronix-logo.png","1728","404","png","0c588c75d70f3ec952c8f687709cd1eb2fb573955d446b39d6f7a1c6c625e08d","/images/emitronix-logo","516","false","Logo/brand asset","Retain permitted shared brand/UI asset"
"/images/generated/blog/choosing-building-contractor-dubai-desktop.webp","/blog/warehouse-authority-approvals-dubai-cost-factors","Warehouse Authority Approvals Dubai: Cost Factors / Transparent editorial ownership","hero","choosing-building-contractor-dubai-desktop.webp","1600","900","webp","3684f53e8c347aa311979d8ebc4044e4e49ae4f4dadea0ef739a939bd5221452","/images/generated/blog/choosing-building-contractor-dubai","53","true","Important content image","Missing distinct real replacement; inherited duplicate retained pending suitable photograph"
"/images/internal/architectural-drawing-review.webp","/blog/warehouse-authority-approvals-dubai-cost-factors","Cost Factors: define the scope before it becomes a price / Transparent editorial ownership","card","architectural-drawing-review.webp","1920","2768","webp","0242bd81c319b862ae61dd9d38bc8e4d8212b5ba25e6907ca56c07b1bf998804","unsplash:photo-1608303588026-884930af2559","95","true","Important content image","Missing distinct real replacement; inherited duplicate retained pending suitable photograph"
"/images/project-authority-approvals-dubai.webp","/blog/warehouse-authority-approvals-dubai-cost-factors","Engineering interfaces that control warehouse authority approvals dubai / Transparent editorial ownership","card","project-authority-approvals-dubai.webp","1600","1067","webp","9e6a366db121844fa3314f16050b33b077dcbcad8db4e5e18f35732dd43d074e","unsplash:photo-1581674662583-5e89b374fae6","172","true","Important content image","Missing distinct real replacement; inherited duplicate retained pending suitable photograph"
"/images/internal/project-site-coordination.webp","/blog/warehouse-authority-approvals-dubai-cost-factors","How to challenge a contractor proposal / Transparent editorial ownership","card","project-site-coordination.webp","1920","1280","webp","cd9197528dbb538734f8115efdca5952004cce0152888935f914030a997fbd69","unsplash:photo-1742112125567-3e8967bad60f","196","true","Important content image","Missing distinct real replacement; inherited duplicate retained pending suitable photograph"
"/images/sections/office-records-desk.webp","/blog/warehouse-authority-approvals-dubai-cost-factors","What a useful first technical meeting should produce / Transparent editorial ownership","card","office-records-desk.webp","1600","1068","webp","d6b58a32141aa1c8316b8d41b823e2e652c192a0875152e20590dd57092f2a82","pexels:8353764","50","true","Important content image","Missing distinct real replacement; inherited duplicate retained pending suitable photograph"
"/images/emitronix-logo.png","/blog/warehouse-authority-approvals-dubai-planning-guide","header","card","emitronix-logo.png","1728","404","png","0c588c75d70f3ec952c8f687709cd1eb2fb573955d446b39d6f7a1c6c625e08d","/images/emitronix-logo","516","false","Logo/brand asset","Retain permitted shared brand/UI asset"
"/images/emitronix-logo.png","/blog/warehouse-authority-approvals-dubai-planning-guide","Bring engineering clarity to your next Dubai build.","content image","emitronix-logo.png","1728","404","png","0c588c75d70f3ec952c8f687709cd1eb2fb573955d446b39d6f7a1c6c625e08d","/images/emitronix-logo","516","false","Logo/brand asset","Retain permitted shared brand/UI asset"
"/images/generated/blog/civil-construction-dubai-guide-2026-desktop.webp","/blog/warehouse-authority-approvals-dubai-planning-guide","Warehouse Authority Approvals Dubai: Planning Guide / Transparent editorial ownership","hero","civil-construction-dubai-guide-2026-desktop.webp","1600","900","webp","45cbd5e3ec28454f5293adc49e186c5f672acf9fdfd1def5b2251a1d690ac258","/images/generated/blog/civil-construction-dubai-guide-2026","55","true","Important content image","Missing distinct real replacement; inherited duplicate retained pending suitable photograph"
"/images/internal/architectural-drawing-review.webp","/blog/warehouse-authority-approvals-dubai-planning-guide","Planning Guide: define the scope before it becomes a price / Transparent editorial ownership","card","architectural-drawing-review.webp","1920","2768","webp","0242bd81c319b862ae61dd9d38bc8e4d8212b5ba25e6907ca56c07b1bf998804","unsplash:photo-1608303588026-884930af2559","95","true","Important content image","Missing distinct real replacement; inherited duplicate retained pending suitable photograph"
"/images/project-authority-approvals-dubai.webp","/blog/warehouse-authority-approvals-dubai-planning-guide","Engineering interfaces that control warehouse authority approvals dubai / Transparent editorial ownership","card","project-authority-approvals-dubai.webp","1600","1067","webp","9e6a366db121844fa3314f16050b33b077dcbcad8db4e5e18f35732dd43d074e","unsplash:photo-1581674662583-5e89b374fae6","172","true","Important content image","Missing distinct real replacement; inherited duplicate retained pending suitable photograph"
"/images/internal/project-site-coordination.webp","/blog/warehouse-authority-approvals-dubai-planning-guide","How to challenge a contractor proposal / Transparent editorial ownership","card","project-site-coordination.webp","1920","1280","webp","cd9197528dbb538734f8115efdca5952004cce0152888935f914030a997fbd69","unsplash:photo-1742112125567-3e8967bad60f","196","true","Important content image","Missing distinct real replacement; inherited duplicate retained pending suitable photograph"
"/images/sections/office-records-desk.webp","/blog/warehouse-authority-approvals-dubai-planning-guide","What a useful first technical meeting should produce / Transparent editorial ownership","card","office-records-desk.webp","1600","1068","webp","d6b58a32141aa1c8316b8d41b823e2e652c192a0875152e20590dd57092f2a82","pexels:8353764","50","true","Important content image","Missing distinct real replacement; inherited duplicate retained pending suitable photograph"
"/images/emitronix-logo.png","/blog/warehouse-authority-approvals-dubai-timeline-process","header","card","emitronix-logo.png","1728","404","png","0c588c75d70f3ec952c8f687709cd1eb2fb573955d446b39d6f7a1c6c625e08d","/images/emitronix-logo","516","false","Logo/brand asset","Retain permitted shared brand/UI asset"
"/images/emitronix-logo.png","/blog/warehouse-authority-approvals-dubai-timeline-process","Bring engineering clarity to your next Dubai build.","content image","emitronix-logo.png","1728","404","png","0c588c75d70f3ec952c8f687709cd1eb2fb573955d446b39d6f7a1c6c625e08d","/images/emitronix-logo","516","false","Logo/brand asset","Retain permitted shared brand/UI asset"
"/images/generated/blog/warehouse-construction-planning-guide-desktop.webp","/blog/warehouse-authority-approvals-dubai-timeline-process","Warehouse Authority Approvals Dubai: Timeline and Process / Transparent editorial ownership","hero","warehouse-construction-planning-guide-desktop.webp","1600","900","webp","a28f5d22cc3cca74e0ca3784fb469c955f53e466f6e9b040343bbadcf4b600f5","/images/generated/blog/warehouse-construction-planning-guide","53","true","Important content image","Missing distinct real replacement; inherited duplicate retained pending suitable photograph"
"/images/internal/architectural-drawing-review.webp","/blog/warehouse-authority-approvals-dubai-timeline-process","Timeline and Process: define the scope before it becomes a price / Transparent editorial ownership","card","architectural-drawing-review.webp","1920","2768","webp","0242bd81c319b862ae61dd9d38bc8e4d8212b5ba25e6907ca56c07b1bf998804","unsplash:photo-1608303588026-884930af2559","95","true","Important content image","Missing distinct real replacement; inherited duplicate retained pending suitable photograph"
"/images/project-authority-approvals-dubai.webp","/blog/warehouse-authority-approvals-dubai-timeline-process","Engineering interfaces that control warehouse authority approvals dubai / Transparent editorial ownership","card","project-authority-approvals-dubai.webp","1600","1067","webp","9e6a366db121844fa3314f16050b33b077dcbcad8db4e5e18f35732dd43d074e","unsplash:photo-1581674662583-5e89b374fae6","172","true","Important content image","Missing distinct real replacement; inherited duplicate retained pending suitable photograph"
"/images/internal/project-site-coordination.webp","/blog/warehouse-authority-approvals-dubai-timeline-process","How to challenge a contractor proposal / Transparent editorial ownership","card","project-site-coordination.webp","1920","1280","webp","cd9197528dbb538734f8115efdca5952004cce0152888935f914030a997fbd69","unsplash:photo-1742112125567-3e8967bad60f","196","true","Important content image","Missing distinct real replacement; inherited duplicate retained pending suitable photograph"
"/images/sections/office-records-desk.webp","/blog/warehouse-authority-approvals-dubai-timeline-process","What a useful first technical meeting should produce / Transparent editorial ownership","card","office-records-desk.webp","1600","1068","webp","d6b58a32141aa1c8316b8d41b823e2e652c192a0875152e20590dd57092f2a82","pexels:8353764","50","true","Important content image","Missing distinct real replacement; inherited duplicate retained pending suitable photograph"
"/images/emitronix-logo.png","/blog/warehouse-construction-dubai-approval-checklist","header","card","emitronix-logo.png","1728","404","png","0c588c75d70f3ec952c8f687709cd1eb2fb573955d446b39d6f7a1c6c625e08d","/images/emitronix-logo","516","false","Logo/brand asset","Retain permitted shared brand/UI asset"
"/images/emitronix-logo.png","/blog/warehouse-construction-dubai-approval-checklist","Bring engineering clarity to your next Dubai build.","content image","emitronix-logo.png","1728","404","png","0c588c75d70f3ec952c8f687709cd1eb2fb573955d446b39d6f7a1c6c625e08d","/images/emitronix-logo","516","false","Logo/brand asset","Retain permitted shared brand/UI asset"
"/images/generated/blog/civil-construction-dubai-guide-2026-desktop.webp","/blog/warehouse-construction-dubai-approval-checklist","Warehouse Construction Dubai: Approval Checklist / Transparent editorial ownership","hero","civil-construction-dubai-guide-2026-desktop.webp","1600","900","webp","45cbd5e3ec28454f5293adc49e186c5f672acf9fdfd1def5b2251a1d690ac258","/images/generated/blog/civil-construction-dubai-guide-2026","55","true","Important content image","Missing distinct real replacement; inherited duplicate retained pending suitable photograph"
"/images/internal/architectural-drawing-review.webp","/blog/warehouse-construction-dubai-approval-checklist","Approval Checklist: define the scope before it becomes a price / Transparent editorial ownership","card","architectural-drawing-review.webp","1920","2768","webp","0242bd81c319b862ae61dd9d38bc8e4d8212b5ba25e6907ca56c07b1bf998804","unsplash:photo-1608303588026-884930af2559","95","true","Important content image","Missing distinct real replacement; inherited duplicate retained pending suitable photograph"
"/images/project-authority-approvals-dubai.webp","/blog/warehouse-construction-dubai-approval-checklist","Engineering interfaces that control warehouse construction dubai / Transparent editorial ownership","card","project-authority-approvals-dubai.webp","1600","1067","webp","9e6a366db121844fa3314f16050b33b077dcbcad8db4e5e18f35732dd43d074e","unsplash:photo-1581674662583-5e89b374fae6","172","true","Important content image","Missing distinct real replacement; inherited duplicate retained pending suitable photograph"
"/images/internal/project-site-coordination.webp","/blog/warehouse-construction-dubai-approval-checklist","How to challenge a contractor proposal / Transparent editorial ownership","card","project-site-coordination.webp","1920","1280","webp","cd9197528dbb538734f8115efdca5952004cce0152888935f914030a997fbd69","unsplash:photo-1742112125567-3e8967bad60f","196","true","Important content image","Missing distinct real replacement; inherited duplicate retained pending suitable photograph"
"/images/sections/office-records-desk.webp","/blog/warehouse-construction-dubai-approval-checklist","What a useful first technical meeting should produce / Transparent editorial ownership","card","office-records-desk.webp","1600","1068","webp","d6b58a32141aa1c8316b8d41b823e2e652c192a0875152e20590dd57092f2a82","pexels:8353764","50","true","Important content image","Missing distinct real replacement; inherited duplicate retained pending suitable photograph"
"/images/emitronix-logo.png","/blog/warehouse-construction-dubai-contractor-selection","header","card","emitronix-logo.png","1728","404","png","0c588c75d70f3ec952c8f687709cd1eb2fb573955d446b39d6f7a1c6c625e08d","/images/emitronix-logo","516","false","Logo/brand asset","Retain permitted shared brand/UI asset"
"/images/emitronix-logo.png","/blog/warehouse-construction-dubai-contractor-selection","Bring engineering clarity to your next Dubai build.","content image","emitronix-logo.png","1728","404","png","0c588c75d70f3ec952c8f687709cd1eb2fb573955d446b39d6f7a1c6c625e08d","/images/emitronix-logo","516","false","Logo/brand asset","Retain permitted shared brand/UI asset"
"/images/generated/blog/warehouse-construction-planning-guide-desktop.webp","/blog/warehouse-construction-dubai-contractor-selection","Warehouse Construction Dubai: Contractor Selection / Transparent editorial ownership","hero","warehouse-construction-planning-guide-desktop.webp","1600","900","webp","a28f5d22cc3cca74e0ca3784fb469c955f53e466f6e9b040343bbadcf4b600f5","/images/generated/blog/warehouse-construction-planning-guide","53","true","Important content image","Missing distinct real replacement; inherited duplicate retained pending suitable photograph"
"/images/project-warehouse-industrial-dubai.webp","/blog/warehouse-construction-dubai-contractor-selection","Contractor Selection: define the scope before it becomes a price / Transparent editorial ownership","card","project-warehouse-industrial-dubai.webp","1600","1067","webp","e4ef2024be4b8171e52da5857e3bf5568b5a04ee5a3ca041c5d30a1560ac9940","unsplash:photo-1592085198739-ffcad7f36b54","89","true","Important content image","Missing distinct real replacement; inherited duplicate retained pending suitable photograph"
"/images/project-authority-approvals-dubai.webp","/blog/warehouse-construction-dubai-contractor-selection","Engineering interfaces that control warehouse construction dubai / Transparent editorial ownership","card","project-authority-approvals-dubai.webp","1600","1067","webp","9e6a366db121844fa3314f16050b33b077dcbcad8db4e5e18f35732dd43d074e","unsplash:photo-1581674662583-5e89b374fae6","172","true","Important content image","Missing distinct real replacement; inherited duplicate retained pending suitable photograph"
"/images/internal/industrial-steel-roof.webp","/blog/warehouse-construction-dubai-contractor-selection","How to challenge a contractor proposal / Transparent editorial ownership","card","industrial-steel-roof.webp","1920","1280","webp","4af6a0eb63cd82e853bc16e10c68342823c19ecca46e608b0c58b793e26760bb","unsplash:photo-1662120399978-738d233edbec","98","true","Important content image","Missing distinct real replacement; inherited duplicate retained pending suitable photograph"
"/images/internal/project-site-coordination.webp","/blog/warehouse-construction-dubai-contractor-selection","What a useful first technical meeting should produce / Transparent editorial ownership","card","project-site-coordination.webp","1920","1280","webp","cd9197528dbb538734f8115efdca5952004cce0152888935f914030a997fbd69","unsplash:photo-1742112125567-3e8967bad60f","196","true","Important content image","Missing distinct real replacement; inherited duplicate retained pending suitable photograph"
"/images/emitronix-logo.png","/blog/warehouse-construction-dubai-cost-factors","header","card","emitronix-logo.png","1728","404","png","0c588c75d70f3ec952c8f687709cd1eb2fb573955d446b39d6f7a1c6c625e08d","/images/emitronix-logo","516","false","Logo/brand asset","Retain permitted shared brand/UI asset"
"/images/emitronix-logo.png","/blog/warehouse-construction-dubai-cost-factors","Bring engineering clarity to your next Dubai build.","content image","emitronix-logo.png","1728","404","png","0c588c75d70f3ec952c8f687709cd1eb2fb573955d446b39d6f7a1c6c625e08d","/images/emitronix-logo","516","false","Logo/brand asset","Retain permitted shared brand/UI asset"
"/images/generated/blog/dubai-authority-approvals-guide-desktop.webp","/blog/warehouse-construction-dubai-cost-factors","Warehouse Construction Dubai: Cost Factors / Transparent editorial ownership","hero","dubai-authority-approvals-guide-desktop.webp","1600","900","webp","c1741ddab2b08da215d10241bbaad4ab63606eb3f48265246bf7ade3c3c0d839","/images/generated/blog/dubai-authority-approvals-guide","53","true","Important content image","Missing distinct real replacement; inherited duplicate retained pending suitable photograph"
"/images/project-warehouse-industrial-dubai.webp","/blog/warehouse-construction-dubai-cost-factors","Cost Factors: define the scope before it becomes a price / Transparent editorial ownership","card","project-warehouse-industrial-dubai.webp","1600","1067","webp","e4ef2024be4b8171e52da5857e3bf5568b5a04ee5a3ca041c5d30a1560ac9940","unsplash:photo-1592085198739-ffcad7f36b54","89","true","Important content image","Missing distinct real replacement; inherited duplicate retained pending suitable photograph"
"/images/project-authority-approvals-dubai.webp","/blog/warehouse-construction-dubai-cost-factors","Engineering interfaces that control warehouse construction dubai / Transparent editorial ownership","card","project-authority-approvals-dubai.webp","1600","1067","webp","9e6a366db121844fa3314f16050b33b077dcbcad8db4e5e18f35732dd43d074e","unsplash:photo-1581674662583-5e89b374fae6","172","true","Important content image","Missing distinct real replacement; inherited duplicate retained pending suitable photograph"
"/images/internal/industrial-steel-roof.webp","/blog/warehouse-construction-dubai-cost-factors","How to challenge a contractor proposal / Transparent editorial ownership","card","industrial-steel-roof.webp","1920","1280","webp","4af6a0eb63cd82e853bc16e10c68342823c19ecca46e608b0c58b793e26760bb","unsplash:photo-1662120399978-738d233edbec","98","true","Important content image","Missing distinct real replacement; inherited duplicate retained pending suitable photograph"
"/images/internal/project-site-coordination.webp","/blog/warehouse-construction-dubai-cost-factors","What a useful first technical meeting should produce / Transparent editorial ownership","card","project-site-coordination.webp","1920","1280","webp","cd9197528dbb538734f8115efdca5952004cce0152888935f914030a997fbd69","unsplash:photo-1742112125567-3e8967bad60f","196","true","Important content image","Missing distinct real replacement; inherited duplicate retained pending suitable photograph"
"/images/emitronix-logo.png","/blog/warehouse-construction-dubai-planning-design-authority-approvals","header","card","emitronix-logo.png","1728","404","png","0c588c75d70f3ec952c8f687709cd1eb2fb573955d446b39d6f7a1c6c625e08d","/images/emitronix-logo","516","false","Logo/brand asset","Retain permitted shared brand/UI asset"
"/images/emitronix-logo.png","/blog/warehouse-construction-dubai-planning-design-authority-approvals","Bring engineering clarity to your next Dubai build.","content image","emitronix-logo.png","1728","404","png","0c588c75d70f3ec952c8f687709cd1eb2fb573955d446b39d6f7a1c6c625e08d","/images/emitronix-logo","516","false","Logo/brand asset","Retain permitted shared brand/UI asset"
"/images/generated/blog/warehouse-construction-planning-guide-desktop.webp","/blog/warehouse-construction-dubai-planning-design-authority-approvals","Warehouse Construction in Dubai: Planning, Design & Authority Approvals / Transparent editorial ownership","hero","warehouse-construction-planning-guide-desktop.webp","1600","900","webp","a28f5d22cc3cca74e0ca3784fb469c955f53e466f6e9b040343bbadcf4b600f5","/images/generated/blog/warehouse-construction-planning-guide","53","true","Important content image","Missing distinct real replacement; inherited duplicate retained pending suitable photograph"
"/images/internal/architectural-drawing-review.webp","/blog/warehouse-construction-dubai-planning-design-authority-approvals","Civil Works and Structural Coordination / Transparent editorial ownership","card","architectural-drawing-review.webp","1920","2768","webp","0242bd81c319b862ae61dd9d38bc8e4d8212b5ba25e6907ca56c07b1bf998804","unsplash:photo-1608303588026-884930af2559","95","true","Important content image","Missing distinct real replacement; inherited duplicate retained pending suitable photograph"
"/images/project-authority-approvals-dubai.webp","/blog/warehouse-construction-dubai-planning-design-authority-approvals","Utility Connections and DEWA Planning / Transparent editorial ownership","card","project-authority-approvals-dubai.webp","1600","1067","webp","9e6a366db121844fa3314f16050b33b077dcbcad8db4e5e18f35732dd43d074e","unsplash:photo-1581674662583-5e89b374fae6","172","true","Important content image","Missing distinct real replacement; inherited duplicate retained pending suitable photograph"
"/images/internal/project-site-coordination.webp","/blog/warehouse-construction-dubai-planning-design-authority-approvals","Cost Optimization Without Cutting Control / Transparent editorial ownership","card","project-site-coordination.webp","1920","1280","webp","cd9197528dbb538734f8115efdca5952004cce0152888935f914030a997fbd69","unsplash:photo-1742112125567-3e8967bad60f","196","true","Important content image","Missing distinct real replacement; inherited duplicate retained pending suitable photograph"
"/images/sections/office-records-desk.webp","/blog/warehouse-construction-dubai-planning-design-authority-approvals","What Makes a Warehouse Enquiry Reviewable / Transparent editorial ownership","card","office-records-desk.webp","1600","1068","webp","d6b58a32141aa1c8316b8d41b823e2e652c192a0875152e20590dd57092f2a82","pexels:8353764","50","true","Important content image","Missing distinct real replacement; inherited duplicate retained pending suitable photograph"
"/images/emitronix-logo.png","/blog/warehouse-construction-dubai-planning-guide","header","card","emitronix-logo.png","1728","404","png","0c588c75d70f3ec952c8f687709cd1eb2fb573955d446b39d6f7a1c6c625e08d","/images/emitronix-logo","516","false","Logo/brand asset","Retain permitted shared brand/UI asset"
"/images/emitronix-logo.png","/blog/warehouse-construction-dubai-planning-guide","Bring engineering clarity to your next Dubai build.","content image","emitronix-logo.png","1728","404","png","0c588c75d70f3ec952c8f687709cd1eb2fb573955d446b39d6f7a1c6c625e08d","/images/emitronix-logo","516","false","Logo/brand asset","Retain permitted shared brand/UI asset"
"/images/generated/blog/warehouse-construction-planning-guide-desktop.webp","/blog/warehouse-construction-dubai-planning-guide","Warehouse Construction Dubai: Planning Guide / Transparent editorial ownership","hero","warehouse-construction-planning-guide-desktop.webp","1600","900","webp","a28f5d22cc3cca74e0ca3784fb469c955f53e466f6e9b040343bbadcf4b600f5","/images/generated/blog/warehouse-construction-planning-guide","53","true","Important content image","Missing distinct real replacement; inherited duplicate retained pending suitable photograph"
"/images/project-warehouse-industrial-dubai.webp","/blog/warehouse-construction-dubai-planning-guide","Planning Guide: define the scope before it becomes a price / Transparent editorial ownership","card","project-warehouse-industrial-dubai.webp","1600","1067","webp","e4ef2024be4b8171e52da5857e3bf5568b5a04ee5a3ca041c5d30a1560ac9940","unsplash:photo-1592085198739-ffcad7f36b54","89","true","Important content image","Missing distinct real replacement; inherited duplicate retained pending suitable photograph"
"/images/project-authority-approvals-dubai.webp","/blog/warehouse-construction-dubai-planning-guide","Engineering interfaces that control warehouse construction dubai / Transparent editorial ownership","card","project-authority-approvals-dubai.webp","1600","1067","webp","9e6a366db121844fa3314f16050b33b077dcbcad8db4e5e18f35732dd43d074e","unsplash:photo-1581674662583-5e89b374fae6","172","true","Important content image","Missing distinct real replacement; inherited duplicate retained pending suitable photograph"
"/images/internal/industrial-steel-roof.webp","/blog/warehouse-construction-dubai-planning-guide","How to challenge a contractor proposal / Transparent editorial ownership","card","industrial-steel-roof.webp","1920","1280","webp","4af6a0eb63cd82e853bc16e10c68342823c19ecca46e608b0c58b793e26760bb","unsplash:photo-1662120399978-738d233edbec","98","true","Important content image","Missing distinct real replacement; inherited duplicate retained pending suitable photograph"
"/images/internal/project-site-coordination.webp","/blog/warehouse-construction-dubai-planning-guide","What a useful first technical meeting should produce / Transparent editorial ownership","card","project-site-coordination.webp","1920","1280","webp","cd9197528dbb538734f8115efdca5952004cce0152888935f914030a997fbd69","unsplash:photo-1742112125567-3e8967bad60f","196","true","Important content image","Missing distinct real replacement; inherited duplicate retained pending suitable photograph"
"/images/emitronix-logo.png","/blog/warehouse-construction-dubai-timeline-process","header","card","emitronix-logo.png","1728","404","png","0c588c75d70f3ec952c8f687709cd1eb2fb573955d446b39d6f7a1c6c625e08d","/images/emitronix-logo","516","false","Logo/brand asset","Retain permitted shared brand/UI asset"
"/images/emitronix-logo.png","/blog/warehouse-construction-dubai-timeline-process","Bring engineering clarity to your next Dubai build.","content image","emitronix-logo.png","1728","404","png","0c588c75d70f3ec952c8f687709cd1eb2fb573955d446b39d6f7a1c6c625e08d","/images/emitronix-logo","516","false","Logo/brand asset","Retain permitted shared brand/UI asset"
"/images/generated/blog/choosing-building-contractor-dubai-desktop.webp","/blog/warehouse-construction-dubai-timeline-process","Warehouse Construction Dubai: Timeline and Process / Transparent editorial ownership","hero","choosing-building-contractor-dubai-desktop.webp","1600","900","webp","3684f53e8c347aa311979d8ebc4044e4e49ae4f4dadea0ef739a939bd5221452","/images/generated/blog/choosing-building-contractor-dubai","53","true","Important content image","Missing distinct real replacement; inherited duplicate retained pending suitable photograph"
"/images/project-warehouse-industrial-dubai.webp","/blog/warehouse-construction-dubai-timeline-process","Timeline and Process: define the scope before it becomes a price / Transparent editorial ownership","card","project-warehouse-industrial-dubai.webp","1600","1067","webp","e4ef2024be4b8171e52da5857e3bf5568b5a04ee5a3ca041c5d30a1560ac9940","unsplash:photo-1592085198739-ffcad7f36b54","89","true","Important content image","Missing distinct real replacement; inherited duplicate retained pending suitable photograph"
"/images/project-authority-approvals-dubai.webp","/blog/warehouse-construction-dubai-timeline-process","Engineering interfaces that control warehouse construction dubai / Transparent editorial ownership","card","project-authority-approvals-dubai.webp","1600","1067","webp","9e6a366db121844fa3314f16050b33b077dcbcad8db4e5e18f35732dd43d074e","unsplash:photo-1581674662583-5e89b374fae6","172","true","Important content image","Missing distinct real replacement; inherited duplicate retained pending suitable photograph"
"/images/internal/industrial-steel-roof.webp","/blog/warehouse-construction-dubai-timeline-process","How to challenge a contractor proposal / Transparent editorial ownership","card","industrial-steel-roof.webp","1920","1280","webp","4af6a0eb63cd82e853bc16e10c68342823c19ecca46e608b0c58b793e26760bb","unsplash:photo-1662120399978-738d233edbec","98","true","Important content image","Missing distinct real replacement; inherited duplicate retained pending suitable photograph"
"/images/internal/project-site-coordination.webp","/blog/warehouse-construction-dubai-timeline-process","What a useful first technical meeting should produce / Transparent editorial ownership","card","project-site-coordination.webp","1920","1280","webp","cd9197528dbb538734f8115efdca5952004cce0152888935f914030a997fbd69","unsplash:photo-1742112125567-3e8967bad60f","196","true","Important content image","Missing distinct real replacement; inherited duplicate retained pending suitable photograph"
"/images/emitronix-logo.png","/blog/warehouse-contractors-dubai-approval-checklist","header","card","emitronix-logo.png","1728","404","png","0c588c75d70f3ec952c8f687709cd1eb2fb573955d446b39d6f7a1c6c625e08d","/images/emitronix-logo","516","false","Logo/brand asset","Retain permitted shared brand/UI asset"
"/images/emitronix-logo.png","/blog/warehouse-contractors-dubai-approval-checklist","Bring engineering clarity to your next Dubai build.","content image","emitronix-logo.png","1728","404","png","0c588c75d70f3ec952c8f687709cd1eb2fb573955d446b39d6f7a1c6c625e08d","/images/emitronix-logo","516","false","Logo/brand asset","Retain permitted shared brand/UI asset"
"/images/generated/blog/dubai-authority-approvals-guide-desktop.webp","/blog/warehouse-contractors-dubai-approval-checklist","Warehouse Contractors Dubai: Approval Checklist / Transparent editorial ownership","hero","dubai-authority-approvals-guide-desktop.webp","1600","900","webp","c1741ddab2b08da215d10241bbaad4ab63606eb3f48265246bf7ade3c3c0d839","/images/generated/blog/dubai-authority-approvals-guide","53","true","Important content image","Missing distinct real replacement; inherited duplicate retained pending suitable photograph"
"/images/internal/architectural-drawing-review.webp","/blog/warehouse-contractors-dubai-approval-checklist","Approval Checklist: define the scope before it becomes a price / Transparent editorial ownership","card","architectural-drawing-review.webp","1920","2768","webp","0242bd81c319b862ae61dd9d38bc8e4d8212b5ba25e6907ca56c07b1bf998804","unsplash:photo-1608303588026-884930af2559","95","true","Important content image","Missing distinct real replacement; inherited duplicate retained pending suitable photograph"
"/images/project-authority-approvals-dubai.webp","/blog/warehouse-contractors-dubai-approval-checklist","Engineering interfaces that control warehouse contractors dubai / Transparent editorial ownership","card","project-authority-approvals-dubai.webp","1600","1067","webp","9e6a366db121844fa3314f16050b33b077dcbcad8db4e5e18f35732dd43d074e","unsplash:photo-1581674662583-5e89b374fae6","172","true","Important content image","Missing distinct real replacement; inherited duplicate retained pending suitable photograph"
"/images/internal/project-site-coordination.webp","/blog/warehouse-contractors-dubai-approval-checklist","How to challenge a contractor proposal / Transparent editorial ownership","card","project-site-coordination.webp","1920","1280","webp","cd9197528dbb538734f8115efdca5952004cce0152888935f914030a997fbd69","unsplash:photo-1742112125567-3e8967bad60f","196","true","Important content image","Missing distinct real replacement; inherited duplicate retained pending suitable photograph"
"/images/sections/office-records-desk.webp","/blog/warehouse-contractors-dubai-approval-checklist","What a useful first technical meeting should produce / Transparent editorial ownership","card","office-records-desk.webp","1600","1068","webp","d6b58a32141aa1c8316b8d41b823e2e652c192a0875152e20590dd57092f2a82","pexels:8353764","50","true","Important content image","Missing distinct real replacement; inherited duplicate retained pending suitable photograph"
"/images/emitronix-logo.png","/blog/warehouse-contractors-dubai-contractor-selection","header","card","emitronix-logo.png","1728","404","png","0c588c75d70f3ec952c8f687709cd1eb2fb573955d446b39d6f7a1c6c625e08d","/images/emitronix-logo","516","false","Logo/brand asset","Retain permitted shared brand/UI asset"
"/images/emitronix-logo.png","/blog/warehouse-contractors-dubai-contractor-selection","Bring engineering clarity to your next Dubai build.","content image","emitronix-logo.png","1728","404","png","0c588c75d70f3ec952c8f687709cd1eb2fb573955d446b39d6f7a1c6c625e08d","/images/emitronix-logo","516","false","Logo/brand asset","Retain permitted shared brand/UI asset"
"/images/generated/blog/civil-construction-dubai-guide-2026-desktop.webp","/blog/warehouse-contractors-dubai-contractor-selection","Warehouse Contractors Dubai: Contractor Selection / Transparent editorial ownership","hero","civil-construction-dubai-guide-2026-desktop.webp","1600","900","webp","45cbd5e3ec28454f5293adc49e186c5f672acf9fdfd1def5b2251a1d690ac258","/images/generated/blog/civil-construction-dubai-guide-2026","55","true","Important content image","Missing distinct real replacement; inherited duplicate retained pending suitable photograph"
"/images/project-warehouse-industrial-dubai.webp","/blog/warehouse-contractors-dubai-contractor-selection","Contractor Selection: define the scope before it becomes a price / Transparent editorial ownership","card","project-warehouse-industrial-dubai.webp","1600","1067","webp","e4ef2024be4b8171e52da5857e3bf5568b5a04ee5a3ca041c5d30a1560ac9940","unsplash:photo-1592085198739-ffcad7f36b54","89","true","Important content image","Missing distinct real replacement; inherited duplicate retained pending suitable photograph"
"/images/project-authority-approvals-dubai.webp","/blog/warehouse-contractors-dubai-contractor-selection","Engineering interfaces that control warehouse contractors dubai / Transparent editorial ownership","card","project-authority-approvals-dubai.webp","1600","1067","webp","9e6a366db121844fa3314f16050b33b077dcbcad8db4e5e18f35732dd43d074e","unsplash:photo-1581674662583-5e89b374fae6","172","true","Important content image","Missing distinct real replacement; inherited duplicate retained pending suitable photograph"
"/images/internal/industrial-steel-roof.webp","/blog/warehouse-contractors-dubai-contractor-selection","How to challenge a contractor proposal / Transparent editorial ownership","card","industrial-steel-roof.webp","1920","1280","webp","4af6a0eb63cd82e853bc16e10c68342823c19ecca46e608b0c58b793e26760bb","unsplash:photo-1662120399978-738d233edbec","98","true","Important content image","Missing distinct real replacement; inherited duplicate retained pending suitable photograph"
"/images/internal/project-site-coordination.webp","/blog/warehouse-contractors-dubai-contractor-selection","What a useful first technical meeting should produce / Transparent editorial ownership","card","project-site-coordination.webp","1920","1280","webp","cd9197528dbb538734f8115efdca5952004cce0152888935f914030a997fbd69","unsplash:photo-1742112125567-3e8967bad60f","196","true","Important content image","Missing distinct real replacement; inherited duplicate retained pending suitable photograph"
"/images/emitronix-logo.png","/blog/warehouse-contractors-dubai-cost-factors","header","card","emitronix-logo.png","1728","404","png","0c588c75d70f3ec952c8f687709cd1eb2fb573955d446b39d6f7a1c6c625e08d","/images/emitronix-logo","516","false","Logo/brand asset","Retain permitted shared brand/UI asset"
"/images/emitronix-logo.png","/blog/warehouse-contractors-dubai-cost-factors","Bring engineering clarity to your next Dubai build.","content image","emitronix-logo.png","1728","404","png","0c588c75d70f3ec952c8f687709cd1eb2fb573955d446b39d6f7a1c6c625e08d","/images/emitronix-logo","516","false","Logo/brand asset","Retain permitted shared brand/UI asset"
"/images/generated/blog/choosing-building-contractor-dubai-desktop.webp","/blog/warehouse-contractors-dubai-cost-factors","Warehouse Contractors Dubai: Cost Factors / Transparent editorial ownership","hero","choosing-building-contractor-dubai-desktop.webp","1600","900","webp","3684f53e8c347aa311979d8ebc4044e4e49ae4f4dadea0ef739a939bd5221452","/images/generated/blog/choosing-building-contractor-dubai","53","true","Important content image","Missing distinct real replacement; inherited duplicate retained pending suitable photograph"
"/images/project-warehouse-industrial-dubai.webp","/blog/warehouse-contractors-dubai-cost-factors","Cost Factors: define the scope before it becomes a price / Transparent editorial ownership","card","project-warehouse-industrial-dubai.webp","1600","1067","webp","e4ef2024be4b8171e52da5857e3bf5568b5a04ee5a3ca041c5d30a1560ac9940","unsplash:photo-1592085198739-ffcad7f36b54","89","true","Important content image","Missing distinct real replacement; inherited duplicate retained pending suitable photograph"
"/images/project-authority-approvals-dubai.webp","/blog/warehouse-contractors-dubai-cost-factors","Engineering interfaces that control warehouse contractors dubai / Transparent editorial ownership","card","project-authority-approvals-dubai.webp","1600","1067","webp","9e6a366db121844fa3314f16050b33b077dcbcad8db4e5e18f35732dd43d074e","unsplash:photo-1581674662583-5e89b374fae6","172","true","Important content image","Missing distinct real replacement; inherited duplicate retained pending suitable photograph"
"/images/internal/industrial-steel-roof.webp","/blog/warehouse-contractors-dubai-cost-factors","How to challenge a contractor proposal / Transparent editorial ownership","card","industrial-steel-roof.webp","1920","1280","webp","4af6a0eb63cd82e853bc16e10c68342823c19ecca46e608b0c58b793e26760bb","unsplash:photo-1662120399978-738d233edbec","98","true","Important content image","Missing distinct real replacement; inherited duplicate retained pending suitable photograph"
"/images/internal/project-site-coordination.webp","/blog/warehouse-contractors-dubai-cost-factors","What a useful first technical meeting should produce / Transparent editorial ownership","card","project-site-coordination.webp","1920","1280","webp","cd9197528dbb538734f8115efdca5952004cce0152888935f914030a997fbd69","unsplash:photo-1742112125567-3e8967bad60f","196","true","Important content image","Missing distinct real replacement; inherited duplicate retained pending suitable photograph"
"/images/emitronix-logo.png","/blog/warehouse-contractors-dubai-planning-guide","header","card","emitronix-logo.png","1728","404","png","0c588c75d70f3ec952c8f687709cd1eb2fb573955d446b39d6f7a1c6c625e08d","/images/emitronix-logo","516","false","Logo/brand asset","Retain permitted shared brand/UI asset"
"/images/emitronix-logo.png","/blog/warehouse-contractors-dubai-planning-guide","Bring engineering clarity to your next Dubai build.","content image","emitronix-logo.png","1728","404","png","0c588c75d70f3ec952c8f687709cd1eb2fb573955d446b39d6f7a1c6c625e08d","/images/emitronix-logo","516","false","Logo/brand asset","Retain permitted shared brand/UI asset"
"/images/generated/blog/civil-construction-dubai-guide-2026-desktop.webp","/blog/warehouse-contractors-dubai-planning-guide","Warehouse Contractors Dubai: Planning Guide / Transparent editorial ownership","hero","civil-construction-dubai-guide-2026-desktop.webp","1600","900","webp","45cbd5e3ec28454f5293adc49e186c5f672acf9fdfd1def5b2251a1d690ac258","/images/generated/blog/civil-construction-dubai-guide-2026","55","true","Important content image","Missing distinct real replacement; inherited duplicate retained pending suitable photograph"
"/images/project-warehouse-industrial-dubai.webp","/blog/warehouse-contractors-dubai-planning-guide","Planning Guide: define the scope before it becomes a price / Transparent editorial ownership","card","project-warehouse-industrial-dubai.webp","1600","1067","webp","e4ef2024be4b8171e52da5857e3bf5568b5a04ee5a3ca041c5d30a1560ac9940","unsplash:photo-1592085198739-ffcad7f36b54","89","true","Important content image","Missing distinct real replacement; inherited duplicate retained pending suitable photograph"
"/images/project-authority-approvals-dubai.webp","/blog/warehouse-contractors-dubai-planning-guide","Engineering interfaces that control warehouse contractors dubai / Transparent editorial ownership","card","project-authority-approvals-dubai.webp","1600","1067","webp","9e6a366db121844fa3314f16050b33b077dcbcad8db4e5e18f35732dd43d074e","unsplash:photo-1581674662583-5e89b374fae6","172","true","Important content image","Missing distinct real replacement; inherited duplicate retained pending suitable photograph"
"/images/internal/industrial-steel-roof.webp","/blog/warehouse-contractors-dubai-planning-guide","How to challenge a contractor proposal / Transparent editorial ownership","card","industrial-steel-roof.webp","1920","1280","webp","4af6a0eb63cd82e853bc16e10c68342823c19ecca46e608b0c58b793e26760bb","unsplash:photo-1662120399978-738d233edbec","98","true","Important content image","Missing distinct real replacement; inherited duplicate retained pending suitable photograph"
"/images/internal/project-site-coordination.webp","/blog/warehouse-contractors-dubai-planning-guide","What a useful first technical meeting should produce / Transparent editorial ownership","card","project-site-coordination.webp","1920","1280","webp","cd9197528dbb538734f8115efdca5952004cce0152888935f914030a997fbd69","unsplash:photo-1742112125567-3e8967bad60f","196","true","Important content image","Missing distinct real replacement; inherited duplicate retained pending suitable photograph"
"/images/emitronix-logo.png","/blog/warehouse-contractors-dubai-timeline-process","header","card","emitronix-logo.png","1728","404","png","0c588c75d70f3ec952c8f687709cd1eb2fb573955d446b39d6f7a1c6c625e08d","/images/emitronix-logo","516","false","Logo/brand asset","Retain permitted shared brand/UI asset"
"/images/emitronix-logo.png","/blog/warehouse-contractors-dubai-timeline-process","Bring engineering clarity to your next Dubai build.","content image","emitronix-logo.png","1728","404","png","0c588c75d70f3ec952c8f687709cd1eb2fb573955d446b39d6f7a1c6c625e08d","/images/emitronix-logo","516","false","Logo/brand asset","Retain permitted shared brand/UI asset"
"/images/generated/blog/warehouse-construction-planning-guide-desktop.webp","/blog/warehouse-contractors-dubai-timeline-process","Warehouse Contractors Dubai: Timeline and Process / Transparent editorial ownership","hero","warehouse-construction-planning-guide-desktop.webp","1600","900","webp","a28f5d22cc3cca74e0ca3784fb469c955f53e466f6e9b040343bbadcf4b600f5","/images/generated/blog/warehouse-construction-planning-guide","53","true","Important content image","Missing distinct real replacement; inherited duplicate retained pending suitable photograph"
"/images/project-warehouse-industrial-dubai.webp","/blog/warehouse-contractors-dubai-timeline-process","Timeline and Process: define the scope before it becomes a price / Transparent editorial ownership","card","project-warehouse-industrial-dubai.webp","1600","1067","webp","e4ef2024be4b8171e52da5857e3bf5568b5a04ee5a3ca041c5d30a1560ac9940","unsplash:photo-1592085198739-ffcad7f36b54","89","true","Important content image","Missing distinct real replacement; inherited duplicate retained pending suitable photograph"
"/images/project-authority-approvals-dubai.webp","/blog/warehouse-contractors-dubai-timeline-process","Engineering interfaces that control warehouse contractors dubai / Transparent editorial ownership","card","project-authority-approvals-dubai.webp","1600","1067","webp","9e6a366db121844fa3314f16050b33b077dcbcad8db4e5e18f35732dd43d074e","unsplash:photo-1581674662583-5e89b374fae6","172","true","Important content image","Missing distinct real replacement; inherited duplicate retained pending suitable photograph"
"/images/internal/industrial-steel-roof.webp","/blog/warehouse-contractors-dubai-timeline-process","How to challenge a contractor proposal / Transparent editorial ownership","card","industrial-steel-roof.webp","1920","1280","webp","4af6a0eb63cd82e853bc16e10c68342823c19ecca46e608b0c58b793e26760bb","unsplash:photo-1662120399978-738d233edbec","98","true","Important content image","Missing distinct real replacement; inherited duplicate retained pending suitable photograph"
"/images/internal/project-site-coordination.webp","/blog/warehouse-contractors-dubai-timeline-process","What a useful first technical meeting should produce / Transparent editorial ownership","card","project-site-coordination.webp","1920","1280","webp","cd9197528dbb538734f8115efdca5952004cce0152888935f914030a997fbd69","unsplash:photo-1742112125567-3e8967bad60f","196","true","Important content image","Missing distinct real replacement; inherited duplicate retained pending suitable photograph"
"/images/emitronix-logo.png","/blog/warehouse-cost-planning-dubai-approval-checklist","header","card","emitronix-logo.png","1728","404","png","0c588c75d70f3ec952c8f687709cd1eb2fb573955d446b39d6f7a1c6c625e08d","/images/emitronix-logo","516","false","Logo/brand asset","Retain permitted shared brand/UI asset"
"/images/emitronix-logo.png","/blog/warehouse-cost-planning-dubai-approval-checklist","Bring engineering clarity to your next Dubai build.","content image","emitronix-logo.png","1728","404","png","0c588c75d70f3ec952c8f687709cd1eb2fb573955d446b39d6f7a1c6c625e08d","/images/emitronix-logo","516","false","Logo/brand asset","Retain permitted shared brand/UI asset"
"/images/generated/blog/choosing-building-contractor-dubai-desktop.webp","/blog/warehouse-cost-planning-dubai-approval-checklist","Warehouse Cost Planning Dubai: Approval Checklist / Transparent editorial ownership","hero","choosing-building-contractor-dubai-desktop.webp","1600","900","webp","3684f53e8c347aa311979d8ebc4044e4e49ae4f4dadea0ef739a939bd5221452","/images/generated/blog/choosing-building-contractor-dubai","53","true","Important content image","Missing distinct real replacement; inherited duplicate retained pending suitable photograph"
"/images/internal/architectural-drawing-review.webp","/blog/warehouse-cost-planning-dubai-approval-checklist","Approval Checklist: define the scope before it becomes a price / Transparent editorial ownership","card","architectural-drawing-review.webp","1920","2768","webp","0242bd81c319b862ae61dd9d38bc8e4d8212b5ba25e6907ca56c07b1bf998804","unsplash:photo-1608303588026-884930af2559","95","true","Important content image","Missing distinct real replacement; inherited duplicate retained pending suitable photograph"
"/images/project-authority-approvals-dubai.webp","/blog/warehouse-cost-planning-dubai-approval-checklist","Engineering interfaces that control warehouse cost planning dubai / Transparent editorial ownership","card","project-authority-approvals-dubai.webp","1600","1067","webp","9e6a366db121844fa3314f16050b33b077dcbcad8db4e5e18f35732dd43d074e","unsplash:photo-1581674662583-5e89b374fae6","172","true","Important content image","Missing distinct real replacement; inherited duplicate retained pending suitable photograph"
"/images/internal/project-site-coordination.webp","/blog/warehouse-cost-planning-dubai-approval-checklist","How to challenge a contractor proposal / Transparent editorial ownership","card","project-site-coordination.webp","1920","1280","webp","cd9197528dbb538734f8115efdca5952004cce0152888935f914030a997fbd69","unsplash:photo-1742112125567-3e8967bad60f","196","true","Important content image","Missing distinct real replacement; inherited duplicate retained pending suitable photograph"
"/images/sections/office-records-desk.webp","/blog/warehouse-cost-planning-dubai-approval-checklist","What a useful first technical meeting should produce / Transparent editorial ownership","card","office-records-desk.webp","1600","1068","webp","d6b58a32141aa1c8316b8d41b823e2e652c192a0875152e20590dd57092f2a82","pexels:8353764","50","true","Important content image","Missing distinct real replacement; inherited duplicate retained pending suitable photograph"
"/images/emitronix-logo.png","/blog/warehouse-cost-planning-dubai-contractor-selection","header","card","emitronix-logo.png","1728","404","png","0c588c75d70f3ec952c8f687709cd1eb2fb573955d446b39d6f7a1c6c625e08d","/images/emitronix-logo","516","false","Logo/brand asset","Retain permitted shared brand/UI asset"
"/images/emitronix-logo.png","/blog/warehouse-cost-planning-dubai-contractor-selection","Bring engineering clarity to your next Dubai build.","content image","emitronix-logo.png","1728","404","png","0c588c75d70f3ec952c8f687709cd1eb2fb573955d446b39d6f7a1c6c625e08d","/images/emitronix-logo","516","false","Logo/brand asset","Retain permitted shared brand/UI asset"
"/images/generated/blog/dubai-authority-approvals-guide-desktop.webp","/blog/warehouse-cost-planning-dubai-contractor-selection","Warehouse Cost Planning Dubai: Contractor Selection / Transparent editorial ownership","hero","dubai-authority-approvals-guide-desktop.webp","1600","900","webp","c1741ddab2b08da215d10241bbaad4ab63606eb3f48265246bf7ade3c3c0d839","/images/generated/blog/dubai-authority-approvals-guide","53","true","Important content image","Missing distinct real replacement; inherited duplicate retained pending suitable photograph"
"/images/project-warehouse-industrial-dubai.webp","/blog/warehouse-cost-planning-dubai-contractor-selection","Contractor Selection: define the scope before it becomes a price / Transparent editorial ownership","card","project-warehouse-industrial-dubai.webp","1600","1067","webp","e4ef2024be4b8171e52da5857e3bf5568b5a04ee5a3ca041c5d30a1560ac9940","unsplash:photo-1592085198739-ffcad7f36b54","89","true","Important content image","Missing distinct real replacement; inherited duplicate retained pending suitable photograph"
"/images/project-authority-approvals-dubai.webp","/blog/warehouse-cost-planning-dubai-contractor-selection","Engineering interfaces that control warehouse cost planning dubai / Transparent editorial ownership","card","project-authority-approvals-dubai.webp","1600","1067","webp","9e6a366db121844fa3314f16050b33b077dcbcad8db4e5e18f35732dd43d074e","unsplash:photo-1581674662583-5e89b374fae6","172","true","Important content image","Missing distinct real replacement; inherited duplicate retained pending suitable photograph"
"/images/internal/industrial-steel-roof.webp","/blog/warehouse-cost-planning-dubai-contractor-selection","How to challenge a contractor proposal / Transparent editorial ownership","card","industrial-steel-roof.webp","1920","1280","webp","4af6a0eb63cd82e853bc16e10c68342823c19ecca46e608b0c58b793e26760bb","unsplash:photo-1662120399978-738d233edbec","98","true","Important content image","Missing distinct real replacement; inherited duplicate retained pending suitable photograph"
"/images/internal/project-site-coordination.webp","/blog/warehouse-cost-planning-dubai-contractor-selection","What a useful first technical meeting should produce / Transparent editorial ownership","card","project-site-coordination.webp","1920","1280","webp","cd9197528dbb538734f8115efdca5952004cce0152888935f914030a997fbd69","unsplash:photo-1742112125567-3e8967bad60f","196","true","Important content image","Missing distinct real replacement; inherited duplicate retained pending suitable photograph"
"/images/emitronix-logo.png","/blog/warehouse-cost-planning-dubai-cost-factors","header","card","emitronix-logo.png","1728","404","png","0c588c75d70f3ec952c8f687709cd1eb2fb573955d446b39d6f7a1c6c625e08d","/images/emitronix-logo","516","false","Logo/brand asset","Retain permitted shared brand/UI asset"
"/images/emitronix-logo.png","/blog/warehouse-cost-planning-dubai-cost-factors","Bring engineering clarity to your next Dubai build.","content image","emitronix-logo.png","1728","404","png","0c588c75d70f3ec952c8f687709cd1eb2fb573955d446b39d6f7a1c6c625e08d","/images/emitronix-logo","516","false","Logo/brand asset","Retain permitted shared brand/UI asset"
"/images/generated/blog/warehouse-construction-planning-guide-desktop.webp","/blog/warehouse-cost-planning-dubai-cost-factors","Warehouse Cost Planning Dubai: Cost Factors / Transparent editorial ownership","hero","warehouse-construction-planning-guide-desktop.webp","1600","900","webp","a28f5d22cc3cca74e0ca3784fb469c955f53e466f6e9b040343bbadcf4b600f5","/images/generated/blog/warehouse-construction-planning-guide","53","true","Important content image","Missing distinct real replacement; inherited duplicate retained pending suitable photograph"
"/images/project-warehouse-industrial-dubai.webp","/blog/warehouse-cost-planning-dubai-cost-factors","Cost Factors: define the scope before it becomes a price / Transparent editorial ownership","card","project-warehouse-industrial-dubai.webp","1600","1067","webp","e4ef2024be4b8171e52da5857e3bf5568b5a04ee5a3ca041c5d30a1560ac9940","unsplash:photo-1592085198739-ffcad7f36b54","89","true","Important content image","Missing distinct real replacement; inherited duplicate retained pending suitable photograph"
"/images/project-authority-approvals-dubai.webp","/blog/warehouse-cost-planning-dubai-cost-factors","Engineering interfaces that control warehouse cost planning dubai / Transparent editorial ownership","card","project-authority-approvals-dubai.webp","1600","1067","webp","9e6a366db121844fa3314f16050b33b077dcbcad8db4e5e18f35732dd43d074e","unsplash:photo-1581674662583-5e89b374fae6","172","true","Important content image","Missing distinct real replacement; inherited duplicate retained pending suitable photograph"
"/images/internal/industrial-steel-roof.webp","/blog/warehouse-cost-planning-dubai-cost-factors","How to challenge a contractor proposal / Transparent editorial ownership","card","industrial-steel-roof.webp","1920","1280","webp","4af6a0eb63cd82e853bc16e10c68342823c19ecca46e608b0c58b793e26760bb","unsplash:photo-1662120399978-738d233edbec","98","true","Important content image","Missing distinct real replacement; inherited duplicate retained pending suitable photograph"
"/images/internal/project-site-coordination.webp","/blog/warehouse-cost-planning-dubai-cost-factors","What a useful first technical meeting should produce / Transparent editorial ownership","card","project-site-coordination.webp","1920","1280","webp","cd9197528dbb538734f8115efdca5952004cce0152888935f914030a997fbd69","unsplash:photo-1742112125567-3e8967bad60f","196","true","Important content image","Missing distinct real replacement; inherited duplicate retained pending suitable photograph"
"/images/emitronix-logo.png","/blog/warehouse-cost-planning-dubai-planning-guide","header","card","emitronix-logo.png","1728","404","png","0c588c75d70f3ec952c8f687709cd1eb2fb573955d446b39d6f7a1c6c625e08d","/images/emitronix-logo","516","false","Logo/brand asset","Retain permitted shared brand/UI asset"
"/images/emitronix-logo.png","/blog/warehouse-cost-planning-dubai-planning-guide","Bring engineering clarity to your next Dubai build.","content image","emitronix-logo.png","1728","404","png","0c588c75d70f3ec952c8f687709cd1eb2fb573955d446b39d6f7a1c6c625e08d","/images/emitronix-logo","516","false","Logo/brand asset","Retain permitted shared brand/UI asset"
"/images/generated/blog/dubai-authority-approvals-guide-desktop.webp","/blog/warehouse-cost-planning-dubai-planning-guide","Warehouse Cost Planning Dubai: Planning Guide / Transparent editorial ownership","hero","dubai-authority-approvals-guide-desktop.webp","1600","900","webp","c1741ddab2b08da215d10241bbaad4ab63606eb3f48265246bf7ade3c3c0d839","/images/generated/blog/dubai-authority-approvals-guide","53","true","Important content image","Missing distinct real replacement; inherited duplicate retained pending suitable photograph"
"/images/project-warehouse-industrial-dubai.webp","/blog/warehouse-cost-planning-dubai-planning-guide","Planning Guide: define the scope before it becomes a price / Transparent editorial ownership","card","project-warehouse-industrial-dubai.webp","1600","1067","webp","e4ef2024be4b8171e52da5857e3bf5568b5a04ee5a3ca041c5d30a1560ac9940","unsplash:photo-1592085198739-ffcad7f36b54","89","true","Important content image","Missing distinct real replacement; inherited duplicate retained pending suitable photograph"
"/images/project-authority-approvals-dubai.webp","/blog/warehouse-cost-planning-dubai-planning-guide","Engineering interfaces that control warehouse cost planning dubai / Transparent editorial ownership","card","project-authority-approvals-dubai.webp","1600","1067","webp","9e6a366db121844fa3314f16050b33b077dcbcad8db4e5e18f35732dd43d074e","unsplash:photo-1581674662583-5e89b374fae6","172","true","Important content image","Missing distinct real replacement; inherited duplicate retained pending suitable photograph"
"/images/internal/industrial-steel-roof.webp","/blog/warehouse-cost-planning-dubai-planning-guide","How to challenge a contractor proposal / Transparent editorial ownership","card","industrial-steel-roof.webp","1920","1280","webp","4af6a0eb63cd82e853bc16e10c68342823c19ecca46e608b0c58b793e26760bb","unsplash:photo-1662120399978-738d233edbec","98","true","Important content image","Missing distinct real replacement; inherited duplicate retained pending suitable photograph"
"/images/internal/project-site-coordination.webp","/blog/warehouse-cost-planning-dubai-planning-guide","What a useful first technical meeting should produce / Transparent editorial ownership","card","project-site-coordination.webp","1920","1280","webp","cd9197528dbb538734f8115efdca5952004cce0152888935f914030a997fbd69","unsplash:photo-1742112125567-3e8967bad60f","196","true","Important content image","Missing distinct real replacement; inherited duplicate retained pending suitable photograph"
"/images/emitronix-logo.png","/blog/warehouse-cost-planning-dubai-timeline-process","header","card","emitronix-logo.png","1728","404","png","0c588c75d70f3ec952c8f687709cd1eb2fb573955d446b39d6f7a1c6c625e08d","/images/emitronix-logo","516","false","Logo/brand asset","Retain permitted shared brand/UI asset"
"/images/emitronix-logo.png","/blog/warehouse-cost-planning-dubai-timeline-process","Bring engineering clarity to your next Dubai build.","content image","emitronix-logo.png","1728","404","png","0c588c75d70f3ec952c8f687709cd1eb2fb573955d446b39d6f7a1c6c625e08d","/images/emitronix-logo","516","false","Logo/brand asset","Retain permitted shared brand/UI asset"
"/images/generated/blog/civil-construction-dubai-guide-2026-desktop.webp","/blog/warehouse-cost-planning-dubai-timeline-process","Warehouse Cost Planning Dubai: Timeline and Process / Transparent editorial ownership","hero","civil-construction-dubai-guide-2026-desktop.webp","1600","900","webp","45cbd5e3ec28454f5293adc49e186c5f672acf9fdfd1def5b2251a1d690ac258","/images/generated/blog/civil-construction-dubai-guide-2026","55","true","Important content image","Missing distinct real replacement; inherited duplicate retained pending suitable photograph"
"/images/project-warehouse-industrial-dubai.webp","/blog/warehouse-cost-planning-dubai-timeline-process","Timeline and Process: define the scope before it becomes a price / Transparent editorial ownership","card","project-warehouse-industrial-dubai.webp","1600","1067","webp","e4ef2024be4b8171e52da5857e3bf5568b5a04ee5a3ca041c5d30a1560ac9940","unsplash:photo-1592085198739-ffcad7f36b54","89","true","Important content image","Missing distinct real replacement; inherited duplicate retained pending suitable photograph"
"/images/project-authority-approvals-dubai.webp","/blog/warehouse-cost-planning-dubai-timeline-process","Engineering interfaces that control warehouse cost planning dubai / Transparent editorial ownership","card","project-authority-approvals-dubai.webp","1600","1067","webp","9e6a366db121844fa3314f16050b33b077dcbcad8db4e5e18f35732dd43d074e","unsplash:photo-1581674662583-5e89b374fae6","172","true","Important content image","Missing distinct real replacement; inherited duplicate retained pending suitable photograph"
"/images/internal/industrial-steel-roof.webp","/blog/warehouse-cost-planning-dubai-timeline-process","How to challenge a contractor proposal / Transparent editorial ownership","card","industrial-steel-roof.webp","1920","1280","webp","4af6a0eb63cd82e853bc16e10c68342823c19ecca46e608b0c58b793e26760bb","unsplash:photo-1662120399978-738d233edbec","98","true","Important content image","Missing distinct real replacement; inherited duplicate retained pending suitable photograph"
"/images/internal/project-site-coordination.webp","/blog/warehouse-cost-planning-dubai-timeline-process","What a useful first technical meeting should produce / Transparent editorial ownership","card","project-site-coordination.webp","1920","1280","webp","cd9197528dbb538734f8115efdca5952004cce0152888935f914030a997fbd69","unsplash:photo-1742112125567-3e8967bad60f","196","true","Important content image","Missing distinct real replacement; inherited duplicate retained pending suitable photograph"
"/images/emitronix-logo.png","/blog/warehouse-dcd-approvals-approval-checklist","header","card","emitronix-logo.png","1728","404","png","0c588c75d70f3ec952c8f687709cd1eb2fb573955d446b39d6f7a1c6c625e08d","/images/emitronix-logo","516","false","Logo/brand asset","Retain permitted shared brand/UI asset"
"/images/emitronix-logo.png","/blog/warehouse-dcd-approvals-approval-checklist","Bring engineering clarity to your next Dubai build.","content image","emitronix-logo.png","1728","404","png","0c588c75d70f3ec952c8f687709cd1eb2fb573955d446b39d6f7a1c6c625e08d","/images/emitronix-logo","516","false","Logo/brand asset","Retain permitted shared brand/UI asset"
"/images/generated/blog/warehouse-construction-planning-guide-desktop.webp","/blog/warehouse-dcd-approvals-approval-checklist","Warehouse DCD Approvals: Approval Checklist / Transparent editorial ownership","hero","warehouse-construction-planning-guide-desktop.webp","1600","900","webp","a28f5d22cc3cca74e0ca3784fb469c955f53e466f6e9b040343bbadcf4b600f5","/images/generated/blog/warehouse-construction-planning-guide","53","true","Important content image","Missing distinct real replacement; inherited duplicate retained pending suitable photograph"
"/images/internal/fire-sprinkler-pipework.webp","/blog/warehouse-dcd-approvals-approval-checklist","Approval Checklist: define the scope before it becomes a price / Transparent editorial ownership","card","fire-sprinkler-pipework.webp","1920","1440","webp","1fce7f82f68d30b0ae6920075bbeeb0a9741912efd20cd662ec8d623dc38a5ec","pexels:37352142","16","true","Important content image","Missing distinct real replacement; inherited duplicate retained pending suitable photograph"
"/images/internal/architectural-drawing-review.webp","/blog/warehouse-dcd-approvals-approval-checklist","Engineering interfaces that control warehouse dcd approvals / Transparent editorial ownership","card","architectural-drawing-review.webp","1920","2768","webp","0242bd81c319b862ae61dd9d38bc8e4d8212b5ba25e6907ca56c07b1bf998804","unsplash:photo-1608303588026-884930af2559","95","true","Important content image","Missing distinct real replacement; inherited duplicate retained pending suitable photograph"
"/images/project-mep-coordination-dubai.webp","/blog/warehouse-dcd-approvals-approval-checklist","How to challenge a contractor proposal / Transparent editorial ownership","card","project-mep-coordination-dubai.webp","1600","1067","webp","43d0c568cd1d56ff412d73507931d1a606c38601caed94d7db5377f05003b49d","unsplash:photo-1778514825784-0659eaf8e7a2","27","true","Important content image","Missing distinct real replacement; inherited duplicate retained pending suitable photograph"
"/images/internal/project-site-coordination.webp","/blog/warehouse-dcd-approvals-approval-checklist","What a useful first technical meeting should produce / Transparent editorial ownership","card","project-site-coordination.webp","1920","1280","webp","cd9197528dbb538734f8115efdca5952004cce0152888935f914030a997fbd69","unsplash:photo-1742112125567-3e8967bad60f","196","true","Important content image","Missing distinct real replacement; inherited duplicate retained pending suitable photograph"
"/images/emitronix-logo.png","/blog/warehouse-dcd-approvals-contractor-selection","header","card","emitronix-logo.png","1728","404","png","0c588c75d70f3ec952c8f687709cd1eb2fb573955d446b39d6f7a1c6c625e08d","/images/emitronix-logo","516","false","Logo/brand asset","Retain permitted shared brand/UI asset"
"/images/emitronix-logo.png","/blog/warehouse-dcd-approvals-contractor-selection","Bring engineering clarity to your next Dubai build.","content image","emitronix-logo.png","1728","404","png","0c588c75d70f3ec952c8f687709cd1eb2fb573955d446b39d6f7a1c6c625e08d","/images/emitronix-logo","516","false","Logo/brand asset","Retain permitted shared brand/UI asset"
"/images/generated/blog/choosing-building-contractor-dubai-desktop.webp","/blog/warehouse-dcd-approvals-contractor-selection","Warehouse DCD Approvals: Contractor Selection / Transparent editorial ownership","hero","choosing-building-contractor-dubai-desktop.webp","1600","900","webp","3684f53e8c347aa311979d8ebc4044e4e49ae4f4dadea0ef739a939bd5221452","/images/generated/blog/choosing-building-contractor-dubai","53","true","Important content image","Missing distinct real replacement; inherited duplicate retained pending suitable photograph"
"/images/internal/fire-sprinkler-pipework.webp","/blog/warehouse-dcd-approvals-contractor-selection","Contractor Selection: define the scope before it becomes a price / Transparent editorial ownership","card","fire-sprinkler-pipework.webp","1920","1440","webp","1fce7f82f68d30b0ae6920075bbeeb0a9741912efd20cd662ec8d623dc38a5ec","pexels:37352142","16","true","Important content image","Missing distinct real replacement; inherited duplicate retained pending suitable photograph"
"/images/internal/architectural-drawing-review.webp","/blog/warehouse-dcd-approvals-contractor-selection","Engineering interfaces that control warehouse dcd approvals / Transparent editorial ownership","card","architectural-drawing-review.webp","1920","2768","webp","0242bd81c319b862ae61dd9d38bc8e4d8212b5ba25e6907ca56c07b1bf998804","unsplash:photo-1608303588026-884930af2559","95","true","Important content image","Missing distinct real replacement; inherited duplicate retained pending suitable photograph"
"/images/project-mep-coordination-dubai.webp","/blog/warehouse-dcd-approvals-contractor-selection","How to challenge a contractor proposal / Transparent editorial ownership","card","project-mep-coordination-dubai.webp","1600","1067","webp","43d0c568cd1d56ff412d73507931d1a606c38601caed94d7db5377f05003b49d","unsplash:photo-1778514825784-0659eaf8e7a2","27","true","Important content image","Missing distinct real replacement; inherited duplicate retained pending suitable photograph"
"/images/internal/project-site-coordination.webp","/blog/warehouse-dcd-approvals-contractor-selection","What a useful first technical meeting should produce / Transparent editorial ownership","card","project-site-coordination.webp","1920","1280","webp","cd9197528dbb538734f8115efdca5952004cce0152888935f914030a997fbd69","unsplash:photo-1742112125567-3e8967bad60f","196","true","Important content image","Missing distinct real replacement; inherited duplicate retained pending suitable photograph"
"/images/emitronix-logo.png","/blog/warehouse-dcd-approvals-cost-factors","header","card","emitronix-logo.png","1728","404","png","0c588c75d70f3ec952c8f687709cd1eb2fb573955d446b39d6f7a1c6c625e08d","/images/emitronix-logo","516","false","Logo/brand asset","Retain permitted shared brand/UI asset"
"/images/emitronix-logo.png","/blog/warehouse-dcd-approvals-cost-factors","Bring engineering clarity to your next Dubai build.","content image","emitronix-logo.png","1728","404","png","0c588c75d70f3ec952c8f687709cd1eb2fb573955d446b39d6f7a1c6c625e08d","/images/emitronix-logo","516","false","Logo/brand asset","Retain permitted shared brand/UI asset"
"/images/generated/blog/civil-construction-dubai-guide-2026-desktop.webp","/blog/warehouse-dcd-approvals-cost-factors","Warehouse DCD Approvals: Cost Factors / Transparent editorial ownership","hero","civil-construction-dubai-guide-2026-desktop.webp","1600","900","webp","45cbd5e3ec28454f5293adc49e186c5f672acf9fdfd1def5b2251a1d690ac258","/images/generated/blog/civil-construction-dubai-guide-2026","55","true","Important content image","Missing distinct real replacement; inherited duplicate retained pending suitable photograph"
"/images/internal/fire-sprinkler-pipework.webp","/blog/warehouse-dcd-approvals-cost-factors","Authority sequence and document ownership / Transparent editorial ownership","card","fire-sprinkler-pipework.webp","1920","1440","webp","1fce7f82f68d30b0ae6920075bbeeb0a9741912efd20cd662ec8d623dc38a5ec","pexels:37352142","16","true","Important content image","Missing distinct real replacement; inherited duplicate retained pending suitable photograph"
"/images/internal/architectural-drawing-review.webp","/blog/warehouse-dcd-approvals-cost-factors","Cost and programme reasoning for the cost factors decision / Transparent editorial ownership","card","architectural-drawing-review.webp","1920","2768","webp","0242bd81c319b862ae61dd9d38bc8e4d8212b5ba25e6907ca56c07b1bf998804","unsplash:photo-1608303588026-884930af2559","95","true","Important content image","Missing distinct real replacement; inherited duplicate retained pending suitable photograph"
"/images/project-mep-coordination-dubai.webp","/blog/warehouse-dcd-approvals-cost-factors","What a useful first technical meeting should produce / Transparent editorial ownership","card","project-mep-coordination-dubai.webp","1600","1067","webp","43d0c568cd1d56ff412d73507931d1a606c38601caed94d7db5377f05003b49d","unsplash:photo-1778514825784-0659eaf8e7a2","27","true","Important content image","Missing distinct real replacement; inherited duplicate retained pending suitable photograph"
"/images/internal/project-site-coordination.webp","/blog/warehouse-dcd-approvals-cost-factors","Show which operating changes could reopen the estimate / Transparent editorial ownership","card","project-site-coordination.webp","1920","1280","webp","cd9197528dbb538734f8115efdca5952004cce0152888935f914030a997fbd69","unsplash:photo-1742112125567-3e8967bad60f","196","true","Important content image","Missing distinct real replacement; inherited duplicate retained pending suitable photograph"
"/images/emitronix-logo.png","/blog/warehouse-dcd-approvals-planning-guide","header","card","emitronix-logo.png","1728","404","png","0c588c75d70f3ec952c8f687709cd1eb2fb573955d446b39d6f7a1c6c625e08d","/images/emitronix-logo","516","false","Logo/brand asset","Retain permitted shared brand/UI asset"
"/images/emitronix-logo.png","/blog/warehouse-dcd-approvals-planning-guide","Bring engineering clarity to your next Dubai build.","content image","emitronix-logo.png","1728","404","png","0c588c75d70f3ec952c8f687709cd1eb2fb573955d446b39d6f7a1c6c625e08d","/images/emitronix-logo","516","false","Logo/brand asset","Retain permitted shared brand/UI asset"
"/images/generated/blog/choosing-building-contractor-dubai-desktop.webp","/blog/warehouse-dcd-approvals-planning-guide","Warehouse DCD Approvals: Planning Guide / Transparent editorial ownership","hero","choosing-building-contractor-dubai-desktop.webp","1600","900","webp","3684f53e8c347aa311979d8ebc4044e4e49ae4f4dadea0ef739a939bd5221452","/images/generated/blog/choosing-building-contractor-dubai","53","true","Important content image","Missing distinct real replacement; inherited duplicate retained pending suitable photograph"
"/images/internal/fire-sprinkler-pipework.webp","/blog/warehouse-dcd-approvals-planning-guide","Planning Guide: define the scope before it becomes a price / Transparent editorial ownership","card","fire-sprinkler-pipework.webp","1920","1440","webp","1fce7f82f68d30b0ae6920075bbeeb0a9741912efd20cd662ec8d623dc38a5ec","pexels:37352142","16","true","Important content image","Missing distinct real replacement; inherited duplicate retained pending suitable photograph"
"/images/internal/architectural-drawing-review.webp","/blog/warehouse-dcd-approvals-planning-guide","Engineering interfaces that control warehouse dcd approvals / Transparent editorial ownership","card","architectural-drawing-review.webp","1920","2768","webp","0242bd81c319b862ae61dd9d38bc8e4d8212b5ba25e6907ca56c07b1bf998804","unsplash:photo-1608303588026-884930af2559","95","true","Important content image","Missing distinct real replacement; inherited duplicate retained pending suitable photograph"
"/images/project-mep-coordination-dubai.webp","/blog/warehouse-dcd-approvals-planning-guide","How to challenge a contractor proposal / Transparent editorial ownership","card","project-mep-coordination-dubai.webp","1600","1067","webp","43d0c568cd1d56ff412d73507931d1a606c38601caed94d7db5377f05003b49d","unsplash:photo-1778514825784-0659eaf8e7a2","27","true","Important content image","Missing distinct real replacement; inherited duplicate retained pending suitable photograph"
"/images/internal/project-site-coordination.webp","/blog/warehouse-dcd-approvals-planning-guide","What a useful first technical meeting should produce / Transparent editorial ownership","card","project-site-coordination.webp","1920","1280","webp","cd9197528dbb538734f8115efdca5952004cce0152888935f914030a997fbd69","unsplash:photo-1742112125567-3e8967bad60f","196","true","Important content image","Missing distinct real replacement; inherited duplicate retained pending suitable photograph"
"/images/emitronix-logo.png","/blog/warehouse-dcd-approvals-timeline-process","header","card","emitronix-logo.png","1728","404","png","0c588c75d70f3ec952c8f687709cd1eb2fb573955d446b39d6f7a1c6c625e08d","/images/emitronix-logo","516","false","Logo/brand asset","Retain permitted shared brand/UI asset"
"/images/emitronix-logo.png","/blog/warehouse-dcd-approvals-timeline-process","Bring engineering clarity to your next Dubai build.","content image","emitronix-logo.png","1728","404","png","0c588c75d70f3ec952c8f687709cd1eb2fb573955d446b39d6f7a1c6c625e08d","/images/emitronix-logo","516","false","Logo/brand asset","Retain permitted shared brand/UI asset"
"/images/generated/blog/dubai-authority-approvals-guide-desktop.webp","/blog/warehouse-dcd-approvals-timeline-process","Warehouse DCD Approvals: Timeline and Process / Transparent editorial ownership","hero","dubai-authority-approvals-guide-desktop.webp","1600","900","webp","c1741ddab2b08da215d10241bbaad4ab63606eb3f48265246bf7ade3c3c0d839","/images/generated/blog/dubai-authority-approvals-guide","53","true","Important content image","Missing distinct real replacement; inherited duplicate retained pending suitable photograph"
"/images/internal/fire-sprinkler-pipework.webp","/blog/warehouse-dcd-approvals-timeline-process","Timeline and Process: define the scope before it becomes a price / Transparent editorial ownership","card","fire-sprinkler-pipework.webp","1920","1440","webp","1fce7f82f68d30b0ae6920075bbeeb0a9741912efd20cd662ec8d623dc38a5ec","pexels:37352142","16","true","Important content image","Missing distinct real replacement; inherited duplicate retained pending suitable photograph"
"/images/internal/architectural-drawing-review.webp","/blog/warehouse-dcd-approvals-timeline-process","Engineering interfaces that control warehouse dcd approvals / Transparent editorial ownership","card","architectural-drawing-review.webp","1920","2768","webp","0242bd81c319b862ae61dd9d38bc8e4d8212b5ba25e6907ca56c07b1bf998804","unsplash:photo-1608303588026-884930af2559","95","true","Important content image","Missing distinct real replacement; inherited duplicate retained pending suitable photograph"
"/images/project-mep-coordination-dubai.webp","/blog/warehouse-dcd-approvals-timeline-process","How to challenge a contractor proposal / Transparent editorial ownership","card","project-mep-coordination-dubai.webp","1600","1067","webp","43d0c568cd1d56ff412d73507931d1a606c38601caed94d7db5377f05003b49d","unsplash:photo-1778514825784-0659eaf8e7a2","27","true","Important content image","Missing distinct real replacement; inherited duplicate retained pending suitable photograph"
"/images/internal/project-site-coordination.webp","/blog/warehouse-dcd-approvals-timeline-process","What a useful first technical meeting should produce / Transparent editorial ownership","card","project-site-coordination.webp","1920","1280","webp","cd9197528dbb538734f8115efdca5952004cce0152888935f914030a997fbd69","unsplash:photo-1742112125567-3e8967bad60f","196","true","Important content image","Missing distinct real replacement; inherited duplicate retained pending suitable photograph"
"/images/emitronix-logo.png","/blog/warehouse-design-and-build-dubai-approval-checklist","header","card","emitronix-logo.png","1728","404","png","0c588c75d70f3ec952c8f687709cd1eb2fb573955d446b39d6f7a1c6c625e08d","/images/emitronix-logo","516","false","Logo/brand asset","Retain permitted shared brand/UI asset"
"/images/emitronix-logo.png","/blog/warehouse-design-and-build-dubai-approval-checklist","Bring engineering clarity to your next Dubai build.","content image","emitronix-logo.png","1728","404","png","0c588c75d70f3ec952c8f687709cd1eb2fb573955d446b39d6f7a1c6c625e08d","/images/emitronix-logo","516","false","Logo/brand asset","Retain permitted shared brand/UI asset"
"/images/generated/blog/civil-construction-dubai-guide-2026-desktop.webp","/blog/warehouse-design-and-build-dubai-approval-checklist","Warehouse Design and Build Dubai: Approval Checklist / Transparent editorial ownership","hero","civil-construction-dubai-guide-2026-desktop.webp","1600","900","webp","45cbd5e3ec28454f5293adc49e186c5f672acf9fdfd1def5b2251a1d690ac258","/images/generated/blog/civil-construction-dubai-guide-2026","55","true","Important content image","Missing distinct real replacement; inherited duplicate retained pending suitable photograph"
"/images/internal/architectural-drawing-review.webp","/blog/warehouse-design-and-build-dubai-approval-checklist","Approval Checklist: define the scope before it becomes a price / Transparent editorial ownership","card","architectural-drawing-review.webp","1920","2768","webp","0242bd81c319b862ae61dd9d38bc8e4d8212b5ba25e6907ca56c07b1bf998804","unsplash:photo-1608303588026-884930af2559","95","true","Important content image","Missing distinct real replacement; inherited duplicate retained pending suitable photograph"
"/images/project-authority-approvals-dubai.webp","/blog/warehouse-design-and-build-dubai-approval-checklist","Engineering interfaces that control warehouse design and build dubai / Transparent editorial ownership","card","project-authority-approvals-dubai.webp","1600","1067","webp","9e6a366db121844fa3314f16050b33b077dcbcad8db4e5e18f35732dd43d074e","unsplash:photo-1581674662583-5e89b374fae6","172","true","Important content image","Missing distinct real replacement; inherited duplicate retained pending suitable photograph"
"/images/internal/project-site-coordination.webp","/blog/warehouse-design-and-build-dubai-approval-checklist","How to challenge a contractor proposal / Transparent editorial ownership","card","project-site-coordination.webp","1920","1280","webp","cd9197528dbb538734f8115efdca5952004cce0152888935f914030a997fbd69","unsplash:photo-1742112125567-3e8967bad60f","196","true","Important content image","Missing distinct real replacement; inherited duplicate retained pending suitable photograph"
"/images/sections/office-records-desk.webp","/blog/warehouse-design-and-build-dubai-approval-checklist","What a useful first technical meeting should produce / Transparent editorial ownership","card","office-records-desk.webp","1600","1068","webp","d6b58a32141aa1c8316b8d41b823e2e652c192a0875152e20590dd57092f2a82","pexels:8353764","50","true","Important content image","Missing distinct real replacement; inherited duplicate retained pending suitable photograph"
"/images/emitronix-logo.png","/blog/warehouse-design-and-build-dubai-contractor-selection","header","card","emitronix-logo.png","1728","404","png","0c588c75d70f3ec952c8f687709cd1eb2fb573955d446b39d6f7a1c6c625e08d","/images/emitronix-logo","516","false","Logo/brand asset","Retain permitted shared brand/UI asset"
"/images/emitronix-logo.png","/blog/warehouse-design-and-build-dubai-contractor-selection","Bring engineering clarity to your next Dubai build.","content image","emitronix-logo.png","1728","404","png","0c588c75d70f3ec952c8f687709cd1eb2fb573955d446b39d6f7a1c6c625e08d","/images/emitronix-logo","516","false","Logo/brand asset","Retain permitted shared brand/UI asset"
"/images/generated/blog/warehouse-construction-planning-guide-desktop.webp","/blog/warehouse-design-and-build-dubai-contractor-selection","Warehouse Design and Build Dubai: Contractor Selection / Transparent editorial ownership","hero","warehouse-construction-planning-guide-desktop.webp","1600","900","webp","a28f5d22cc3cca74e0ca3784fb469c955f53e466f6e9b040343bbadcf4b600f5","/images/generated/blog/warehouse-construction-planning-guide","53","true","Important content image","Missing distinct real replacement; inherited duplicate retained pending suitable photograph"
"/images/project-warehouse-industrial-dubai.webp","/blog/warehouse-design-and-build-dubai-contractor-selection","Contractor Selection: define the scope before it becomes a price / Transparent editorial ownership","card","project-warehouse-industrial-dubai.webp","1600","1067","webp","e4ef2024be4b8171e52da5857e3bf5568b5a04ee5a3ca041c5d30a1560ac9940","unsplash:photo-1592085198739-ffcad7f36b54","89","true","Important content image","Missing distinct real replacement; inherited duplicate retained pending suitable photograph"
"/images/project-authority-approvals-dubai.webp","/blog/warehouse-design-and-build-dubai-contractor-selection","Engineering interfaces that control warehouse design and build dubai / Transparent editorial ownership","card","project-authority-approvals-dubai.webp","1600","1067","webp","9e6a366db121844fa3314f16050b33b077dcbcad8db4e5e18f35732dd43d074e","unsplash:photo-1581674662583-5e89b374fae6","172","true","Important content image","Missing distinct real replacement; inherited duplicate retained pending suitable photograph"
"/images/internal/industrial-steel-roof.webp","/blog/warehouse-design-and-build-dubai-contractor-selection","How to challenge a contractor proposal / Transparent editorial ownership","card","industrial-steel-roof.webp","1920","1280","webp","4af6a0eb63cd82e853bc16e10c68342823c19ecca46e608b0c58b793e26760bb","unsplash:photo-1662120399978-738d233edbec","98","true","Important content image","Missing distinct real replacement; inherited duplicate retained pending suitable photograph"
"/images/internal/project-site-coordination.webp","/blog/warehouse-design-and-build-dubai-contractor-selection","What a useful first technical meeting should produce / Transparent editorial ownership","card","project-site-coordination.webp","1920","1280","webp","cd9197528dbb538734f8115efdca5952004cce0152888935f914030a997fbd69","unsplash:photo-1742112125567-3e8967bad60f","196","true","Important content image","Missing distinct real replacement; inherited duplicate retained pending suitable photograph"
"/images/emitronix-logo.png","/blog/warehouse-design-and-build-dubai-cost-factors","header","card","emitronix-logo.png","1728","404","png","0c588c75d70f3ec952c8f687709cd1eb2fb573955d446b39d6f7a1c6c625e08d","/images/emitronix-logo","516","false","Logo/brand asset","Retain permitted shared brand/UI asset"
"/images/emitronix-logo.png","/blog/warehouse-design-and-build-dubai-cost-factors","Bring engineering clarity to your next Dubai build.","content image","emitronix-logo.png","1728","404","png","0c588c75d70f3ec952c8f687709cd1eb2fb573955d446b39d6f7a1c6c625e08d","/images/emitronix-logo","516","false","Logo/brand asset","Retain permitted shared brand/UI asset"
"/images/generated/blog/dubai-authority-approvals-guide-desktop.webp","/blog/warehouse-design-and-build-dubai-cost-factors","Warehouse Design and Build Dubai: Cost Factors / Transparent editorial ownership","hero","dubai-authority-approvals-guide-desktop.webp","1600","900","webp","c1741ddab2b08da215d10241bbaad4ab63606eb3f48265246bf7ade3c3c0d839","/images/generated/blog/dubai-authority-approvals-guide","53","true","Important content image","Missing distinct real replacement; inherited duplicate retained pending suitable photograph"
"/images/project-warehouse-industrial-dubai.webp","/blog/warehouse-design-and-build-dubai-cost-factors","Cost Factors: define the scope before it becomes a price / Transparent editorial ownership","card","project-warehouse-industrial-dubai.webp","1600","1067","webp","e4ef2024be4b8171e52da5857e3bf5568b5a04ee5a3ca041c5d30a1560ac9940","unsplash:photo-1592085198739-ffcad7f36b54","89","true","Important content image","Missing distinct real replacement; inherited duplicate retained pending suitable photograph"
"/images/project-authority-approvals-dubai.webp","/blog/warehouse-design-and-build-dubai-cost-factors","Engineering interfaces that control warehouse design and build dubai / Transparent editorial ownership","card","project-authority-approvals-dubai.webp","1600","1067","webp","9e6a366db121844fa3314f16050b33b077dcbcad8db4e5e18f35732dd43d074e","unsplash:photo-1581674662583-5e89b374fae6","172","true","Important content image","Missing distinct real replacement; inherited duplicate retained pending suitable photograph"
"/images/internal/industrial-steel-roof.webp","/blog/warehouse-design-and-build-dubai-cost-factors","How to challenge a contractor proposal / Transparent editorial ownership","card","industrial-steel-roof.webp","1920","1280","webp","4af6a0eb63cd82e853bc16e10c68342823c19ecca46e608b0c58b793e26760bb","unsplash:photo-1662120399978-738d233edbec","98","true","Important content image","Missing distinct real replacement; inherited duplicate retained pending suitable photograph"
"/images/internal/project-site-coordination.webp","/blog/warehouse-design-and-build-dubai-cost-factors","What a useful first technical meeting should produce / Transparent editorial ownership","card","project-site-coordination.webp","1920","1280","webp","cd9197528dbb538734f8115efdca5952004cce0152888935f914030a997fbd69","unsplash:photo-1742112125567-3e8967bad60f","196","true","Important content image","Missing distinct real replacement; inherited duplicate retained pending suitable photograph"
"/images/emitronix-logo.png","/blog/warehouse-design-and-build-dubai-planning-guide","header","card","emitronix-logo.png","1728","404","png","0c588c75d70f3ec952c8f687709cd1eb2fb573955d446b39d6f7a1c6c625e08d","/images/emitronix-logo","516","false","Logo/brand asset","Retain permitted shared brand/UI asset"
"/images/emitronix-logo.png","/blog/warehouse-design-and-build-dubai-planning-guide","Bring engineering clarity to your next Dubai build.","content image","emitronix-logo.png","1728","404","png","0c588c75d70f3ec952c8f687709cd1eb2fb573955d446b39d6f7a1c6c625e08d","/images/emitronix-logo","516","false","Logo/brand asset","Retain permitted shared brand/UI asset"
"/images/generated/blog/warehouse-construction-planning-guide-desktop.webp","/blog/warehouse-design-and-build-dubai-planning-guide","Warehouse Design and Build Dubai: Planning Guide / Transparent editorial ownership","hero","warehouse-construction-planning-guide-desktop.webp","1600","900","webp","a28f5d22cc3cca74e0ca3784fb469c955f53e466f6e9b040343bbadcf4b600f5","/images/generated/blog/warehouse-construction-planning-guide","53","true","Important content image","Missing distinct real replacement; inherited duplicate retained pending suitable photograph"
"/images/project-warehouse-industrial-dubai.webp","/blog/warehouse-design-and-build-dubai-planning-guide","Planning Guide: define the scope before it becomes a price / Transparent editorial ownership","card","project-warehouse-industrial-dubai.webp","1600","1067","webp","e4ef2024be4b8171e52da5857e3bf5568b5a04ee5a3ca041c5d30a1560ac9940","unsplash:photo-1592085198739-ffcad7f36b54","89","true","Important content image","Missing distinct real replacement; inherited duplicate retained pending suitable photograph"
"/images/project-authority-approvals-dubai.webp","/blog/warehouse-design-and-build-dubai-planning-guide","Engineering interfaces that control warehouse design and build dubai / Transparent editorial ownership","card","project-authority-approvals-dubai.webp","1600","1067","webp","9e6a366db121844fa3314f16050b33b077dcbcad8db4e5e18f35732dd43d074e","unsplash:photo-1581674662583-5e89b374fae6","172","true","Important content image","Missing distinct real replacement; inherited duplicate retained pending suitable photograph"
"/images/internal/industrial-steel-roof.webp","/blog/warehouse-design-and-build-dubai-planning-guide","How to challenge a contractor proposal / Transparent editorial ownership","card","industrial-steel-roof.webp","1920","1280","webp","4af6a0eb63cd82e853bc16e10c68342823c19ecca46e608b0c58b793e26760bb","unsplash:photo-1662120399978-738d233edbec","98","true","Important content image","Missing distinct real replacement; inherited duplicate retained pending suitable photograph"
"/images/internal/project-site-coordination.webp","/blog/warehouse-design-and-build-dubai-planning-guide","What a useful first technical meeting should produce / Transparent editorial ownership","card","project-site-coordination.webp","1920","1280","webp","cd9197528dbb538734f8115efdca5952004cce0152888935f914030a997fbd69","unsplash:photo-1742112125567-3e8967bad60f","196","true","Important content image","Missing distinct real replacement; inherited duplicate retained pending suitable photograph"
"/images/emitronix-logo.png","/blog/warehouse-design-and-build-dubai-timeline-process","header","card","emitronix-logo.png","1728","404","png","0c588c75d70f3ec952c8f687709cd1eb2fb573955d446b39d6f7a1c6c625e08d","/images/emitronix-logo","516","false","Logo/brand asset","Retain permitted shared brand/UI asset"
"/images/emitronix-logo.png","/blog/warehouse-design-and-build-dubai-timeline-process","Bring engineering clarity to your next Dubai build.","content image","emitronix-logo.png","1728","404","png","0c588c75d70f3ec952c8f687709cd1eb2fb573955d446b39d6f7a1c6c625e08d","/images/emitronix-logo","516","false","Logo/brand asset","Retain permitted shared brand/UI asset"
"/images/generated/blog/choosing-building-contractor-dubai-desktop.webp","/blog/warehouse-design-and-build-dubai-timeline-process","Warehouse Design and Build Dubai: Timeline and Process / Transparent editorial ownership","hero","choosing-building-contractor-dubai-desktop.webp","1600","900","webp","3684f53e8c347aa311979d8ebc4044e4e49ae4f4dadea0ef739a939bd5221452","/images/generated/blog/choosing-building-contractor-dubai","53","true","Important content image","Missing distinct real replacement; inherited duplicate retained pending suitable photograph"
"/images/project-warehouse-industrial-dubai.webp","/blog/warehouse-design-and-build-dubai-timeline-process","Timeline and Process: define the scope before it becomes a price / Transparent editorial ownership","card","project-warehouse-industrial-dubai.webp","1600","1067","webp","e4ef2024be4b8171e52da5857e3bf5568b5a04ee5a3ca041c5d30a1560ac9940","unsplash:photo-1592085198739-ffcad7f36b54","89","true","Important content image","Missing distinct real replacement; inherited duplicate retained pending suitable photograph"
"/images/project-authority-approvals-dubai.webp","/blog/warehouse-design-and-build-dubai-timeline-process","Engineering interfaces that control warehouse design and build dubai / Transparent editorial ownership","card","project-authority-approvals-dubai.webp","1600","1067","webp","9e6a366db121844fa3314f16050b33b077dcbcad8db4e5e18f35732dd43d074e","unsplash:photo-1581674662583-5e89b374fae6","172","true","Important content image","Missing distinct real replacement; inherited duplicate retained pending suitable photograph"
"/images/internal/industrial-steel-roof.webp","/blog/warehouse-design-and-build-dubai-timeline-process","How to challenge a contractor proposal / Transparent editorial ownership","card","industrial-steel-roof.webp","1920","1280","webp","4af6a0eb63cd82e853bc16e10c68342823c19ecca46e608b0c58b793e26760bb","unsplash:photo-1662120399978-738d233edbec","98","true","Important content image","Missing distinct real replacement; inherited duplicate retained pending suitable photograph"
"/images/internal/project-site-coordination.webp","/blog/warehouse-design-and-build-dubai-timeline-process","What a useful first technical meeting should produce / Transparent editorial ownership","card","project-site-coordination.webp","1920","1280","webp","cd9197528dbb538734f8115efdca5952004cce0152888935f914030a997fbd69","unsplash:photo-1742112125567-3e8967bad60f","196","true","Important content image","Missing distinct real replacement; inherited duplicate retained pending suitable photograph"
"/images/emitronix-logo.png","/blog/warehouse-dewa-approvals-approval-checklist","header","card","emitronix-logo.png","1728","404","png","0c588c75d70f3ec952c8f687709cd1eb2fb573955d446b39d6f7a1c6c625e08d","/images/emitronix-logo","516","false","Logo/brand asset","Retain permitted shared brand/UI asset"
"/images/emitronix-logo.png","/blog/warehouse-dewa-approvals-approval-checklist","Bring engineering clarity to your next Dubai build.","content image","emitronix-logo.png","1728","404","png","0c588c75d70f3ec952c8f687709cd1eb2fb573955d446b39d6f7a1c6c625e08d","/images/emitronix-logo","516","false","Logo/brand asset","Retain permitted shared brand/UI asset"
"/images/generated/blog/choosing-building-contractor-dubai-desktop.webp","/blog/warehouse-dewa-approvals-approval-checklist","Warehouse DEWA Approvals: Approval Checklist / Transparent editorial ownership","hero","choosing-building-contractor-dubai-desktop.webp","1600","900","webp","3684f53e8c347aa311979d8ebc4044e4e49ae4f4dadea0ef739a939bd5221452","/images/generated/blog/choosing-building-contractor-dubai","53","true","Important content image","Missing distinct real replacement; inherited duplicate retained pending suitable photograph"
"/images/internal/architectural-drawing-review.webp","/blog/warehouse-dewa-approvals-approval-checklist","Approval Checklist: define the scope before it becomes a price / Transparent editorial ownership","card","architectural-drawing-review.webp","1920","2768","webp","0242bd81c319b862ae61dd9d38bc8e4d8212b5ba25e6907ca56c07b1bf998804","unsplash:photo-1608303588026-884930af2559","95","true","Important content image","Missing distinct real replacement; inherited duplicate retained pending suitable photograph"
"/images/project-building-maintenance-dubai.webp","/blog/warehouse-dewa-approvals-approval-checklist","Engineering interfaces that control warehouse dewa approvals / Transparent editorial ownership","card","project-building-maintenance-dubai.webp","1600","1067","webp","9bdbd67da8c0986cbe0e34ec9fb0009184ecec09b1592a9adaec67eaa2eecabd","unsplash:photo-1621905251189-08b45d6a269e","9","true","Important content image","Missing distinct real replacement; inherited duplicate retained pending suitable photograph"
"/images/dewa-hv-lv-cable-works-dubai.webp","/blog/warehouse-dewa-approvals-approval-checklist","How to challenge a contractor proposal / Transparent editorial ownership","card","dewa-hv-lv-cable-works-dubai.webp","1400","788","webp","7f7cfe3f5a287a0070b990102e29d1613c9d69f58e3cafe18b3db6e7c0647e8b","unsplash:photo-1608574839637-2f7d0290d01d","14","true","Important content image","Missing distinct real replacement; inherited duplicate retained pending suitable photograph"
"/images/dewa-lv-inspection-testing-dubai.webp","/blog/warehouse-dewa-approvals-approval-checklist","What a useful first technical meeting should produce / Transparent editorial ownership","card","dewa-lv-inspection-testing-dubai.webp","1400","788","webp","6c38d22b8703b98ed272fdf7bea3f8bfc066112c59ea58a1b972be01eb812a8e","unsplash:photo-1758101755915-462eddc23f57","8","true","Important content image","Missing distinct real replacement; inherited duplicate retained pending suitable photograph"
"/images/emitronix-logo.png","/blog/warehouse-dewa-approvals-contractor-selection","header","card","emitronix-logo.png","1728","404","png","0c588c75d70f3ec952c8f687709cd1eb2fb573955d446b39d6f7a1c6c625e08d","/images/emitronix-logo","516","false","Logo/brand asset","Retain permitted shared brand/UI asset"
"/images/emitronix-logo.png","/blog/warehouse-dewa-approvals-contractor-selection","Bring engineering clarity to your next Dubai build.","content image","emitronix-logo.png","1728","404","png","0c588c75d70f3ec952c8f687709cd1eb2fb573955d446b39d6f7a1c6c625e08d","/images/emitronix-logo","516","false","Logo/brand asset","Retain permitted shared brand/UI asset"
"/images/generated/blog/dubai-authority-approvals-guide-desktop.webp","/blog/warehouse-dewa-approvals-contractor-selection","Warehouse DEWA Approvals: Contractor Selection / Transparent editorial ownership","hero","dubai-authority-approvals-guide-desktop.webp","1600","900","webp","c1741ddab2b08da215d10241bbaad4ab63606eb3f48265246bf7ade3c3c0d839","/images/generated/blog/dubai-authority-approvals-guide","53","true","Important content image","Missing distinct real replacement; inherited duplicate retained pending suitable photograph"
"/images/internal/architectural-drawing-review.webp","/blog/warehouse-dewa-approvals-contractor-selection","Contractor Selection: define the scope before it becomes a price / Transparent editorial ownership","card","architectural-drawing-review.webp","1920","2768","webp","0242bd81c319b862ae61dd9d38bc8e4d8212b5ba25e6907ca56c07b1bf998804","unsplash:photo-1608303588026-884930af2559","95","true","Important content image","Missing distinct real replacement; inherited duplicate retained pending suitable photograph"
"/images/project-building-maintenance-dubai.webp","/blog/warehouse-dewa-approvals-contractor-selection","Engineering interfaces that control warehouse dewa approvals / Transparent editorial ownership","card","project-building-maintenance-dubai.webp","1600","1067","webp","9bdbd67da8c0986cbe0e34ec9fb0009184ecec09b1592a9adaec67eaa2eecabd","unsplash:photo-1621905251189-08b45d6a269e","9","true","Important content image","Missing distinct real replacement; inherited duplicate retained pending suitable photograph"
"/images/dewa-hv-lv-cable-works-dubai.webp","/blog/warehouse-dewa-approvals-contractor-selection","How to challenge a contractor proposal / Transparent editorial ownership","card","dewa-hv-lv-cable-works-dubai.webp","1400","788","webp","7f7cfe3f5a287a0070b990102e29d1613c9d69f58e3cafe18b3db6e7c0647e8b","unsplash:photo-1608574839637-2f7d0290d01d","14","true","Important content image","Missing distinct real replacement; inherited duplicate retained pending suitable photograph"
"/images/dewa-lv-inspection-testing-dubai.webp","/blog/warehouse-dewa-approvals-contractor-selection","What a useful first technical meeting should produce / Transparent editorial ownership","card","dewa-lv-inspection-testing-dubai.webp","1400","788","webp","6c38d22b8703b98ed272fdf7bea3f8bfc066112c59ea58a1b972be01eb812a8e","unsplash:photo-1758101755915-462eddc23f57","8","true","Important content image","Missing distinct real replacement; inherited duplicate retained pending suitable photograph"
"/images/emitronix-logo.png","/blog/warehouse-dewa-approvals-cost-factors","header","card","emitronix-logo.png","1728","404","png","0c588c75d70f3ec952c8f687709cd1eb2fb573955d446b39d6f7a1c6c625e08d","/images/emitronix-logo","516","false","Logo/brand asset","Retain permitted shared brand/UI asset"
"/images/emitronix-logo.png","/blog/warehouse-dewa-approvals-cost-factors","Bring engineering clarity to your next Dubai build.","content image","emitronix-logo.png","1728","404","png","0c588c75d70f3ec952c8f687709cd1eb2fb573955d446b39d6f7a1c6c625e08d","/images/emitronix-logo","516","false","Logo/brand asset","Retain permitted shared brand/UI asset"
"/images/generated/blog/warehouse-construction-planning-guide-desktop.webp","/blog/warehouse-dewa-approvals-cost-factors","Warehouse DEWA Approvals: Cost Factors / Transparent editorial ownership","hero","warehouse-construction-planning-guide-desktop.webp","1600","900","webp","a28f5d22cc3cca74e0ca3784fb469c955f53e466f6e9b040343bbadcf4b600f5","/images/generated/blog/warehouse-construction-planning-guide","53","true","Important content image","Missing distinct real replacement; inherited duplicate retained pending suitable photograph"
"/images/internal/architectural-drawing-review.webp","/blog/warehouse-dewa-approvals-cost-factors","Cost Factors: define the scope before it becomes a price / Transparent editorial ownership","card","architectural-drawing-review.webp","1920","2768","webp","0242bd81c319b862ae61dd9d38bc8e4d8212b5ba25e6907ca56c07b1bf998804","unsplash:photo-1608303588026-884930af2559","95","true","Important content image","Missing distinct real replacement; inherited duplicate retained pending suitable photograph"
"/images/project-building-maintenance-dubai.webp","/blog/warehouse-dewa-approvals-cost-factors","Engineering interfaces that control warehouse dewa approvals / Transparent editorial ownership","card","project-building-maintenance-dubai.webp","1600","1067","webp","9bdbd67da8c0986cbe0e34ec9fb0009184ecec09b1592a9adaec67eaa2eecabd","unsplash:photo-1621905251189-08b45d6a269e","9","true","Important content image","Missing distinct real replacement; inherited duplicate retained pending suitable photograph"
"/images/dewa-hv-lv-cable-works-dubai.webp","/blog/warehouse-dewa-approvals-cost-factors","How to challenge a contractor proposal / Transparent editorial ownership","card","dewa-hv-lv-cable-works-dubai.webp","1400","788","webp","7f7cfe3f5a287a0070b990102e29d1613c9d69f58e3cafe18b3db6e7c0647e8b","unsplash:photo-1608574839637-2f7d0290d01d","14","true","Important content image","Missing distinct real replacement; inherited duplicate retained pending suitable photograph"
"/images/dewa-lv-inspection-testing-dubai.webp","/blog/warehouse-dewa-approvals-cost-factors","What a useful first technical meeting should produce / Transparent editorial ownership","card","dewa-lv-inspection-testing-dubai.webp","1400","788","webp","6c38d22b8703b98ed272fdf7bea3f8bfc066112c59ea58a1b972be01eb812a8e","unsplash:photo-1758101755915-462eddc23f57","8","true","Important content image","Missing distinct real replacement; inherited duplicate retained pending suitable photograph"
"/images/emitronix-logo.png","/blog/warehouse-dewa-approvals-planning-guide","header","card","emitronix-logo.png","1728","404","png","0c588c75d70f3ec952c8f687709cd1eb2fb573955d446b39d6f7a1c6c625e08d","/images/emitronix-logo","516","false","Logo/brand asset","Retain permitted shared brand/UI asset"
"/images/emitronix-logo.png","/blog/warehouse-dewa-approvals-planning-guide","Bring engineering clarity to your next Dubai build.","content image","emitronix-logo.png","1728","404","png","0c588c75d70f3ec952c8f687709cd1eb2fb573955d446b39d6f7a1c6c625e08d","/images/emitronix-logo","516","false","Logo/brand asset","Retain permitted shared brand/UI asset"
"/images/generated/blog/dubai-authority-approvals-guide-desktop.webp","/blog/warehouse-dewa-approvals-planning-guide","Warehouse DEWA Approvals: Planning Guide / Transparent editorial ownership","hero","dubai-authority-approvals-guide-desktop.webp","1600","900","webp","c1741ddab2b08da215d10241bbaad4ab63606eb3f48265246bf7ade3c3c0d839","/images/generated/blog/dubai-authority-approvals-guide","53","true","Important content image","Missing distinct real replacement; inherited duplicate retained pending suitable photograph"
"/images/internal/architectural-drawing-review.webp","/blog/warehouse-dewa-approvals-planning-guide","Planning Guide: define the scope before it becomes a price / Transparent editorial ownership","card","architectural-drawing-review.webp","1920","2768","webp","0242bd81c319b862ae61dd9d38bc8e4d8212b5ba25e6907ca56c07b1bf998804","unsplash:photo-1608303588026-884930af2559","95","true","Important content image","Missing distinct real replacement; inherited duplicate retained pending suitable photograph"
"/images/project-building-maintenance-dubai.webp","/blog/warehouse-dewa-approvals-planning-guide","Engineering interfaces that control warehouse dewa approvals / Transparent editorial ownership","card","project-building-maintenance-dubai.webp","1600","1067","webp","9bdbd67da8c0986cbe0e34ec9fb0009184ecec09b1592a9adaec67eaa2eecabd","unsplash:photo-1621905251189-08b45d6a269e","9","true","Important content image","Missing distinct real replacement; inherited duplicate retained pending suitable photograph"
"/images/dewa-hv-lv-cable-works-dubai.webp","/blog/warehouse-dewa-approvals-planning-guide","How to challenge a contractor proposal / Transparent editorial ownership","card","dewa-hv-lv-cable-works-dubai.webp","1400","788","webp","7f7cfe3f5a287a0070b990102e29d1613c9d69f58e3cafe18b3db6e7c0647e8b","unsplash:photo-1608574839637-2f7d0290d01d","14","true","Important content image","Missing distinct real replacement; inherited duplicate retained pending suitable photograph"
"/images/dewa-lv-inspection-testing-dubai.webp","/blog/warehouse-dewa-approvals-planning-guide","What a useful first technical meeting should produce / Transparent editorial ownership","card","dewa-lv-inspection-testing-dubai.webp","1400","788","webp","6c38d22b8703b98ed272fdf7bea3f8bfc066112c59ea58a1b972be01eb812a8e","unsplash:photo-1758101755915-462eddc23f57","8","true","Important content image","Missing distinct real replacement; inherited duplicate retained pending suitable photograph"
"/images/emitronix-logo.png","/blog/warehouse-dewa-approvals-timeline-process","header","card","emitronix-logo.png","1728","404","png","0c588c75d70f3ec952c8f687709cd1eb2fb573955d446b39d6f7a1c6c625e08d","/images/emitronix-logo","516","false","Logo/brand asset","Retain permitted shared brand/UI asset"
"/images/emitronix-logo.png","/blog/warehouse-dewa-approvals-timeline-process","Bring engineering clarity to your next Dubai build.","content image","emitronix-logo.png","1728","404","png","0c588c75d70f3ec952c8f687709cd1eb2fb573955d446b39d6f7a1c6c625e08d","/images/emitronix-logo","516","false","Logo/brand asset","Retain permitted shared brand/UI asset"
"/images/generated/blog/civil-construction-dubai-guide-2026-desktop.webp","/blog/warehouse-dewa-approvals-timeline-process","Warehouse DEWA Approvals: Timeline and Process / Transparent editorial ownership","hero","civil-construction-dubai-guide-2026-desktop.webp","1600","900","webp","45cbd5e3ec28454f5293adc49e186c5f672acf9fdfd1def5b2251a1d690ac258","/images/generated/blog/civil-construction-dubai-guide-2026","55","true","Important content image","Missing distinct real replacement; inherited duplicate retained pending suitable photograph"
"/images/internal/architectural-drawing-review.webp","/blog/warehouse-dewa-approvals-timeline-process","Timeline and Process: define the scope before it becomes a price / Transparent editorial ownership","card","architectural-drawing-review.webp","1920","2768","webp","0242bd81c319b862ae61dd9d38bc8e4d8212b5ba25e6907ca56c07b1bf998804","unsplash:photo-1608303588026-884930af2559","95","true","Important content image","Missing distinct real replacement; inherited duplicate retained pending suitable photograph"
"/images/project-building-maintenance-dubai.webp","/blog/warehouse-dewa-approvals-timeline-process","Engineering interfaces that control warehouse dewa approvals / Transparent editorial ownership","card","project-building-maintenance-dubai.webp","1600","1067","webp","9bdbd67da8c0986cbe0e34ec9fb0009184ecec09b1592a9adaec67eaa2eecabd","unsplash:photo-1621905251189-08b45d6a269e","9","true","Important content image","Missing distinct real replacement; inherited duplicate retained pending suitable photograph"
"/images/dewa-hv-lv-cable-works-dubai.webp","/blog/warehouse-dewa-approvals-timeline-process","How to challenge a contractor proposal / Transparent editorial ownership","card","dewa-hv-lv-cable-works-dubai.webp","1400","788","webp","7f7cfe3f5a287a0070b990102e29d1613c9d69f58e3cafe18b3db6e7c0647e8b","unsplash:photo-1608574839637-2f7d0290d01d","14","true","Important content image","Missing distinct real replacement; inherited duplicate retained pending suitable photograph"
"/images/dewa-lv-inspection-testing-dubai.webp","/blog/warehouse-dewa-approvals-timeline-process","What a useful first technical meeting should produce / Transparent editorial ownership","card","dewa-lv-inspection-testing-dubai.webp","1400","788","webp","6c38d22b8703b98ed272fdf7bea3f8bfc066112c59ea58a1b972be01eb812a8e","unsplash:photo-1758101755915-462eddc23f57","8","true","Important content image","Missing distinct real replacement; inherited duplicate retained pending suitable photograph"
"/images/emitronix-logo.png","/blog/warehouse-dubai-municipality-approvals-approval-checklist","header","card","emitronix-logo.png","1728","404","png","0c588c75d70f3ec952c8f687709cd1eb2fb573955d446b39d6f7a1c6c625e08d","/images/emitronix-logo","516","false","Logo/brand asset","Retain permitted shared brand/UI asset"
"/images/emitronix-logo.png","/blog/warehouse-dubai-municipality-approvals-approval-checklist","Bring engineering clarity to your next Dubai build.","content image","emitronix-logo.png","1728","404","png","0c588c75d70f3ec952c8f687709cd1eb2fb573955d446b39d6f7a1c6c625e08d","/images/emitronix-logo","516","false","Logo/brand asset","Retain permitted shared brand/UI asset"
"/images/generated/blog/civil-construction-dubai-guide-2026-desktop.webp","/blog/warehouse-dubai-municipality-approvals-approval-checklist","Warehouse Dubai Municipality Approvals: Approval Checklist / Transparent editorial ownership","hero","civil-construction-dubai-guide-2026-desktop.webp","1600","900","webp","45cbd5e3ec28454f5293adc49e186c5f672acf9fdfd1def5b2251a1d690ac258","/images/generated/blog/civil-construction-dubai-guide-2026","55","true","Important content image","Missing distinct real replacement; inherited duplicate retained pending suitable photograph"
"/images/internal/architectural-drawing-review.webp","/blog/warehouse-dubai-municipality-approvals-approval-checklist","Approval Checklist: define the scope before it becomes a price / Transparent editorial ownership","card","architectural-drawing-review.webp","1920","2768","webp","0242bd81c319b862ae61dd9d38bc8e4d8212b5ba25e6907ca56c07b1bf998804","unsplash:photo-1608303588026-884930af2559","95","true","Important content image","Missing distinct real replacement; inherited duplicate retained pending suitable photograph"
"/images/project-authority-approvals-dubai.webp","/blog/warehouse-dubai-municipality-approvals-approval-checklist","Engineering interfaces that control warehouse dubai municipality approvals / Transparent editorial ownership","card","project-authority-approvals-dubai.webp","1600","1067","webp","9e6a366db121844fa3314f16050b33b077dcbcad8db4e5e18f35732dd43d074e","unsplash:photo-1581674662583-5e89b374fae6","172","true","Important content image","Missing distinct real replacement; inherited duplicate retained pending suitable photograph"
"/images/internal/project-site-coordination.webp","/blog/warehouse-dubai-municipality-approvals-approval-checklist","How to challenge a contractor proposal / Transparent editorial ownership","card","project-site-coordination.webp","1920","1280","webp","cd9197528dbb538734f8115efdca5952004cce0152888935f914030a997fbd69","unsplash:photo-1742112125567-3e8967bad60f","196","true","Important content image","Missing distinct real replacement; inherited duplicate retained pending suitable photograph"
"/images/sections/office-records-desk.webp","/blog/warehouse-dubai-municipality-approvals-approval-checklist","What a useful first technical meeting should produce / Transparent editorial ownership","card","office-records-desk.webp","1600","1068","webp","d6b58a32141aa1c8316b8d41b823e2e652c192a0875152e20590dd57092f2a82","pexels:8353764","50","true","Important content image","Missing distinct real replacement; inherited duplicate retained pending suitable photograph"
"/images/emitronix-logo.png","/blog/warehouse-dubai-municipality-approvals-contractor-selection","header","card","emitronix-logo.png","1728","404","png","0c588c75d70f3ec952c8f687709cd1eb2fb573955d446b39d6f7a1c6c625e08d","/images/emitronix-logo","516","false","Logo/brand asset","Retain permitted shared brand/UI asset"
"/images/emitronix-logo.png","/blog/warehouse-dubai-municipality-approvals-contractor-selection","Bring engineering clarity to your next Dubai build.","content image","emitronix-logo.png","1728","404","png","0c588c75d70f3ec952c8f687709cd1eb2fb573955d446b39d6f7a1c6c625e08d","/images/emitronix-logo","516","false","Logo/brand asset","Retain permitted shared brand/UI asset"
"/images/generated/blog/warehouse-construction-planning-guide-desktop.webp","/blog/warehouse-dubai-municipality-approvals-contractor-selection","Warehouse Dubai Municipality Approvals: Contractor Selection / Transparent editorial ownership","hero","warehouse-construction-planning-guide-desktop.webp","1600","900","webp","a28f5d22cc3cca74e0ca3784fb469c955f53e466f6e9b040343bbadcf4b600f5","/images/generated/blog/warehouse-construction-planning-guide","53","true","Important content image","Missing distinct real replacement; inherited duplicate retained pending suitable photograph"
"/images/internal/architectural-drawing-review.webp","/blog/warehouse-dubai-municipality-approvals-contractor-selection","Contractor Selection: define the scope before it becomes a price / Transparent editorial ownership","card","architectural-drawing-review.webp","1920","2768","webp","0242bd81c319b862ae61dd9d38bc8e4d8212b5ba25e6907ca56c07b1bf998804","unsplash:photo-1608303588026-884930af2559","95","true","Important content image","Missing distinct real replacement; inherited duplicate retained pending suitable photograph"
"/images/project-authority-approvals-dubai.webp","/blog/warehouse-dubai-municipality-approvals-contractor-selection","Engineering interfaces that control warehouse dubai municipality approvals / Transparent editorial ownership","card","project-authority-approvals-dubai.webp","1600","1067","webp","9e6a366db121844fa3314f16050b33b077dcbcad8db4e5e18f35732dd43d074e","unsplash:photo-1581674662583-5e89b374fae6","172","true","Important content image","Missing distinct real replacement; inherited duplicate retained pending suitable photograph"
"/images/internal/project-site-coordination.webp","/blog/warehouse-dubai-municipality-approvals-contractor-selection","How to challenge a contractor proposal / Transparent editorial ownership","card","project-site-coordination.webp","1920","1280","webp","cd9197528dbb538734f8115efdca5952004cce0152888935f914030a997fbd69","unsplash:photo-1742112125567-3e8967bad60f","196","true","Important content image","Missing distinct real replacement; inherited duplicate retained pending suitable photograph"
"/images/sections/office-records-desk.webp","/blog/warehouse-dubai-municipality-approvals-contractor-selection","What a useful first technical meeting should produce / Transparent editorial ownership","card","office-records-desk.webp","1600","1068","webp","d6b58a32141aa1c8316b8d41b823e2e652c192a0875152e20590dd57092f2a82","pexels:8353764","50","true","Important content image","Missing distinct real replacement; inherited duplicate retained pending suitable photograph"
"/images/emitronix-logo.png","/blog/warehouse-dubai-municipality-approvals-cost-factors","header","card","emitronix-logo.png","1728","404","png","0c588c75d70f3ec952c8f687709cd1eb2fb573955d446b39d6f7a1c6c625e08d","/images/emitronix-logo","516","false","Logo/brand asset","Retain permitted shared brand/UI asset"
"/images/emitronix-logo.png","/blog/warehouse-dubai-municipality-approvals-cost-factors","Bring engineering clarity to your next Dubai build.","content image","emitronix-logo.png","1728","404","png","0c588c75d70f3ec952c8f687709cd1eb2fb573955d446b39d6f7a1c6c625e08d","/images/emitronix-logo","516","false","Logo/brand asset","Retain permitted shared brand/UI asset"
"/images/generated/blog/dubai-authority-approvals-guide-desktop.webp","/blog/warehouse-dubai-municipality-approvals-cost-factors","Warehouse Dubai Municipality Approvals: Cost Factors / Transparent editorial ownership","hero","dubai-authority-approvals-guide-desktop.webp","1600","900","webp","c1741ddab2b08da215d10241bbaad4ab63606eb3f48265246bf7ade3c3c0d839","/images/generated/blog/dubai-authority-approvals-guide","53","true","Important content image","Missing distinct real replacement; inherited duplicate retained pending suitable photograph"
"/images/internal/architectural-drawing-review.webp","/blog/warehouse-dubai-municipality-approvals-cost-factors","Cost Factors: define the scope before it becomes a price / Transparent editorial ownership","card","architectural-drawing-review.webp","1920","2768","webp","0242bd81c319b862ae61dd9d38bc8e4d8212b5ba25e6907ca56c07b1bf998804","unsplash:photo-1608303588026-884930af2559","95","true","Important content image","Missing distinct real replacement; inherited duplicate retained pending suitable photograph"
"/images/project-authority-approvals-dubai.webp","/blog/warehouse-dubai-municipality-approvals-cost-factors","Engineering interfaces that control warehouse dubai municipality approvals / Transparent editorial ownership","card","project-authority-approvals-dubai.webp","1600","1067","webp","9e6a366db121844fa3314f16050b33b077dcbcad8db4e5e18f35732dd43d074e","unsplash:photo-1581674662583-5e89b374fae6","172","true","Important content image","Missing distinct real replacement; inherited duplicate retained pending suitable photograph"
"/images/internal/project-site-coordination.webp","/blog/warehouse-dubai-municipality-approvals-cost-factors","How to challenge a contractor proposal / Transparent editorial ownership","card","project-site-coordination.webp","1920","1280","webp","cd9197528dbb538734f8115efdca5952004cce0152888935f914030a997fbd69","unsplash:photo-1742112125567-3e8967bad60f","196","true","Important content image","Missing distinct real replacement; inherited duplicate retained pending suitable photograph"
"/images/sections/office-records-desk.webp","/blog/warehouse-dubai-municipality-approvals-cost-factors","What a useful first technical meeting should produce / Transparent editorial ownership","card","office-records-desk.webp","1600","1068","webp","d6b58a32141aa1c8316b8d41b823e2e652c192a0875152e20590dd57092f2a82","pexels:8353764","50","true","Important content image","Missing distinct real replacement; inherited duplicate retained pending suitable photograph"
"/images/emitronix-logo.png","/blog/warehouse-dubai-municipality-approvals-planning-guide","header","card","emitronix-logo.png","1728","404","png","0c588c75d70f3ec952c8f687709cd1eb2fb573955d446b39d6f7a1c6c625e08d","/images/emitronix-logo","516","false","Logo/brand asset","Retain permitted shared brand/UI asset"
"/images/emitronix-logo.png","/blog/warehouse-dubai-municipality-approvals-planning-guide","Bring engineering clarity to your next Dubai build.","content image","emitronix-logo.png","1728","404","png","0c588c75d70f3ec952c8f687709cd1eb2fb573955d446b39d6f7a1c6c625e08d","/images/emitronix-logo","516","false","Logo/brand asset","Retain permitted shared brand/UI asset"
"/images/generated/blog/warehouse-construction-planning-guide-desktop.webp","/blog/warehouse-dubai-municipality-approvals-planning-guide","Warehouse Dubai Municipality Approvals: Planning Guide / Transparent editorial ownership","hero","warehouse-construction-planning-guide-desktop.webp","1600","900","webp","a28f5d22cc3cca74e0ca3784fb469c955f53e466f6e9b040343bbadcf4b600f5","/images/generated/blog/warehouse-construction-planning-guide","53","true","Important content image","Missing distinct real replacement; inherited duplicate retained pending suitable photograph"
"/images/internal/architectural-drawing-review.webp","/blog/warehouse-dubai-municipality-approvals-planning-guide","Authority sequence and document ownership / Transparent editorial ownership","card","architectural-drawing-review.webp","1920","2768","webp","0242bd81c319b862ae61dd9d38bc8e4d8212b5ba25e6907ca56c07b1bf998804","unsplash:photo-1608303588026-884930af2559","95","true","Important content image","Missing distinct real replacement; inherited duplicate retained pending suitable photograph"
"/images/project-authority-approvals-dubai.webp","/blog/warehouse-dubai-municipality-approvals-planning-guide","Cost and programme reasoning for the planning guide decision / Transparent editorial ownership","card","project-authority-approvals-dubai.webp","1600","1067","webp","9e6a366db121844fa3314f16050b33b077dcbcad8db4e5e18f35732dd43d074e","unsplash:photo-1581674662583-5e89b374fae6","172","true","Important content image","Missing distinct real replacement; inherited duplicate retained pending suitable photograph"
"/images/internal/project-site-coordination.webp","/blog/warehouse-dubai-municipality-approvals-planning-guide","What a useful first technical meeting should produce / Transparent editorial ownership","card","project-site-coordination.webp","1920","1280","webp","cd9197528dbb538734f8115efdca5952004cce0152888935f914030a997fbd69","unsplash:photo-1742112125567-3e8967bad60f","196","true","Important content image","Missing distinct real replacement; inherited duplicate retained pending suitable photograph"
"/images/sections/office-records-desk.webp","/blog/warehouse-dubai-municipality-approvals-planning-guide","Trace a comment to its drawing revision and site consequence / Transparent editorial ownership","card","office-records-desk.webp","1600","1068","webp","d6b58a32141aa1c8316b8d41b823e2e652c192a0875152e20590dd57092f2a82","pexels:8353764","50","true","Important content image","Missing distinct real replacement; inherited duplicate retained pending suitable photograph"
"/images/emitronix-logo.png","/blog/warehouse-dubai-municipality-approvals-timeline-process","header","card","emitronix-logo.png","1728","404","png","0c588c75d70f3ec952c8f687709cd1eb2fb573955d446b39d6f7a1c6c625e08d","/images/emitronix-logo","516","false","Logo/brand asset","Retain permitted shared brand/UI asset"
"/images/emitronix-logo.png","/blog/warehouse-dubai-municipality-approvals-timeline-process","Bring engineering clarity to your next Dubai build.","content image","emitronix-logo.png","1728","404","png","0c588c75d70f3ec952c8f687709cd1eb2fb573955d446b39d6f7a1c6c625e08d","/images/emitronix-logo","516","false","Logo/brand asset","Retain permitted shared brand/UI asset"
"/images/generated/blog/choosing-building-contractor-dubai-desktop.webp","/blog/warehouse-dubai-municipality-approvals-timeline-process","Warehouse Dubai Municipality Approvals: Timeline and Process / Transparent editorial ownership","hero","choosing-building-contractor-dubai-desktop.webp","1600","900","webp","3684f53e8c347aa311979d8ebc4044e4e49ae4f4dadea0ef739a939bd5221452","/images/generated/blog/choosing-building-contractor-dubai","53","true","Important content image","Missing distinct real replacement; inherited duplicate retained pending suitable photograph"
"/images/internal/architectural-drawing-review.webp","/blog/warehouse-dubai-municipality-approvals-timeline-process","Timeline and Process: define the scope before it becomes a price / Transparent editorial ownership","card","architectural-drawing-review.webp","1920","2768","webp","0242bd81c319b862ae61dd9d38bc8e4d8212b5ba25e6907ca56c07b1bf998804","unsplash:photo-1608303588026-884930af2559","95","true","Important content image","Missing distinct real replacement; inherited duplicate retained pending suitable photograph"
"/images/project-authority-approvals-dubai.webp","/blog/warehouse-dubai-municipality-approvals-timeline-process","Engineering interfaces that control warehouse dubai municipality approvals / Transparent editorial ownership","card","project-authority-approvals-dubai.webp","1600","1067","webp","9e6a366db121844fa3314f16050b33b077dcbcad8db4e5e18f35732dd43d074e","unsplash:photo-1581674662583-5e89b374fae6","172","true","Important content image","Missing distinct real replacement; inherited duplicate retained pending suitable photograph"
"/images/internal/project-site-coordination.webp","/blog/warehouse-dubai-municipality-approvals-timeline-process","How to challenge a contractor proposal / Transparent editorial ownership","card","project-site-coordination.webp","1920","1280","webp","cd9197528dbb538734f8115efdca5952004cce0152888935f914030a997fbd69","unsplash:photo-1742112125567-3e8967bad60f","196","true","Important content image","Missing distinct real replacement; inherited duplicate retained pending suitable photograph"
"/images/sections/office-records-desk.webp","/blog/warehouse-dubai-municipality-approvals-timeline-process","What a useful first technical meeting should produce / Transparent editorial ownership","card","office-records-desk.webp","1600","1068","webp","d6b58a32141aa1c8316b8d41b823e2e652c192a0875152e20590dd57092f2a82","pexels:8353764","50","true","Important content image","Missing distinct real replacement; inherited duplicate retained pending suitable photograph"
"/images/emitronix-logo.png","/blog/warehouse-fire-fighting-dubai-approval-checklist","header","card","emitronix-logo.png","1728","404","png","0c588c75d70f3ec952c8f687709cd1eb2fb573955d446b39d6f7a1c6c625e08d","/images/emitronix-logo","516","false","Logo/brand asset","Retain permitted shared brand/UI asset"
"/images/emitronix-logo.png","/blog/warehouse-fire-fighting-dubai-approval-checklist","Bring engineering clarity to your next Dubai build.","content image","emitronix-logo.png","1728","404","png","0c588c75d70f3ec952c8f687709cd1eb2fb573955d446b39d6f7a1c6c625e08d","/images/emitronix-logo","516","false","Logo/brand asset","Retain permitted shared brand/UI asset"
"/images/generated/blog/choosing-building-contractor-dubai-desktop.webp","/blog/warehouse-fire-fighting-dubai-approval-checklist","Warehouse Fire Fighting Dubai: Approval Checklist / Transparent editorial ownership","hero","choosing-building-contractor-dubai-desktop.webp","1600","900","webp","3684f53e8c347aa311979d8ebc4044e4e49ae4f4dadea0ef739a939bd5221452","/images/generated/blog/choosing-building-contractor-dubai","53","true","Important content image","Missing distinct real replacement; inherited duplicate retained pending suitable photograph"
"/images/internal/fire-sprinkler-pipework.webp","/blog/warehouse-fire-fighting-dubai-approval-checklist","Approval Checklist: define the scope before it becomes a price / Transparent editorial ownership","card","fire-sprinkler-pipework.webp","1920","1440","webp","1fce7f82f68d30b0ae6920075bbeeb0a9741912efd20cd662ec8d623dc38a5ec","pexels:37352142","16","true","Important content image","Missing distinct real replacement; inherited duplicate retained pending suitable photograph"
"/images/internal/architectural-drawing-review.webp","/blog/warehouse-fire-fighting-dubai-approval-checklist","Engineering interfaces that control warehouse fire fighting dubai / Transparent editorial ownership","card","architectural-drawing-review.webp","1920","2768","webp","0242bd81c319b862ae61dd9d38bc8e4d8212b5ba25e6907ca56c07b1bf998804","unsplash:photo-1608303588026-884930af2559","95","true","Important content image","Missing distinct real replacement; inherited duplicate retained pending suitable photograph"
"/images/project-mep-coordination-dubai.webp","/blog/warehouse-fire-fighting-dubai-approval-checklist","How to challenge a contractor proposal / Transparent editorial ownership","card","project-mep-coordination-dubai.webp","1600","1067","webp","43d0c568cd1d56ff412d73507931d1a606c38601caed94d7db5377f05003b49d","unsplash:photo-1778514825784-0659eaf8e7a2","27","true","Important content image","Missing distinct real replacement; inherited duplicate retained pending suitable photograph"
"/images/internal/project-site-coordination.webp","/blog/warehouse-fire-fighting-dubai-approval-checklist","What a useful first technical meeting should produce / Transparent editorial ownership","card","project-site-coordination.webp","1920","1280","webp","cd9197528dbb538734f8115efdca5952004cce0152888935f914030a997fbd69","unsplash:photo-1742112125567-3e8967bad60f","196","true","Important content image","Missing distinct real replacement; inherited duplicate retained pending suitable photograph"
"/images/emitronix-logo.png","/blog/warehouse-fire-fighting-dubai-contractor-selection","header","card","emitronix-logo.png","1728","404","png","0c588c75d70f3ec952c8f687709cd1eb2fb573955d446b39d6f7a1c6c625e08d","/images/emitronix-logo","516","false","Logo/brand asset","Retain permitted shared brand/UI asset"
"/images/emitronix-logo.png","/blog/warehouse-fire-fighting-dubai-contractor-selection","Bring engineering clarity to your next Dubai build.","content image","emitronix-logo.png","1728","404","png","0c588c75d70f3ec952c8f687709cd1eb2fb573955d446b39d6f7a1c6c625e08d","/images/emitronix-logo","516","false","Logo/brand asset","Retain permitted shared brand/UI asset"
"/images/generated/blog/dubai-authority-approvals-guide-desktop.webp","/blog/warehouse-fire-fighting-dubai-contractor-selection","Warehouse Fire Fighting Dubai: Contractor Selection / Transparent editorial ownership","hero","dubai-authority-approvals-guide-desktop.webp","1600","900","webp","c1741ddab2b08da215d10241bbaad4ab63606eb3f48265246bf7ade3c3c0d839","/images/generated/blog/dubai-authority-approvals-guide","53","true","Important content image","Missing distinct real replacement; inherited duplicate retained pending suitable photograph"
"/images/internal/fire-sprinkler-pipework.webp","/blog/warehouse-fire-fighting-dubai-contractor-selection","Contractor Selection: define the scope before it becomes a price / Transparent editorial ownership","card","fire-sprinkler-pipework.webp","1920","1440","webp","1fce7f82f68d30b0ae6920075bbeeb0a9741912efd20cd662ec8d623dc38a5ec","pexels:37352142","16","true","Important content image","Missing distinct real replacement; inherited duplicate retained pending suitable photograph"
"/images/internal/architectural-drawing-review.webp","/blog/warehouse-fire-fighting-dubai-contractor-selection","Engineering interfaces that control warehouse fire fighting dubai / Transparent editorial ownership","card","architectural-drawing-review.webp","1920","2768","webp","0242bd81c319b862ae61dd9d38bc8e4d8212b5ba25e6907ca56c07b1bf998804","unsplash:photo-1608303588026-884930af2559","95","true","Important content image","Missing distinct real replacement; inherited duplicate retained pending suitable photograph"
"/images/project-mep-coordination-dubai.webp","/blog/warehouse-fire-fighting-dubai-contractor-selection","How to challenge a contractor proposal / Transparent editorial ownership","card","project-mep-coordination-dubai.webp","1600","1067","webp","43d0c568cd1d56ff412d73507931d1a606c38601caed94d7db5377f05003b49d","unsplash:photo-1778514825784-0659eaf8e7a2","27","true","Important content image","Missing distinct real replacement; inherited duplicate retained pending suitable photograph"
"/images/internal/project-site-coordination.webp","/blog/warehouse-fire-fighting-dubai-contractor-selection","What a useful first technical meeting should produce / Transparent editorial ownership","card","project-site-coordination.webp","1920","1280","webp","cd9197528dbb538734f8115efdca5952004cce0152888935f914030a997fbd69","unsplash:photo-1742112125567-3e8967bad60f","196","true","Important content image","Missing distinct real replacement; inherited duplicate retained pending suitable photograph"
"/images/emitronix-logo.png","/blog/warehouse-fire-fighting-dubai-cost-factors","header","card","emitronix-logo.png","1728","404","png","0c588c75d70f3ec952c8f687709cd1eb2fb573955d446b39d6f7a1c6c625e08d","/images/emitronix-logo","516","false","Logo/brand asset","Retain permitted shared brand/UI asset"
"/images/emitronix-logo.png","/blog/warehouse-fire-fighting-dubai-cost-factors","Bring engineering clarity to your next Dubai build.","content image","emitronix-logo.png","1728","404","png","0c588c75d70f3ec952c8f687709cd1eb2fb573955d446b39d6f7a1c6c625e08d","/images/emitronix-logo","516","false","Logo/brand asset","Retain permitted shared brand/UI asset"
"/images/generated/blog/warehouse-construction-planning-guide-desktop.webp","/blog/warehouse-fire-fighting-dubai-cost-factors","Warehouse Fire Fighting Dubai: Cost Factors / Transparent editorial ownership","hero","warehouse-construction-planning-guide-desktop.webp","1600","900","webp","a28f5d22cc3cca74e0ca3784fb469c955f53e466f6e9b040343bbadcf4b600f5","/images/generated/blog/warehouse-construction-planning-guide","53","true","Important content image","Missing distinct real replacement; inherited duplicate retained pending suitable photograph"
"/images/internal/fire-sprinkler-pipework.webp","/blog/warehouse-fire-fighting-dubai-cost-factors","Cost Factors: define the scope before it becomes a price / Transparent editorial ownership","card","fire-sprinkler-pipework.webp","1920","1440","webp","1fce7f82f68d30b0ae6920075bbeeb0a9741912efd20cd662ec8d623dc38a5ec","pexels:37352142","16","true","Important content image","Missing distinct real replacement; inherited duplicate retained pending suitable photograph"
"/images/internal/architectural-drawing-review.webp","/blog/warehouse-fire-fighting-dubai-cost-factors","Engineering interfaces that control warehouse fire fighting dubai / Transparent editorial ownership","card","architectural-drawing-review.webp","1920","2768","webp","0242bd81c319b862ae61dd9d38bc8e4d8212b5ba25e6907ca56c07b1bf998804","unsplash:photo-1608303588026-884930af2559","95","true","Important content image","Missing distinct real replacement; inherited duplicate retained pending suitable photograph"
"/images/project-mep-coordination-dubai.webp","/blog/warehouse-fire-fighting-dubai-cost-factors","How to challenge a contractor proposal / Transparent editorial ownership","card","project-mep-coordination-dubai.webp","1600","1067","webp","43d0c568cd1d56ff412d73507931d1a606c38601caed94d7db5377f05003b49d","unsplash:photo-1778514825784-0659eaf8e7a2","27","true","Important content image","Missing distinct real replacement; inherited duplicate retained pending suitable photograph"
"/images/internal/project-site-coordination.webp","/blog/warehouse-fire-fighting-dubai-cost-factors","What a useful first technical meeting should produce / Transparent editorial ownership","card","project-site-coordination.webp","1920","1280","webp","cd9197528dbb538734f8115efdca5952004cce0152888935f914030a997fbd69","unsplash:photo-1742112125567-3e8967bad60f","196","true","Important content image","Missing distinct real replacement; inherited duplicate retained pending suitable photograph"
"/images/emitronix-logo.png","/blog/warehouse-fire-fighting-dubai-planning-guide","header","card","emitronix-logo.png","1728","404","png","0c588c75d70f3ec952c8f687709cd1eb2fb573955d446b39d6f7a1c6c625e08d","/images/emitronix-logo","516","false","Logo/brand asset","Retain permitted shared brand/UI asset"
"/images/emitronix-logo.png","/blog/warehouse-fire-fighting-dubai-planning-guide","Bring engineering clarity to your next Dubai build.","content image","emitronix-logo.png","1728","404","png","0c588c75d70f3ec952c8f687709cd1eb2fb573955d446b39d6f7a1c6c625e08d","/images/emitronix-logo","516","false","Logo/brand asset","Retain permitted shared brand/UI asset"
"/images/generated/blog/dubai-authority-approvals-guide-desktop.webp","/blog/warehouse-fire-fighting-dubai-planning-guide","Warehouse Fire Fighting Dubai: Planning Guide / Transparent editorial ownership","hero","dubai-authority-approvals-guide-desktop.webp","1600","900","webp","c1741ddab2b08da215d10241bbaad4ab63606eb3f48265246bf7ade3c3c0d839","/images/generated/blog/dubai-authority-approvals-guide","53","true","Important content image","Missing distinct real replacement; inherited duplicate retained pending suitable photograph"
"/images/internal/fire-sprinkler-pipework.webp","/blog/warehouse-fire-fighting-dubai-planning-guide","Planning Guide: define the scope before it becomes a price / Transparent editorial ownership","card","fire-sprinkler-pipework.webp","1920","1440","webp","1fce7f82f68d30b0ae6920075bbeeb0a9741912efd20cd662ec8d623dc38a5ec","pexels:37352142","16","true","Important content image","Missing distinct real replacement; inherited duplicate retained pending suitable photograph"
"/images/internal/architectural-drawing-review.webp","/blog/warehouse-fire-fighting-dubai-planning-guide","Engineering interfaces that control warehouse fire fighting dubai / Transparent editorial ownership","card","architectural-drawing-review.webp","1920","2768","webp","0242bd81c319b862ae61dd9d38bc8e4d8212b5ba25e6907ca56c07b1bf998804","unsplash:photo-1608303588026-884930af2559","95","true","Important content image","Missing distinct real replacement; inherited duplicate retained pending suitable photograph"
"/images/project-mep-coordination-dubai.webp","/blog/warehouse-fire-fighting-dubai-planning-guide","How to challenge a contractor proposal / Transparent editorial ownership","card","project-mep-coordination-dubai.webp","1600","1067","webp","43d0c568cd1d56ff412d73507931d1a606c38601caed94d7db5377f05003b49d","unsplash:photo-1778514825784-0659eaf8e7a2","27","true","Important content image","Missing distinct real replacement; inherited duplicate retained pending suitable photograph"
"/images/internal/project-site-coordination.webp","/blog/warehouse-fire-fighting-dubai-planning-guide","What a useful first technical meeting should produce / Transparent editorial ownership","card","project-site-coordination.webp","1920","1280","webp","cd9197528dbb538734f8115efdca5952004cce0152888935f914030a997fbd69","unsplash:photo-1742112125567-3e8967bad60f","196","true","Important content image","Missing distinct real replacement; inherited duplicate retained pending suitable photograph"
"/images/emitronix-logo.png","/blog/warehouse-fire-fighting-dubai-timeline-process","header","card","emitronix-logo.png","1728","404","png","0c588c75d70f3ec952c8f687709cd1eb2fb573955d446b39d6f7a1c6c625e08d","/images/emitronix-logo","516","false","Logo/brand asset","Retain permitted shared brand/UI asset"
"/images/emitronix-logo.png","/blog/warehouse-fire-fighting-dubai-timeline-process","Bring engineering clarity to your next Dubai build.","content image","emitronix-logo.png","1728","404","png","0c588c75d70f3ec952c8f687709cd1eb2fb573955d446b39d6f7a1c6c625e08d","/images/emitronix-logo","516","false","Logo/brand asset","Retain permitted shared brand/UI asset"
"/images/generated/blog/civil-construction-dubai-guide-2026-desktop.webp","/blog/warehouse-fire-fighting-dubai-timeline-process","Warehouse Fire Fighting Dubai: Timeline and Process / Transparent editorial ownership","hero","civil-construction-dubai-guide-2026-desktop.webp","1600","900","webp","45cbd5e3ec28454f5293adc49e186c5f672acf9fdfd1def5b2251a1d690ac258","/images/generated/blog/civil-construction-dubai-guide-2026","55","true","Important content image","Missing distinct real replacement; inherited duplicate retained pending suitable photograph"
"/images/internal/fire-sprinkler-pipework.webp","/blog/warehouse-fire-fighting-dubai-timeline-process","Timeline and Process: define the scope before it becomes a price / Transparent editorial ownership","card","fire-sprinkler-pipework.webp","1920","1440","webp","1fce7f82f68d30b0ae6920075bbeeb0a9741912efd20cd662ec8d623dc38a5ec","pexels:37352142","16","true","Important content image","Missing distinct real replacement; inherited duplicate retained pending suitable photograph"
"/images/internal/architectural-drawing-review.webp","/blog/warehouse-fire-fighting-dubai-timeline-process","Engineering interfaces that control warehouse fire fighting dubai / Transparent editorial ownership","card","architectural-drawing-review.webp","1920","2768","webp","0242bd81c319b862ae61dd9d38bc8e4d8212b5ba25e6907ca56c07b1bf998804","unsplash:photo-1608303588026-884930af2559","95","true","Important content image","Missing distinct real replacement; inherited duplicate retained pending suitable photograph"
"/images/project-mep-coordination-dubai.webp","/blog/warehouse-fire-fighting-dubai-timeline-process","How to challenge a contractor proposal / Transparent editorial ownership","card","project-mep-coordination-dubai.webp","1600","1067","webp","43d0c568cd1d56ff412d73507931d1a606c38601caed94d7db5377f05003b49d","unsplash:photo-1778514825784-0659eaf8e7a2","27","true","Important content image","Missing distinct real replacement; inherited duplicate retained pending suitable photograph"
"/images/internal/project-site-coordination.webp","/blog/warehouse-fire-fighting-dubai-timeline-process","What a useful first technical meeting should produce / Transparent editorial ownership","card","project-site-coordination.webp","1920","1280","webp","cd9197528dbb538734f8115efdca5952004cce0152888935f914030a997fbd69","unsplash:photo-1742112125567-3e8967bad60f","196","true","Important content image","Missing distinct real replacement; inherited duplicate retained pending suitable photograph"
"/images/emitronix-logo.png","/blog/warehouse-fit-out-dubai-approval-checklist","header","card","emitronix-logo.png","1728","404","png","0c588c75d70f3ec952c8f687709cd1eb2fb573955d446b39d6f7a1c6c625e08d","/images/emitronix-logo","516","false","Logo/brand asset","Retain permitted shared brand/UI asset"
"/images/emitronix-logo.png","/blog/warehouse-fit-out-dubai-approval-checklist","Bring engineering clarity to your next Dubai build.","content image","emitronix-logo.png","1728","404","png","0c588c75d70f3ec952c8f687709cd1eb2fb573955d446b39d6f7a1c6c625e08d","/images/emitronix-logo","516","false","Logo/brand asset","Retain permitted shared brand/UI asset"
"/images/generated/blog/warehouse-construction-planning-guide-desktop.webp","/blog/warehouse-fit-out-dubai-approval-checklist","Warehouse Fit Out Dubai: Approval Checklist / Transparent editorial ownership","hero","warehouse-construction-planning-guide-desktop.webp","1600","900","webp","a28f5d22cc3cca74e0ca3784fb469c955f53e466f6e9b040343bbadcf4b600f5","/images/generated/blog/warehouse-construction-planning-guide","53","true","Important content image","Missing distinct real replacement; inherited duplicate retained pending suitable photograph"
"/images/internal/architectural-drawing-review.webp","/blog/warehouse-fit-out-dubai-approval-checklist","Approval Checklist: define the scope before it becomes a price / Transparent editorial ownership","card","architectural-drawing-review.webp","1920","2768","webp","0242bd81c319b862ae61dd9d38bc8e4d8212b5ba25e6907ca56c07b1bf998804","unsplash:photo-1608303588026-884930af2559","95","true","Important content image","Missing distinct real replacement; inherited duplicate retained pending suitable photograph"
"/images/project-authority-approvals-dubai.webp","/blog/warehouse-fit-out-dubai-approval-checklist","Engineering interfaces that control warehouse fit out dubai / Transparent editorial ownership","card","project-authority-approvals-dubai.webp","1600","1067","webp","9e6a366db121844fa3314f16050b33b077dcbcad8db4e5e18f35732dd43d074e","unsplash:photo-1581674662583-5e89b374fae6","172","true","Important content image","Missing distinct real replacement; inherited duplicate retained pending suitable photograph"
"/images/internal/project-site-coordination.webp","/blog/warehouse-fit-out-dubai-approval-checklist","How to challenge a contractor proposal / Transparent editorial ownership","card","project-site-coordination.webp","1920","1280","webp","cd9197528dbb538734f8115efdca5952004cce0152888935f914030a997fbd69","unsplash:photo-1742112125567-3e8967bad60f","196","true","Important content image","Missing distinct real replacement; inherited duplicate retained pending suitable photograph"
"/images/sections/office-records-desk.webp","/blog/warehouse-fit-out-dubai-approval-checklist","What a useful first technical meeting should produce / Transparent editorial ownership","card","office-records-desk.webp","1600","1068","webp","d6b58a32141aa1c8316b8d41b823e2e652c192a0875152e20590dd57092f2a82","pexels:8353764","50","true","Important content image","Missing distinct real replacement; inherited duplicate retained pending suitable photograph"
"/images/emitronix-logo.png","/blog/warehouse-fit-out-dubai-contractor-selection","header","card","emitronix-logo.png","1728","404","png","0c588c75d70f3ec952c8f687709cd1eb2fb573955d446b39d6f7a1c6c625e08d","/images/emitronix-logo","516","false","Logo/brand asset","Retain permitted shared brand/UI asset"
"/images/emitronix-logo.png","/blog/warehouse-fit-out-dubai-contractor-selection","Bring engineering clarity to your next Dubai build.","content image","emitronix-logo.png","1728","404","png","0c588c75d70f3ec952c8f687709cd1eb2fb573955d446b39d6f7a1c6c625e08d","/images/emitronix-logo","516","false","Logo/brand asset","Retain permitted shared brand/UI asset"
"/images/generated/blog/choosing-building-contractor-dubai-desktop.webp","/blog/warehouse-fit-out-dubai-contractor-selection","Warehouse Fit Out Dubai: Contractor Selection / Transparent editorial ownership","hero","choosing-building-contractor-dubai-desktop.webp","1600","900","webp","3684f53e8c347aa311979d8ebc4044e4e49ae4f4dadea0ef739a939bd5221452","/images/generated/blog/choosing-building-contractor-dubai","53","true","Important content image","Missing distinct real replacement; inherited duplicate retained pending suitable photograph"
"/images/project-warehouse-industrial-dubai.webp","/blog/warehouse-fit-out-dubai-contractor-selection","Contractor Selection: define the scope before it becomes a price / Transparent editorial ownership","card","project-warehouse-industrial-dubai.webp","1600","1067","webp","e4ef2024be4b8171e52da5857e3bf5568b5a04ee5a3ca041c5d30a1560ac9940","unsplash:photo-1592085198739-ffcad7f36b54","89","true","Important content image","Missing distinct real replacement; inherited duplicate retained pending suitable photograph"
"/images/project-authority-approvals-dubai.webp","/blog/warehouse-fit-out-dubai-contractor-selection","Engineering interfaces that control warehouse fit out dubai / Transparent editorial ownership","card","project-authority-approvals-dubai.webp","1600","1067","webp","9e6a366db121844fa3314f16050b33b077dcbcad8db4e5e18f35732dd43d074e","unsplash:photo-1581674662583-5e89b374fae6","172","true","Important content image","Missing distinct real replacement; inherited duplicate retained pending suitable photograph"
"/images/internal/industrial-steel-roof.webp","/blog/warehouse-fit-out-dubai-contractor-selection","How to challenge a contractor proposal / Transparent editorial ownership","card","industrial-steel-roof.webp","1920","1280","webp","4af6a0eb63cd82e853bc16e10c68342823c19ecca46e608b0c58b793e26760bb","unsplash:photo-1662120399978-738d233edbec","98","true","Important content image","Missing distinct real replacement; inherited duplicate retained pending suitable photograph"
"/images/internal/project-site-coordination.webp","/blog/warehouse-fit-out-dubai-contractor-selection","What a useful first technical meeting should produce / Transparent editorial ownership","card","project-site-coordination.webp","1920","1280","webp","cd9197528dbb538734f8115efdca5952004cce0152888935f914030a997fbd69","unsplash:photo-1742112125567-3e8967bad60f","196","true","Important content image","Missing distinct real replacement; inherited duplicate retained pending suitable photograph"
"/images/emitronix-logo.png","/blog/warehouse-fit-out-dubai-cost-factors","header","card","emitronix-logo.png","1728","404","png","0c588c75d70f3ec952c8f687709cd1eb2fb573955d446b39d6f7a1c6c625e08d","/images/emitronix-logo","516","false","Logo/brand asset","Retain permitted shared brand/UI asset"
"/images/emitronix-logo.png","/blog/warehouse-fit-out-dubai-cost-factors","Bring engineering clarity to your next Dubai build.","content image","emitronix-logo.png","1728","404","png","0c588c75d70f3ec952c8f687709cd1eb2fb573955d446b39d6f7a1c6c625e08d","/images/emitronix-logo","516","false","Logo/brand asset","Retain permitted shared brand/UI asset"
"/images/generated/blog/civil-construction-dubai-guide-2026-desktop.webp","/blog/warehouse-fit-out-dubai-cost-factors","Warehouse Fit Out Dubai: Cost Factors / Transparent editorial ownership","hero","civil-construction-dubai-guide-2026-desktop.webp","1600","900","webp","45cbd5e3ec28454f5293adc49e186c5f672acf9fdfd1def5b2251a1d690ac258","/images/generated/blog/civil-construction-dubai-guide-2026","55","true","Important content image","Missing distinct real replacement; inherited duplicate retained pending suitable photograph"
"/images/project-warehouse-industrial-dubai.webp","/blog/warehouse-fit-out-dubai-cost-factors","Cost Factors: define the scope before it becomes a price / Transparent editorial ownership","card","project-warehouse-industrial-dubai.webp","1600","1067","webp","e4ef2024be4b8171e52da5857e3bf5568b5a04ee5a3ca041c5d30a1560ac9940","unsplash:photo-1592085198739-ffcad7f36b54","89","true","Important content image","Missing distinct real replacement; inherited duplicate retained pending suitable photograph"
"/images/project-authority-approvals-dubai.webp","/blog/warehouse-fit-out-dubai-cost-factors","Engineering interfaces that control warehouse fit out dubai / Transparent editorial ownership","card","project-authority-approvals-dubai.webp","1600","1067","webp","9e6a366db121844fa3314f16050b33b077dcbcad8db4e5e18f35732dd43d074e","unsplash:photo-1581674662583-5e89b374fae6","172","true","Important content image","Missing distinct real replacement; inherited duplicate retained pending suitable photograph"
"/images/internal/industrial-steel-roof.webp","/blog/warehouse-fit-out-dubai-cost-factors","How to challenge a contractor proposal / Transparent editorial ownership","card","industrial-steel-roof.webp","1920","1280","webp","4af6a0eb63cd82e853bc16e10c68342823c19ecca46e608b0c58b793e26760bb","unsplash:photo-1662120399978-738d233edbec","98","true","Important content image","Missing distinct real replacement; inherited duplicate retained pending suitable photograph"
"/images/internal/project-site-coordination.webp","/blog/warehouse-fit-out-dubai-cost-factors","What a useful first technical meeting should produce / Transparent editorial ownership","card","project-site-coordination.webp","1920","1280","webp","cd9197528dbb538734f8115efdca5952004cce0152888935f914030a997fbd69","unsplash:photo-1742112125567-3e8967bad60f","196","true","Important content image","Missing distinct real replacement; inherited duplicate retained pending suitable photograph"
"/images/emitronix-logo.png","/blog/warehouse-fit-out-dubai-planning-guide","header","card","emitronix-logo.png","1728","404","png","0c588c75d70f3ec952c8f687709cd1eb2fb573955d446b39d6f7a1c6c625e08d","/images/emitronix-logo","516","false","Logo/brand asset","Retain permitted shared brand/UI asset"
"/images/emitronix-logo.png","/blog/warehouse-fit-out-dubai-planning-guide","Bring engineering clarity to your next Dubai build.","content image","emitronix-logo.png","1728","404","png","0c588c75d70f3ec952c8f687709cd1eb2fb573955d446b39d6f7a1c6c625e08d","/images/emitronix-logo","516","false","Logo/brand asset","Retain permitted shared brand/UI asset"
"/images/generated/blog/choosing-building-contractor-dubai-desktop.webp","/blog/warehouse-fit-out-dubai-planning-guide","Warehouse Fit Out Dubai: Planning Guide / Transparent editorial ownership","hero","choosing-building-contractor-dubai-desktop.webp","1600","900","webp","3684f53e8c347aa311979d8ebc4044e4e49ae4f4dadea0ef739a939bd5221452","/images/generated/blog/choosing-building-contractor-dubai","53","true","Important content image","Missing distinct real replacement; inherited duplicate retained pending suitable photograph"
"/images/project-warehouse-industrial-dubai.webp","/blog/warehouse-fit-out-dubai-planning-guide","Planning Guide: define the scope before it becomes a price / Transparent editorial ownership","card","project-warehouse-industrial-dubai.webp","1600","1067","webp","e4ef2024be4b8171e52da5857e3bf5568b5a04ee5a3ca041c5d30a1560ac9940","unsplash:photo-1592085198739-ffcad7f36b54","89","true","Important content image","Missing distinct real replacement; inherited duplicate retained pending suitable photograph"
"/images/project-authority-approvals-dubai.webp","/blog/warehouse-fit-out-dubai-planning-guide","Engineering interfaces that control warehouse fit out dubai / Transparent editorial ownership","card","project-authority-approvals-dubai.webp","1600","1067","webp","9e6a366db121844fa3314f16050b33b077dcbcad8db4e5e18f35732dd43d074e","unsplash:photo-1581674662583-5e89b374fae6","172","true","Important content image","Missing distinct real replacement; inherited duplicate retained pending suitable photograph"
"/images/internal/industrial-steel-roof.webp","/blog/warehouse-fit-out-dubai-planning-guide","How to challenge a contractor proposal / Transparent editorial ownership","card","industrial-steel-roof.webp","1920","1280","webp","4af6a0eb63cd82e853bc16e10c68342823c19ecca46e608b0c58b793e26760bb","unsplash:photo-1662120399978-738d233edbec","98","true","Important content image","Missing distinct real replacement; inherited duplicate retained pending suitable photograph"
"/images/internal/project-site-coordination.webp","/blog/warehouse-fit-out-dubai-planning-guide","What a useful first technical meeting should produce / Transparent editorial ownership","card","project-site-coordination.webp","1920","1280","webp","cd9197528dbb538734f8115efdca5952004cce0152888935f914030a997fbd69","unsplash:photo-1742112125567-3e8967bad60f","196","true","Important content image","Missing distinct real replacement; inherited duplicate retained pending suitable photograph"
"/images/emitronix-logo.png","/blog/warehouse-fit-out-dubai-timeline-process","header","card","emitronix-logo.png","1728","404","png","0c588c75d70f3ec952c8f687709cd1eb2fb573955d446b39d6f7a1c6c625e08d","/images/emitronix-logo","516","false","Logo/brand asset","Retain permitted shared brand/UI asset"
"/images/emitronix-logo.png","/blog/warehouse-fit-out-dubai-timeline-process","Bring engineering clarity to your next Dubai build.","content image","emitronix-logo.png","1728","404","png","0c588c75d70f3ec952c8f687709cd1eb2fb573955d446b39d6f7a1c6c625e08d","/images/emitronix-logo","516","false","Logo/brand asset","Retain permitted shared brand/UI asset"
"/images/generated/blog/dubai-authority-approvals-guide-desktop.webp","/blog/warehouse-fit-out-dubai-timeline-process","Warehouse Fit Out Dubai: Timeline and Process / Transparent editorial ownership","hero","dubai-authority-approvals-guide-desktop.webp","1600","900","webp","c1741ddab2b08da215d10241bbaad4ab63606eb3f48265246bf7ade3c3c0d839","/images/generated/blog/dubai-authority-approvals-guide","53","true","Important content image","Missing distinct real replacement; inherited duplicate retained pending suitable photograph"
"/images/project-warehouse-industrial-dubai.webp","/blog/warehouse-fit-out-dubai-timeline-process","Timeline and Process: define the scope before it becomes a price / Transparent editorial ownership","card","project-warehouse-industrial-dubai.webp","1600","1067","webp","e4ef2024be4b8171e52da5857e3bf5568b5a04ee5a3ca041c5d30a1560ac9940","unsplash:photo-1592085198739-ffcad7f36b54","89","true","Important content image","Missing distinct real replacement; inherited duplicate retained pending suitable photograph"
"/images/project-authority-approvals-dubai.webp","/blog/warehouse-fit-out-dubai-timeline-process","Engineering interfaces that control warehouse fit out dubai / Transparent editorial ownership","card","project-authority-approvals-dubai.webp","1600","1067","webp","9e6a366db121844fa3314f16050b33b077dcbcad8db4e5e18f35732dd43d074e","unsplash:photo-1581674662583-5e89b374fae6","172","true","Important content image","Missing distinct real replacement; inherited duplicate retained pending suitable photograph"
"/images/internal/industrial-steel-roof.webp","/blog/warehouse-fit-out-dubai-timeline-process","How to challenge a contractor proposal / Transparent editorial ownership","card","industrial-steel-roof.webp","1920","1280","webp","4af6a0eb63cd82e853bc16e10c68342823c19ecca46e608b0c58b793e26760bb","unsplash:photo-1662120399978-738d233edbec","98","true","Important content image","Missing distinct real replacement; inherited duplicate retained pending suitable photograph"
"/images/internal/project-site-coordination.webp","/blog/warehouse-fit-out-dubai-timeline-process","What a useful first technical meeting should produce / Transparent editorial ownership","card","project-site-coordination.webp","1920","1280","webp","cd9197528dbb538734f8115efdca5952004cce0152888935f914030a997fbd69","unsplash:photo-1742112125567-3e8967bad60f","196","true","Important content image","Missing distinct real replacement; inherited duplicate retained pending suitable photograph"
"/images/emitronix-logo.png","/blog/warehouse-flooring-dubai-approval-checklist","header","card","emitronix-logo.png","1728","404","png","0c588c75d70f3ec952c8f687709cd1eb2fb573955d446b39d6f7a1c6c625e08d","/images/emitronix-logo","516","false","Logo/brand asset","Retain permitted shared brand/UI asset"
"/images/emitronix-logo.png","/blog/warehouse-flooring-dubai-approval-checklist","Bring engineering clarity to your next Dubai build.","content image","emitronix-logo.png","1728","404","png","0c588c75d70f3ec952c8f687709cd1eb2fb573955d446b39d6f7a1c6c625e08d","/images/emitronix-logo","516","false","Logo/brand asset","Retain permitted shared brand/UI asset"
"/images/generated/blog/dubai-authority-approvals-guide-desktop.webp","/blog/warehouse-flooring-dubai-approval-checklist","Warehouse Flooring Dubai: Approval Checklist / Transparent editorial ownership","hero","dubai-authority-approvals-guide-desktop.webp","1600","900","webp","c1741ddab2b08da215d10241bbaad4ab63606eb3f48265246bf7ade3c3c0d839","/images/generated/blog/dubai-authority-approvals-guide","53","true","Important content image","Missing distinct real replacement; inherited duplicate retained pending suitable photograph"
"/images/civil-contractor-dubai-construction-site.webp","/blog/warehouse-flooring-dubai-approval-checklist","Approval Checklist: define the scope before it becomes a price / Transparent editorial ownership","card","civil-contractor-dubai-construction-site.webp","900","540","webp","284f2e21bc038689c02e9cb8e7b71ecf72e6e01f6dc6bf6bafafdb95a7d0fe4a","unsplash:photo-1541888946425-d81bb19240f5","16","true","Important content image","Missing distinct real replacement; inherited duplicate retained pending suitable photograph"
"/images/project-authority-approvals-dubai.webp","/blog/warehouse-flooring-dubai-approval-checklist","Engineering interfaces that control warehouse flooring dubai / Transparent editorial ownership","card","project-authority-approvals-dubai.webp","1600","1067","webp","9e6a366db121844fa3314f16050b33b077dcbcad8db4e5e18f35732dd43d074e","unsplash:photo-1581674662583-5e89b374fae6","172","true","Important content image","Missing distinct real replacement; inherited duplicate retained pending suitable photograph"
"/images/internal/structural-reinforcement.webp","/blog/warehouse-flooring-dubai-approval-checklist","How to challenge a contractor proposal / Transparent editorial ownership","card","structural-reinforcement.webp","1920","1275","webp","ef49d14a5548ad6335c818120ca1dcba48521e82a503fc9ec30d0a2ce43c9527","unsplash:photo-1768677903496-becc4be07258","13","true","Important content image","Missing distinct real replacement; inherited duplicate retained pending suitable photograph"
"/images/internal/project-site-coordination.webp","/blog/warehouse-flooring-dubai-approval-checklist","What a useful first technical meeting should produce / Transparent editorial ownership","card","project-site-coordination.webp","1920","1280","webp","cd9197528dbb538734f8115efdca5952004cce0152888935f914030a997fbd69","unsplash:photo-1742112125567-3e8967bad60f","196","true","Important content image","Missing distinct real replacement; inherited duplicate retained pending suitable photograph"
"/images/emitronix-logo.png","/blog/warehouse-flooring-dubai-contractor-selection","header","card","emitronix-logo.png","1728","404","png","0c588c75d70f3ec952c8f687709cd1eb2fb573955d446b39d6f7a1c6c625e08d","/images/emitronix-logo","516","false","Logo/brand asset","Retain permitted shared brand/UI asset"
"/images/emitronix-logo.png","/blog/warehouse-flooring-dubai-contractor-selection","Bring engineering clarity to your next Dubai build.","content image","emitronix-logo.png","1728","404","png","0c588c75d70f3ec952c8f687709cd1eb2fb573955d446b39d6f7a1c6c625e08d","/images/emitronix-logo","516","false","Logo/brand asset","Retain permitted shared brand/UI asset"
"/images/generated/blog/civil-construction-dubai-guide-2026-desktop.webp","/blog/warehouse-flooring-dubai-contractor-selection","Warehouse Flooring Dubai: Contractor Selection / Transparent editorial ownership","hero","civil-construction-dubai-guide-2026-desktop.webp","1600","900","webp","45cbd5e3ec28454f5293adc49e186c5f672acf9fdfd1def5b2251a1d690ac258","/images/generated/blog/civil-construction-dubai-guide-2026","55","true","Important content image","Missing distinct real replacement; inherited duplicate retained pending suitable photograph"
"/images/civil-contractor-dubai-construction-site.webp","/blog/warehouse-flooring-dubai-contractor-selection","Contractor Selection: define the scope before it becomes a price / Transparent editorial ownership","card","civil-contractor-dubai-construction-site.webp","900","540","webp","284f2e21bc038689c02e9cb8e7b71ecf72e6e01f6dc6bf6bafafdb95a7d0fe4a","unsplash:photo-1541888946425-d81bb19240f5","16","true","Important content image","Missing distinct real replacement; inherited duplicate retained pending suitable photograph"
"/images/project-authority-approvals-dubai.webp","/blog/warehouse-flooring-dubai-contractor-selection","Engineering interfaces that control warehouse flooring dubai / Transparent editorial ownership","card","project-authority-approvals-dubai.webp","1600","1067","webp","9e6a366db121844fa3314f16050b33b077dcbcad8db4e5e18f35732dd43d074e","unsplash:photo-1581674662583-5e89b374fae6","172","true","Important content image","Missing distinct real replacement; inherited duplicate retained pending suitable photograph"
"/images/internal/structural-reinforcement.webp","/blog/warehouse-flooring-dubai-contractor-selection","How to challenge a contractor proposal / Transparent editorial ownership","card","structural-reinforcement.webp","1920","1275","webp","ef49d14a5548ad6335c818120ca1dcba48521e82a503fc9ec30d0a2ce43c9527","unsplash:photo-1768677903496-becc4be07258","13","true","Important content image","Missing distinct real replacement; inherited duplicate retained pending suitable photograph"
"/images/internal/project-site-coordination.webp","/blog/warehouse-flooring-dubai-contractor-selection","What a useful first technical meeting should produce / Transparent editorial ownership","card","project-site-coordination.webp","1920","1280","webp","cd9197528dbb538734f8115efdca5952004cce0152888935f914030a997fbd69","unsplash:photo-1742112125567-3e8967bad60f","196","true","Important content image","Missing distinct real replacement; inherited duplicate retained pending suitable photograph"
"/images/emitronix-logo.png","/blog/warehouse-flooring-dubai-cost-factors","header","card","emitronix-logo.png","1728","404","png","0c588c75d70f3ec952c8f687709cd1eb2fb573955d446b39d6f7a1c6c625e08d","/images/emitronix-logo","516","false","Logo/brand asset","Retain permitted shared brand/UI asset"
"/images/emitronix-logo.png","/blog/warehouse-flooring-dubai-cost-factors","Bring engineering clarity to your next Dubai build.","content image","emitronix-logo.png","1728","404","png","0c588c75d70f3ec952c8f687709cd1eb2fb573955d446b39d6f7a1c6c625e08d","/images/emitronix-logo","516","false","Logo/brand asset","Retain permitted shared brand/UI asset"
"/images/generated/blog/choosing-building-contractor-dubai-desktop.webp","/blog/warehouse-flooring-dubai-cost-factors","Warehouse Flooring Dubai: Cost Factors / Transparent editorial ownership","hero","choosing-building-contractor-dubai-desktop.webp","1600","900","webp","3684f53e8c347aa311979d8ebc4044e4e49ae4f4dadea0ef739a939bd5221452","/images/generated/blog/choosing-building-contractor-dubai","53","true","Important content image","Missing distinct real replacement; inherited duplicate retained pending suitable photograph"
"/images/civil-contractor-dubai-construction-site.webp","/blog/warehouse-flooring-dubai-cost-factors","Authority sequence and document ownership / Transparent editorial ownership","card","civil-contractor-dubai-construction-site.webp","900","540","webp","284f2e21bc038689c02e9cb8e7b71ecf72e6e01f6dc6bf6bafafdb95a7d0fe4a","unsplash:photo-1541888946425-d81bb19240f5","16","true","Important content image","Missing distinct real replacement; inherited duplicate retained pending suitable photograph"
"/images/project-authority-approvals-dubai.webp","/blog/warehouse-flooring-dubai-cost-factors","Cost and programme reasoning for the cost factors decision / Transparent editorial ownership","card","project-authority-approvals-dubai.webp","1600","1067","webp","9e6a366db121844fa3314f16050b33b077dcbcad8db4e5e18f35732dd43d074e","unsplash:photo-1581674662583-5e89b374fae6","172","true","Important content image","Missing distinct real replacement; inherited duplicate retained pending suitable photograph"
"/images/internal/structural-reinforcement.webp","/blog/warehouse-flooring-dubai-cost-factors","What a useful first technical meeting should produce / Transparent editorial ownership","card","structural-reinforcement.webp","1920","1275","webp","ef49d14a5548ad6335c818120ca1dcba48521e82a503fc9ec30d0a2ce43c9527","unsplash:photo-1768677903496-becc4be07258","13","true","Important content image","Missing distinct real replacement; inherited duplicate retained pending suitable photograph"
"/images/internal/project-site-coordination.webp","/blog/warehouse-flooring-dubai-cost-factors","Compare construction cost with the operating constraints included / Transparent editorial ownership","card","project-site-coordination.webp","1920","1280","webp","cd9197528dbb538734f8115efdca5952004cce0152888935f914030a997fbd69","unsplash:photo-1742112125567-3e8967bad60f","196","true","Important content image","Missing distinct real replacement; inherited duplicate retained pending suitable photograph"
"/images/emitronix-logo.png","/blog/warehouse-flooring-dubai-planning-guide","header","card","emitronix-logo.png","1728","404","png","0c588c75d70f3ec952c8f687709cd1eb2fb573955d446b39d6f7a1c6c625e08d","/images/emitronix-logo","516","false","Logo/brand asset","Retain permitted shared brand/UI asset"
"/images/emitronix-logo.png","/blog/warehouse-flooring-dubai-planning-guide","Bring engineering clarity to your next Dubai build.","content image","emitronix-logo.png","1728","404","png","0c588c75d70f3ec952c8f687709cd1eb2fb573955d446b39d6f7a1c6c625e08d","/images/emitronix-logo","516","false","Logo/brand asset","Retain permitted shared brand/UI asset"
"/images/generated/blog/civil-construction-dubai-guide-2026-desktop.webp","/blog/warehouse-flooring-dubai-planning-guide","Warehouse Flooring Dubai: Planning Guide / Transparent editorial ownership","hero","civil-construction-dubai-guide-2026-desktop.webp","1600","900","webp","45cbd5e3ec28454f5293adc49e186c5f672acf9fdfd1def5b2251a1d690ac258","/images/generated/blog/civil-construction-dubai-guide-2026","55","true","Important content image","Missing distinct real replacement; inherited duplicate retained pending suitable photograph"
"/images/civil-contractor-dubai-construction-site.webp","/blog/warehouse-flooring-dubai-planning-guide","Planning Guide: define the scope before it becomes a price / Transparent editorial ownership","card","civil-contractor-dubai-construction-site.webp","900","540","webp","284f2e21bc038689c02e9cb8e7b71ecf72e6e01f6dc6bf6bafafdb95a7d0fe4a","unsplash:photo-1541888946425-d81bb19240f5","16","true","Important content image","Missing distinct real replacement; inherited duplicate retained pending suitable photograph"
"/images/project-authority-approvals-dubai.webp","/blog/warehouse-flooring-dubai-planning-guide","Engineering interfaces that control warehouse flooring dubai / Transparent editorial ownership","card","project-authority-approvals-dubai.webp","1600","1067","webp","9e6a366db121844fa3314f16050b33b077dcbcad8db4e5e18f35732dd43d074e","unsplash:photo-1581674662583-5e89b374fae6","172","true","Important content image","Missing distinct real replacement; inherited duplicate retained pending suitable photograph"
"/images/internal/structural-reinforcement.webp","/blog/warehouse-flooring-dubai-planning-guide","How to challenge a contractor proposal / Transparent editorial ownership","card","structural-reinforcement.webp","1920","1275","webp","ef49d14a5548ad6335c818120ca1dcba48521e82a503fc9ec30d0a2ce43c9527","unsplash:photo-1768677903496-becc4be07258","13","true","Important content image","Missing distinct real replacement; inherited duplicate retained pending suitable photograph"
"/images/internal/project-site-coordination.webp","/blog/warehouse-flooring-dubai-planning-guide","What a useful first technical meeting should produce / Transparent editorial ownership","card","project-site-coordination.webp","1920","1280","webp","cd9197528dbb538734f8115efdca5952004cce0152888935f914030a997fbd69","unsplash:photo-1742112125567-3e8967bad60f","196","true","Important content image","Missing distinct real replacement; inherited duplicate retained pending suitable photograph"
"/images/emitronix-logo.png","/blog/warehouse-flooring-dubai-timeline-process","header","card","emitronix-logo.png","1728","404","png","0c588c75d70f3ec952c8f687709cd1eb2fb573955d446b39d6f7a1c6c625e08d","/images/emitronix-logo","516","false","Logo/brand asset","Retain permitted shared brand/UI asset"
"/images/emitronix-logo.png","/blog/warehouse-flooring-dubai-timeline-process","Bring engineering clarity to your next Dubai build.","content image","emitronix-logo.png","1728","404","png","0c588c75d70f3ec952c8f687709cd1eb2fb573955d446b39d6f7a1c6c625e08d","/images/emitronix-logo","516","false","Logo/brand asset","Retain permitted shared brand/UI asset"
"/images/generated/blog/warehouse-construction-planning-guide-desktop.webp","/blog/warehouse-flooring-dubai-timeline-process","Warehouse Flooring Dubai: Timeline and Process / Transparent editorial ownership","hero","warehouse-construction-planning-guide-desktop.webp","1600","900","webp","a28f5d22cc3cca74e0ca3784fb469c955f53e466f6e9b040343bbadcf4b600f5","/images/generated/blog/warehouse-construction-planning-guide","53","true","Important content image","Missing distinct real replacement; inherited duplicate retained pending suitable photograph"
"/images/civil-contractor-dubai-construction-site.webp","/blog/warehouse-flooring-dubai-timeline-process","Timeline and Process: define the scope before it becomes a price / Transparent editorial ownership","card","civil-contractor-dubai-construction-site.webp","900","540","webp","284f2e21bc038689c02e9cb8e7b71ecf72e6e01f6dc6bf6bafafdb95a7d0fe4a","unsplash:photo-1541888946425-d81bb19240f5","16","true","Important content image","Missing distinct real replacement; inherited duplicate retained pending suitable photograph"
"/images/project-authority-approvals-dubai.webp","/blog/warehouse-flooring-dubai-timeline-process","Engineering interfaces that control warehouse flooring dubai / Transparent editorial ownership","card","project-authority-approvals-dubai.webp","1600","1067","webp","9e6a366db121844fa3314f16050b33b077dcbcad8db4e5e18f35732dd43d074e","unsplash:photo-1581674662583-5e89b374fae6","172","true","Important content image","Missing distinct real replacement; inherited duplicate retained pending suitable photograph"
"/images/internal/structural-reinforcement.webp","/blog/warehouse-flooring-dubai-timeline-process","How to challenge a contractor proposal / Transparent editorial ownership","card","structural-reinforcement.webp","1920","1275","webp","ef49d14a5548ad6335c818120ca1dcba48521e82a503fc9ec30d0a2ce43c9527","unsplash:photo-1768677903496-becc4be07258","13","true","Important content image","Missing distinct real replacement; inherited duplicate retained pending suitable photograph"
"/images/internal/project-site-coordination.webp","/blog/warehouse-flooring-dubai-timeline-process","What a useful first technical meeting should produce / Transparent editorial ownership","card","project-site-coordination.webp","1920","1280","webp","cd9197528dbb538734f8115efdca5952004cce0152888935f914030a997fbd69","unsplash:photo-1742112125567-3e8967bad60f","196","true","Important content image","Missing distinct real replacement; inherited duplicate retained pending suitable photograph"
"/images/emitronix-logo.png","/blog/warehouse-mep-coordination-dubai-approval-checklist","header","card","emitronix-logo.png","1728","404","png","0c588c75d70f3ec952c8f687709cd1eb2fb573955d446b39d6f7a1c6c625e08d","/images/emitronix-logo","516","false","Logo/brand asset","Retain permitted shared brand/UI asset"
"/images/emitronix-logo.png","/blog/warehouse-mep-coordination-dubai-approval-checklist","Bring engineering clarity to your next Dubai build.","content image","emitronix-logo.png","1728","404","png","0c588c75d70f3ec952c8f687709cd1eb2fb573955d446b39d6f7a1c6c625e08d","/images/emitronix-logo","516","false","Logo/brand asset","Retain permitted shared brand/UI asset"
"/images/generated/blog/warehouse-construction-planning-guide-desktop.webp","/blog/warehouse-mep-coordination-dubai-approval-checklist","Warehouse MEP Coordination Dubai: Approval Checklist / Transparent editorial ownership","hero","warehouse-construction-planning-guide-desktop.webp","1600","900","webp","a28f5d22cc3cca74e0ca3784fb469c955f53e466f6e9b040343bbadcf4b600f5","/images/generated/blog/warehouse-construction-planning-guide","53","true","Important content image","Missing distinct real replacement; inherited duplicate retained pending suitable photograph"
"/images/project-mep-coordination-dubai.webp","/blog/warehouse-mep-coordination-dubai-approval-checklist","Approval Checklist: define the scope before it becomes a price / Transparent editorial ownership","card","project-mep-coordination-dubai.webp","1600","1067","webp","43d0c568cd1d56ff412d73507931d1a606c38601caed94d7db5377f05003b49d","unsplash:photo-1778514825784-0659eaf8e7a2","27","true","Important content image","Missing distinct real replacement; inherited duplicate retained pending suitable photograph"
"/images/project-authority-approvals-dubai.webp","/blog/warehouse-mep-coordination-dubai-approval-checklist","Engineering interfaces that control warehouse mep coordination dubai / Transparent editorial ownership","card","project-authority-approvals-dubai.webp","1600","1067","webp","9e6a366db121844fa3314f16050b33b077dcbcad8db4e5e18f35732dd43d074e","unsplash:photo-1581674662583-5e89b374fae6","172","true","Important content image","Missing distinct real replacement; inherited duplicate retained pending suitable photograph"
"/images/dewa-hv-lv-cable-works-dubai.webp","/blog/warehouse-mep-coordination-dubai-approval-checklist","How to challenge a contractor proposal / Transparent editorial ownership","card","dewa-hv-lv-cable-works-dubai.webp","1400","788","webp","7f7cfe3f5a287a0070b990102e29d1613c9d69f58e3cafe18b3db6e7c0647e8b","unsplash:photo-1608574839637-2f7d0290d01d","14","true","Important content image","Missing distinct real replacement; inherited duplicate retained pending suitable photograph"
"/images/internal/project-site-coordination.webp","/blog/warehouse-mep-coordination-dubai-approval-checklist","What a useful first technical meeting should produce / Transparent editorial ownership","card","project-site-coordination.webp","1920","1280","webp","cd9197528dbb538734f8115efdca5952004cce0152888935f914030a997fbd69","unsplash:photo-1742112125567-3e8967bad60f","196","true","Important content image","Missing distinct real replacement; inherited duplicate retained pending suitable photograph"
"/images/emitronix-logo.png","/blog/warehouse-mep-coordination-dubai-contractor-selection","header","card","emitronix-logo.png","1728","404","png","0c588c75d70f3ec952c8f687709cd1eb2fb573955d446b39d6f7a1c6c625e08d","/images/emitronix-logo","516","false","Logo/brand asset","Retain permitted shared brand/UI asset"
"/images/emitronix-logo.png","/blog/warehouse-mep-coordination-dubai-contractor-selection","Bring engineering clarity to your next Dubai build.","content image","emitronix-logo.png","1728","404","png","0c588c75d70f3ec952c8f687709cd1eb2fb573955d446b39d6f7a1c6c625e08d","/images/emitronix-logo","516","false","Logo/brand asset","Retain permitted shared brand/UI asset"
"/images/generated/blog/choosing-building-contractor-dubai-desktop.webp","/blog/warehouse-mep-coordination-dubai-contractor-selection","Warehouse MEP Coordination Dubai: Contractor Selection / Transparent editorial ownership","hero","choosing-building-contractor-dubai-desktop.webp","1600","900","webp","3684f53e8c347aa311979d8ebc4044e4e49ae4f4dadea0ef739a939bd5221452","/images/generated/blog/choosing-building-contractor-dubai","53","true","Important content image","Missing distinct real replacement; inherited duplicate retained pending suitable photograph"
"/images/project-mep-coordination-dubai.webp","/blog/warehouse-mep-coordination-dubai-contractor-selection","Contractor Selection: define the scope before it becomes a price / Transparent editorial ownership","card","project-mep-coordination-dubai.webp","1600","1067","webp","43d0c568cd1d56ff412d73507931d1a606c38601caed94d7db5377f05003b49d","unsplash:photo-1778514825784-0659eaf8e7a2","27","true","Important content image","Missing distinct real replacement; inherited duplicate retained pending suitable photograph"
"/images/project-authority-approvals-dubai.webp","/blog/warehouse-mep-coordination-dubai-contractor-selection","Engineering interfaces that control warehouse mep coordination dubai / Transparent editorial ownership","card","project-authority-approvals-dubai.webp","1600","1067","webp","9e6a366db121844fa3314f16050b33b077dcbcad8db4e5e18f35732dd43d074e","unsplash:photo-1581674662583-5e89b374fae6","172","true","Important content image","Missing distinct real replacement; inherited duplicate retained pending suitable photograph"
"/images/dewa-hv-lv-cable-works-dubai.webp","/blog/warehouse-mep-coordination-dubai-contractor-selection","How to challenge a contractor proposal / Transparent editorial ownership","card","dewa-hv-lv-cable-works-dubai.webp","1400","788","webp","7f7cfe3f5a287a0070b990102e29d1613c9d69f58e3cafe18b3db6e7c0647e8b","unsplash:photo-1608574839637-2f7d0290d01d","14","true","Important content image","Missing distinct real replacement; inherited duplicate retained pending suitable photograph"
"/images/internal/project-site-coordination.webp","/blog/warehouse-mep-coordination-dubai-contractor-selection","What a useful first technical meeting should produce / Transparent editorial ownership","card","project-site-coordination.webp","1920","1280","webp","cd9197528dbb538734f8115efdca5952004cce0152888935f914030a997fbd69","unsplash:photo-1742112125567-3e8967bad60f","196","true","Important content image","Missing distinct real replacement; inherited duplicate retained pending suitable photograph"
"/images/emitronix-logo.png","/blog/warehouse-mep-coordination-dubai-cost-factors","header","card","emitronix-logo.png","1728","404","png","0c588c75d70f3ec952c8f687709cd1eb2fb573955d446b39d6f7a1c6c625e08d","/images/emitronix-logo","516","false","Logo/brand asset","Retain permitted shared brand/UI asset"
"/images/emitronix-logo.png","/blog/warehouse-mep-coordination-dubai-cost-factors","Bring engineering clarity to your next Dubai build.","content image","emitronix-logo.png","1728","404","png","0c588c75d70f3ec952c8f687709cd1eb2fb573955d446b39d6f7a1c6c625e08d","/images/emitronix-logo","516","false","Logo/brand asset","Retain permitted shared brand/UI asset"
"/images/generated/blog/civil-construction-dubai-guide-2026-desktop.webp","/blog/warehouse-mep-coordination-dubai-cost-factors","Warehouse MEP Coordination Dubai: Cost Factors / Transparent editorial ownership","hero","civil-construction-dubai-guide-2026-desktop.webp","1600","900","webp","45cbd5e3ec28454f5293adc49e186c5f672acf9fdfd1def5b2251a1d690ac258","/images/generated/blog/civil-construction-dubai-guide-2026","55","true","Important content image","Missing distinct real replacement; inherited duplicate retained pending suitable photograph"
"/images/project-mep-coordination-dubai.webp","/blog/warehouse-mep-coordination-dubai-cost-factors","Cost Factors: define the scope before it becomes a price / Transparent editorial ownership","card","project-mep-coordination-dubai.webp","1600","1067","webp","43d0c568cd1d56ff412d73507931d1a606c38601caed94d7db5377f05003b49d","unsplash:photo-1778514825784-0659eaf8e7a2","27","true","Important content image","Missing distinct real replacement; inherited duplicate retained pending suitable photograph"
"/images/project-authority-approvals-dubai.webp","/blog/warehouse-mep-coordination-dubai-cost-factors","Engineering interfaces that control warehouse mep coordination dubai / Transparent editorial ownership","card","project-authority-approvals-dubai.webp","1600","1067","webp","9e6a366db121844fa3314f16050b33b077dcbcad8db4e5e18f35732dd43d074e","unsplash:photo-1581674662583-5e89b374fae6","172","true","Important content image","Missing distinct real replacement; inherited duplicate retained pending suitable photograph"
"/images/dewa-hv-lv-cable-works-dubai.webp","/blog/warehouse-mep-coordination-dubai-cost-factors","How to challenge a contractor proposal / Transparent editorial ownership","card","dewa-hv-lv-cable-works-dubai.webp","1400","788","webp","7f7cfe3f5a287a0070b990102e29d1613c9d69f58e3cafe18b3db6e7c0647e8b","unsplash:photo-1608574839637-2f7d0290d01d","14","true","Important content image","Missing distinct real replacement; inherited duplicate retained pending suitable photograph"
"/images/internal/project-site-coordination.webp","/blog/warehouse-mep-coordination-dubai-cost-factors","What a useful first technical meeting should produce / Transparent editorial ownership","card","project-site-coordination.webp","1920","1280","webp","cd9197528dbb538734f8115efdca5952004cce0152888935f914030a997fbd69","unsplash:photo-1742112125567-3e8967bad60f","196","true","Important content image","Missing distinct real replacement; inherited duplicate retained pending suitable photograph"
"/images/emitronix-logo.png","/blog/warehouse-mep-coordination-dubai-planning-guide","header","card","emitronix-logo.png","1728","404","png","0c588c75d70f3ec952c8f687709cd1eb2fb573955d446b39d6f7a1c6c625e08d","/images/emitronix-logo","516","false","Logo/brand asset","Retain permitted shared brand/UI asset"
"/images/emitronix-logo.png","/blog/warehouse-mep-coordination-dubai-planning-guide","Bring engineering clarity to your next Dubai build.","content image","emitronix-logo.png","1728","404","png","0c588c75d70f3ec952c8f687709cd1eb2fb573955d446b39d6f7a1c6c625e08d","/images/emitronix-logo","516","false","Logo/brand asset","Retain permitted shared brand/UI asset"
"/images/generated/blog/choosing-building-contractor-dubai-desktop.webp","/blog/warehouse-mep-coordination-dubai-planning-guide","Warehouse MEP Coordination Dubai: Planning Guide / Transparent editorial ownership","hero","choosing-building-contractor-dubai-desktop.webp","1600","900","webp","3684f53e8c347aa311979d8ebc4044e4e49ae4f4dadea0ef739a939bd5221452","/images/generated/blog/choosing-building-contractor-dubai","53","true","Important content image","Missing distinct real replacement; inherited duplicate retained pending suitable photograph"
"/images/project-mep-coordination-dubai.webp","/blog/warehouse-mep-coordination-dubai-planning-guide","Planning Guide: define the scope before it becomes a price / Transparent editorial ownership","card","project-mep-coordination-dubai.webp","1600","1067","webp","43d0c568cd1d56ff412d73507931d1a606c38601caed94d7db5377f05003b49d","unsplash:photo-1778514825784-0659eaf8e7a2","27","true","Important content image","Missing distinct real replacement; inherited duplicate retained pending suitable photograph"
"/images/project-authority-approvals-dubai.webp","/blog/warehouse-mep-coordination-dubai-planning-guide","Engineering interfaces that control warehouse mep coordination dubai / Transparent editorial ownership","card","project-authority-approvals-dubai.webp","1600","1067","webp","9e6a366db121844fa3314f16050b33b077dcbcad8db4e5e18f35732dd43d074e","unsplash:photo-1581674662583-5e89b374fae6","172","true","Important content image","Missing distinct real replacement; inherited duplicate retained pending suitable photograph"
"/images/dewa-hv-lv-cable-works-dubai.webp","/blog/warehouse-mep-coordination-dubai-planning-guide","How to challenge a contractor proposal / Transparent editorial ownership","card","dewa-hv-lv-cable-works-dubai.webp","1400","788","webp","7f7cfe3f5a287a0070b990102e29d1613c9d69f58e3cafe18b3db6e7c0647e8b","unsplash:photo-1608574839637-2f7d0290d01d","14","true","Important content image","Missing distinct real replacement; inherited duplicate retained pending suitable photograph"
"/images/internal/project-site-coordination.webp","/blog/warehouse-mep-coordination-dubai-planning-guide","What a useful first technical meeting should produce / Transparent editorial ownership","card","project-site-coordination.webp","1920","1280","webp","cd9197528dbb538734f8115efdca5952004cce0152888935f914030a997fbd69","unsplash:photo-1742112125567-3e8967bad60f","196","true","Important content image","Missing distinct real replacement; inherited duplicate retained pending suitable photograph"
"/images/emitronix-logo.png","/blog/warehouse-mep-coordination-dubai-timeline-process","header","card","emitronix-logo.png","1728","404","png","0c588c75d70f3ec952c8f687709cd1eb2fb573955d446b39d6f7a1c6c625e08d","/images/emitronix-logo","516","false","Logo/brand asset","Retain permitted shared brand/UI asset"
"/images/emitronix-logo.png","/blog/warehouse-mep-coordination-dubai-timeline-process","Bring engineering clarity to your next Dubai build.","content image","emitronix-logo.png","1728","404","png","0c588c75d70f3ec952c8f687709cd1eb2fb573955d446b39d6f7a1c6c625e08d","/images/emitronix-logo","516","false","Logo/brand asset","Retain permitted shared brand/UI asset"
"/images/generated/blog/dubai-authority-approvals-guide-desktop.webp","/blog/warehouse-mep-coordination-dubai-timeline-process","Warehouse MEP Coordination Dubai: Timeline and Process / Transparent editorial ownership","hero","dubai-authority-approvals-guide-desktop.webp","1600","900","webp","c1741ddab2b08da215d10241bbaad4ab63606eb3f48265246bf7ade3c3c0d839","/images/generated/blog/dubai-authority-approvals-guide","53","true","Important content image","Missing distinct real replacement; inherited duplicate retained pending suitable photograph"
"/images/project-mep-coordination-dubai.webp","/blog/warehouse-mep-coordination-dubai-timeline-process","Timeline and Process: define the scope before it becomes a price / Transparent editorial ownership","card","project-mep-coordination-dubai.webp","1600","1067","webp","43d0c568cd1d56ff412d73507931d1a606c38601caed94d7db5377f05003b49d","unsplash:photo-1778514825784-0659eaf8e7a2","27","true","Important content image","Missing distinct real replacement; inherited duplicate retained pending suitable photograph"
"/images/project-authority-approvals-dubai.webp","/blog/warehouse-mep-coordination-dubai-timeline-process","Engineering interfaces that control warehouse mep coordination dubai / Transparent editorial ownership","card","project-authority-approvals-dubai.webp","1600","1067","webp","9e6a366db121844fa3314f16050b33b077dcbcad8db4e5e18f35732dd43d074e","unsplash:photo-1581674662583-5e89b374fae6","172","true","Important content image","Missing distinct real replacement; inherited duplicate retained pending suitable photograph"
"/images/dewa-hv-lv-cable-works-dubai.webp","/blog/warehouse-mep-coordination-dubai-timeline-process","How to challenge a contractor proposal / Transparent editorial ownership","card","dewa-hv-lv-cable-works-dubai.webp","1400","788","webp","7f7cfe3f5a287a0070b990102e29d1613c9d69f58e3cafe18b3db6e7c0647e8b","unsplash:photo-1608574839637-2f7d0290d01d","14","true","Important content image","Missing distinct real replacement; inherited duplicate retained pending suitable photograph"
"/images/internal/project-site-coordination.webp","/blog/warehouse-mep-coordination-dubai-timeline-process","What a useful first technical meeting should produce / Transparent editorial ownership","card","project-site-coordination.webp","1920","1280","webp","cd9197528dbb538734f8115efdca5952004cce0152888935f914030a997fbd69","unsplash:photo-1742112125567-3e8967bad60f","196","true","Important content image","Missing distinct real replacement; inherited duplicate retained pending suitable photograph"
"/images/emitronix-logo.png","/blog/warehouse-project-management-dubai-approval-checklist","header","card","emitronix-logo.png","1728","404","png","0c588c75d70f3ec952c8f687709cd1eb2fb573955d446b39d6f7a1c6c625e08d","/images/emitronix-logo","516","false","Logo/brand asset","Retain permitted shared brand/UI asset"
"/images/emitronix-logo.png","/blog/warehouse-project-management-dubai-approval-checklist","Bring engineering clarity to your next Dubai build.","content image","emitronix-logo.png","1728","404","png","0c588c75d70f3ec952c8f687709cd1eb2fb573955d446b39d6f7a1c6c625e08d","/images/emitronix-logo","516","false","Logo/brand asset","Retain permitted shared brand/UI asset"
"/images/generated/blog/warehouse-construction-planning-guide-desktop.webp","/blog/warehouse-project-management-dubai-approval-checklist","Warehouse Project Management Dubai: Approval Checklist / Transparent editorial ownership","hero","warehouse-construction-planning-guide-desktop.webp","1600","900","webp","a28f5d22cc3cca74e0ca3784fb469c955f53e466f6e9b040343bbadcf4b600f5","/images/generated/blog/warehouse-construction-planning-guide","53","true","Important content image","Missing distinct real replacement; inherited duplicate retained pending suitable photograph"
"/images/internal/architectural-drawing-review.webp","/blog/warehouse-project-management-dubai-approval-checklist","Approval Checklist: define the scope before it becomes a price / Transparent editorial ownership","card","architectural-drawing-review.webp","1920","2768","webp","0242bd81c319b862ae61dd9d38bc8e4d8212b5ba25e6907ca56c07b1bf998804","unsplash:photo-1608303588026-884930af2559","95","true","Important content image","Missing distinct real replacement; inherited duplicate retained pending suitable photograph"
"/images/project-authority-approvals-dubai.webp","/blog/warehouse-project-management-dubai-approval-checklist","Engineering interfaces that control warehouse project management dubai / Transparent editorial ownership","card","project-authority-approvals-dubai.webp","1600","1067","webp","9e6a366db121844fa3314f16050b33b077dcbcad8db4e5e18f35732dd43d074e","unsplash:photo-1581674662583-5e89b374fae6","172","true","Important content image","Missing distinct real replacement; inherited duplicate retained pending suitable photograph"
"/images/internal/project-site-coordination.webp","/blog/warehouse-project-management-dubai-approval-checklist","How to challenge a contractor proposal / Transparent editorial ownership","card","project-site-coordination.webp","1920","1280","webp","cd9197528dbb538734f8115efdca5952004cce0152888935f914030a997fbd69","unsplash:photo-1742112125567-3e8967bad60f","196","true","Important content image","Missing distinct real replacement; inherited duplicate retained pending suitable photograph"
"/images/sections/office-records-desk.webp","/blog/warehouse-project-management-dubai-approval-checklist","What a useful first technical meeting should produce / Transparent editorial ownership","card","office-records-desk.webp","1600","1068","webp","d6b58a32141aa1c8316b8d41b823e2e652c192a0875152e20590dd57092f2a82","pexels:8353764","50","true","Important content image","Missing distinct real replacement; inherited duplicate retained pending suitable photograph"
"/images/emitronix-logo.png","/blog/warehouse-project-management-dubai-contractor-selection","header","card","emitronix-logo.png","1728","404","png","0c588c75d70f3ec952c8f687709cd1eb2fb573955d446b39d6f7a1c6c625e08d","/images/emitronix-logo","516","false","Logo/brand asset","Retain permitted shared brand/UI asset"
"/images/emitronix-logo.png","/blog/warehouse-project-management-dubai-contractor-selection","Bring engineering clarity to your next Dubai build.","content image","emitronix-logo.png","1728","404","png","0c588c75d70f3ec952c8f687709cd1eb2fb573955d446b39d6f7a1c6c625e08d","/images/emitronix-logo","516","false","Logo/brand asset","Retain permitted shared brand/UI asset"
"/images/generated/blog/choosing-building-contractor-dubai-desktop.webp","/blog/warehouse-project-management-dubai-contractor-selection","Warehouse Project Management Dubai: Contractor Selection / Transparent editorial ownership","hero","choosing-building-contractor-dubai-desktop.webp","1600","900","webp","3684f53e8c347aa311979d8ebc4044e4e49ae4f4dadea0ef739a939bd5221452","/images/generated/blog/choosing-building-contractor-dubai","53","true","Important content image","Missing distinct real replacement; inherited duplicate retained pending suitable photograph"
"/images/project-warehouse-industrial-dubai.webp","/blog/warehouse-project-management-dubai-contractor-selection","Contractor Selection: define the scope before it becomes a price / Transparent editorial ownership","card","project-warehouse-industrial-dubai.webp","1600","1067","webp","e4ef2024be4b8171e52da5857e3bf5568b5a04ee5a3ca041c5d30a1560ac9940","unsplash:photo-1592085198739-ffcad7f36b54","89","true","Important content image","Missing distinct real replacement; inherited duplicate retained pending suitable photograph"
"/images/project-authority-approvals-dubai.webp","/blog/warehouse-project-management-dubai-contractor-selection","Engineering interfaces that control warehouse project management dubai / Transparent editorial ownership","card","project-authority-approvals-dubai.webp","1600","1067","webp","9e6a366db121844fa3314f16050b33b077dcbcad8db4e5e18f35732dd43d074e","unsplash:photo-1581674662583-5e89b374fae6","172","true","Important content image","Missing distinct real replacement; inherited duplicate retained pending suitable photograph"
"/images/internal/industrial-steel-roof.webp","/blog/warehouse-project-management-dubai-contractor-selection","How to challenge a contractor proposal / Transparent editorial ownership","card","industrial-steel-roof.webp","1920","1280","webp","4af6a0eb63cd82e853bc16e10c68342823c19ecca46e608b0c58b793e26760bb","unsplash:photo-1662120399978-738d233edbec","98","true","Important content image","Missing distinct real replacement; inherited duplicate retained pending suitable photograph"
"/images/internal/project-site-coordination.webp","/blog/warehouse-project-management-dubai-contractor-selection","What a useful first technical meeting should produce / Transparent editorial ownership","card","project-site-coordination.webp","1920","1280","webp","cd9197528dbb538734f8115efdca5952004cce0152888935f914030a997fbd69","unsplash:photo-1742112125567-3e8967bad60f","196","true","Important content image","Missing distinct real replacement; inherited duplicate retained pending suitable photograph"
"/images/emitronix-logo.png","/blog/warehouse-project-management-dubai-cost-factors","header","card","emitronix-logo.png","1728","404","png","0c588c75d70f3ec952c8f687709cd1eb2fb573955d446b39d6f7a1c6c625e08d","/images/emitronix-logo","516","false","Logo/brand asset","Retain permitted shared brand/UI asset"
"/images/emitronix-logo.png","/blog/warehouse-project-management-dubai-cost-factors","Bring engineering clarity to your next Dubai build.","content image","emitronix-logo.png","1728","404","png","0c588c75d70f3ec952c8f687709cd1eb2fb573955d446b39d6f7a1c6c625e08d","/images/emitronix-logo","516","false","Logo/brand asset","Retain permitted shared brand/UI asset"
"/images/generated/blog/civil-construction-dubai-guide-2026-desktop.webp","/blog/warehouse-project-management-dubai-cost-factors","Warehouse Project Management Dubai: Cost Factors / Transparent editorial ownership","hero","civil-construction-dubai-guide-2026-desktop.webp","1600","900","webp","45cbd5e3ec28454f5293adc49e186c5f672acf9fdfd1def5b2251a1d690ac258","/images/generated/blog/civil-construction-dubai-guide-2026","55","true","Important content image","Missing distinct real replacement; inherited duplicate retained pending suitable photograph"
"/images/project-warehouse-industrial-dubai.webp","/blog/warehouse-project-management-dubai-cost-factors","Cost Factors: define the scope before it becomes a price / Transparent editorial ownership","card","project-warehouse-industrial-dubai.webp","1600","1067","webp","e4ef2024be4b8171e52da5857e3bf5568b5a04ee5a3ca041c5d30a1560ac9940","unsplash:photo-1592085198739-ffcad7f36b54","89","true","Important content image","Missing distinct real replacement; inherited duplicate retained pending suitable photograph"
"/images/project-authority-approvals-dubai.webp","/blog/warehouse-project-management-dubai-cost-factors","Engineering interfaces that control warehouse project management dubai / Transparent editorial ownership","card","project-authority-approvals-dubai.webp","1600","1067","webp","9e6a366db121844fa3314f16050b33b077dcbcad8db4e5e18f35732dd43d074e","unsplash:photo-1581674662583-5e89b374fae6","172","true","Important content image","Missing distinct real replacement; inherited duplicate retained pending suitable photograph"
"/images/internal/industrial-steel-roof.webp","/blog/warehouse-project-management-dubai-cost-factors","How to challenge a contractor proposal / Transparent editorial ownership","card","industrial-steel-roof.webp","1920","1280","webp","4af6a0eb63cd82e853bc16e10c68342823c19ecca46e608b0c58b793e26760bb","unsplash:photo-1662120399978-738d233edbec","98","true","Important content image","Missing distinct real replacement; inherited duplicate retained pending suitable photograph"
"/images/internal/project-site-coordination.webp","/blog/warehouse-project-management-dubai-cost-factors","What a useful first technical meeting should produce / Transparent editorial ownership","card","project-site-coordination.webp","1920","1280","webp","cd9197528dbb538734f8115efdca5952004cce0152888935f914030a997fbd69","unsplash:photo-1742112125567-3e8967bad60f","196","true","Important content image","Missing distinct real replacement; inherited duplicate retained pending suitable photograph"
"/images/emitronix-logo.png","/blog/warehouse-project-management-dubai-planning-guide","header","card","emitronix-logo.png","1728","404","png","0c588c75d70f3ec952c8f687709cd1eb2fb573955d446b39d6f7a1c6c625e08d","/images/emitronix-logo","516","false","Logo/brand asset","Retain permitted shared brand/UI asset"
"/images/emitronix-logo.png","/blog/warehouse-project-management-dubai-planning-guide","Bring engineering clarity to your next Dubai build.","content image","emitronix-logo.png","1728","404","png","0c588c75d70f3ec952c8f687709cd1eb2fb573955d446b39d6f7a1c6c625e08d","/images/emitronix-logo","516","false","Logo/brand asset","Retain permitted shared brand/UI asset"
"/images/generated/blog/choosing-building-contractor-dubai-desktop.webp","/blog/warehouse-project-management-dubai-planning-guide","Warehouse Project Management Dubai: Planning Guide / Transparent editorial ownership","hero","choosing-building-contractor-dubai-desktop.webp","1600","900","webp","3684f53e8c347aa311979d8ebc4044e4e49ae4f4dadea0ef739a939bd5221452","/images/generated/blog/choosing-building-contractor-dubai","53","true","Important content image","Missing distinct real replacement; inherited duplicate retained pending suitable photograph"
"/images/project-warehouse-industrial-dubai.webp","/blog/warehouse-project-management-dubai-planning-guide","Planning Guide: define the scope before it becomes a price / Transparent editorial ownership","card","project-warehouse-industrial-dubai.webp","1600","1067","webp","e4ef2024be4b8171e52da5857e3bf5568b5a04ee5a3ca041c5d30a1560ac9940","unsplash:photo-1592085198739-ffcad7f36b54","89","true","Important content image","Missing distinct real replacement; inherited duplicate retained pending suitable photograph"
"/images/project-authority-approvals-dubai.webp","/blog/warehouse-project-management-dubai-planning-guide","Engineering interfaces that control warehouse project management dubai / Transparent editorial ownership","card","project-authority-approvals-dubai.webp","1600","1067","webp","9e6a366db121844fa3314f16050b33b077dcbcad8db4e5e18f35732dd43d074e","unsplash:photo-1581674662583-5e89b374fae6","172","true","Important content image","Missing distinct real replacement; inherited duplicate retained pending suitable photograph"
"/images/internal/industrial-steel-roof.webp","/blog/warehouse-project-management-dubai-planning-guide","How to challenge a contractor proposal / Transparent editorial ownership","card","industrial-steel-roof.webp","1920","1280","webp","4af6a0eb63cd82e853bc16e10c68342823c19ecca46e608b0c58b793e26760bb","unsplash:photo-1662120399978-738d233edbec","98","true","Important content image","Missing distinct real replacement; inherited duplicate retained pending suitable photograph"
"/images/internal/project-site-coordination.webp","/blog/warehouse-project-management-dubai-planning-guide","What a useful first technical meeting should produce / Transparent editorial ownership","card","project-site-coordination.webp","1920","1280","webp","cd9197528dbb538734f8115efdca5952004cce0152888935f914030a997fbd69","unsplash:photo-1742112125567-3e8967bad60f","196","true","Important content image","Missing distinct real replacement; inherited duplicate retained pending suitable photograph"
"/images/emitronix-logo.png","/blog/warehouse-project-management-dubai-timeline-process","header","card","emitronix-logo.png","1728","404","png","0c588c75d70f3ec952c8f687709cd1eb2fb573955d446b39d6f7a1c6c625e08d","/images/emitronix-logo","516","false","Logo/brand asset","Retain permitted shared brand/UI asset"
"/images/emitronix-logo.png","/blog/warehouse-project-management-dubai-timeline-process","Bring engineering clarity to your next Dubai build.","content image","emitronix-logo.png","1728","404","png","0c588c75d70f3ec952c8f687709cd1eb2fb573955d446b39d6f7a1c6c625e08d","/images/emitronix-logo","516","false","Logo/brand asset","Retain permitted shared brand/UI asset"
"/images/generated/blog/dubai-authority-approvals-guide-desktop.webp","/blog/warehouse-project-management-dubai-timeline-process","Warehouse Project Management Dubai: Timeline and Process / Transparent editorial ownership","hero","dubai-authority-approvals-guide-desktop.webp","1600","900","webp","c1741ddab2b08da215d10241bbaad4ab63606eb3f48265246bf7ade3c3c0d839","/images/generated/blog/dubai-authority-approvals-guide","53","true","Important content image","Missing distinct real replacement; inherited duplicate retained pending suitable photograph"
"/images/project-warehouse-industrial-dubai.webp","/blog/warehouse-project-management-dubai-timeline-process","Timeline and Process: define the scope before it becomes a price / Transparent editorial ownership","card","project-warehouse-industrial-dubai.webp","1600","1067","webp","e4ef2024be4b8171e52da5857e3bf5568b5a04ee5a3ca041c5d30a1560ac9940","unsplash:photo-1592085198739-ffcad7f36b54","89","true","Important content image","Missing distinct real replacement; inherited duplicate retained pending suitable photograph"
"/images/project-authority-approvals-dubai.webp","/blog/warehouse-project-management-dubai-timeline-process","Engineering interfaces that control warehouse project management dubai / Transparent editorial ownership","card","project-authority-approvals-dubai.webp","1600","1067","webp","9e6a366db121844fa3314f16050b33b077dcbcad8db4e5e18f35732dd43d074e","unsplash:photo-1581674662583-5e89b374fae6","172","true","Important content image","Missing distinct real replacement; inherited duplicate retained pending suitable photograph"
"/images/internal/industrial-steel-roof.webp","/blog/warehouse-project-management-dubai-timeline-process","How to challenge a contractor proposal / Transparent editorial ownership","card","industrial-steel-roof.webp","1920","1280","webp","4af6a0eb63cd82e853bc16e10c68342823c19ecca46e608b0c58b793e26760bb","unsplash:photo-1662120399978-738d233edbec","98","true","Important content image","Missing distinct real replacement; inherited duplicate retained pending suitable photograph"
"/images/internal/project-site-coordination.webp","/blog/warehouse-project-management-dubai-timeline-process","What a useful first technical meeting should produce / Transparent editorial ownership","card","project-site-coordination.webp","1920","1280","webp","cd9197528dbb538734f8115efdca5952004cce0152888935f914030a997fbd69","unsplash:photo-1742112125567-3e8967bad60f","196","true","Important content image","Missing distinct real replacement; inherited duplicate retained pending suitable photograph"
"/images/emitronix-logo.png","/blog/warehouse-renovation-dubai-approval-checklist","header","card","emitronix-logo.png","1728","404","png","0c588c75d70f3ec952c8f687709cd1eb2fb573955d446b39d6f7a1c6c625e08d","/images/emitronix-logo","516","false","Logo/brand asset","Retain permitted shared brand/UI asset"
"/images/emitronix-logo.png","/blog/warehouse-renovation-dubai-approval-checklist","Bring engineering clarity to your next Dubai build.","content image","emitronix-logo.png","1728","404","png","0c588c75d70f3ec952c8f687709cd1eb2fb573955d446b39d6f7a1c6c625e08d","/images/emitronix-logo","516","false","Logo/brand asset","Retain permitted shared brand/UI asset"
"/images/generated/blog/civil-construction-dubai-guide-2026-desktop.webp","/blog/warehouse-renovation-dubai-approval-checklist","Warehouse Renovation Dubai: Approval Checklist / Transparent editorial ownership","hero","civil-construction-dubai-guide-2026-desktop.webp","1600","900","webp","45cbd5e3ec28454f5293adc49e186c5f672acf9fdfd1def5b2251a1d690ac258","/images/generated/blog/civil-construction-dubai-guide-2026","55","true","Important content image","Missing distinct real replacement; inherited duplicate retained pending suitable photograph"
"/images/internal/architectural-drawing-review.webp","/blog/warehouse-renovation-dubai-approval-checklist","Approval Checklist: define the scope before it becomes a price / Transparent editorial ownership","card","architectural-drawing-review.webp","1920","2768","webp","0242bd81c319b862ae61dd9d38bc8e4d8212b5ba25e6907ca56c07b1bf998804","unsplash:photo-1608303588026-884930af2559","95","true","Important content image","Missing distinct real replacement; inherited duplicate retained pending suitable photograph"
"/images/project-authority-approvals-dubai.webp","/blog/warehouse-renovation-dubai-approval-checklist","Engineering interfaces that control warehouse renovation dubai / Transparent editorial ownership","card","project-authority-approvals-dubai.webp","1600","1067","webp","9e6a366db121844fa3314f16050b33b077dcbcad8db4e5e18f35732dd43d074e","unsplash:photo-1581674662583-5e89b374fae6","172","true","Important content image","Missing distinct real replacement; inherited duplicate retained pending suitable photograph"
"/images/internal/project-site-coordination.webp","/blog/warehouse-renovation-dubai-approval-checklist","How to challenge a contractor proposal / Transparent editorial ownership","card","project-site-coordination.webp","1920","1280","webp","cd9197528dbb538734f8115efdca5952004cce0152888935f914030a997fbd69","unsplash:photo-1742112125567-3e8967bad60f","196","true","Important content image","Missing distinct real replacement; inherited duplicate retained pending suitable photograph"
"/images/sections/office-records-desk.webp","/blog/warehouse-renovation-dubai-approval-checklist","What a useful first technical meeting should produce / Transparent editorial ownership","card","office-records-desk.webp","1600","1068","webp","d6b58a32141aa1c8316b8d41b823e2e652c192a0875152e20590dd57092f2a82","pexels:8353764","50","true","Important content image","Missing distinct real replacement; inherited duplicate retained pending suitable photograph"
"/images/emitronix-logo.png","/blog/warehouse-renovation-dubai-contractor-selection","header","card","emitronix-logo.png","1728","404","png","0c588c75d70f3ec952c8f687709cd1eb2fb573955d446b39d6f7a1c6c625e08d","/images/emitronix-logo","516","false","Logo/brand asset","Retain permitted shared brand/UI asset"
"/images/emitronix-logo.png","/blog/warehouse-renovation-dubai-contractor-selection","Bring engineering clarity to your next Dubai build.","content image","emitronix-logo.png","1728","404","png","0c588c75d70f3ec952c8f687709cd1eb2fb573955d446b39d6f7a1c6c625e08d","/images/emitronix-logo","516","false","Logo/brand asset","Retain permitted shared brand/UI asset"
"/images/generated/blog/warehouse-construction-planning-guide-desktop.webp","/blog/warehouse-renovation-dubai-contractor-selection","Warehouse Renovation Dubai: Contractor Selection / Transparent editorial ownership","hero","warehouse-construction-planning-guide-desktop.webp","1600","900","webp","a28f5d22cc3cca74e0ca3784fb469c955f53e466f6e9b040343bbadcf4b600f5","/images/generated/blog/warehouse-construction-planning-guide","53","true","Important content image","Missing distinct real replacement; inherited duplicate retained pending suitable photograph"
"/images/project-warehouse-industrial-dubai.webp","/blog/warehouse-renovation-dubai-contractor-selection","Contractor Selection: define the scope before it becomes a price / Transparent editorial ownership","card","project-warehouse-industrial-dubai.webp","1600","1067","webp","e4ef2024be4b8171e52da5857e3bf5568b5a04ee5a3ca041c5d30a1560ac9940","unsplash:photo-1592085198739-ffcad7f36b54","89","true","Important content image","Missing distinct real replacement; inherited duplicate retained pending suitable photograph"
"/images/project-authority-approvals-dubai.webp","/blog/warehouse-renovation-dubai-contractor-selection","Engineering interfaces that control warehouse renovation dubai / Transparent editorial ownership","card","project-authority-approvals-dubai.webp","1600","1067","webp","9e6a366db121844fa3314f16050b33b077dcbcad8db4e5e18f35732dd43d074e","unsplash:photo-1581674662583-5e89b374fae6","172","true","Important content image","Missing distinct real replacement; inherited duplicate retained pending suitable photograph"
"/images/internal/industrial-steel-roof.webp","/blog/warehouse-renovation-dubai-contractor-selection","How to challenge a contractor proposal / Transparent editorial ownership","card","industrial-steel-roof.webp","1920","1280","webp","4af6a0eb63cd82e853bc16e10c68342823c19ecca46e608b0c58b793e26760bb","unsplash:photo-1662120399978-738d233edbec","98","true","Important content image","Missing distinct real replacement; inherited duplicate retained pending suitable photograph"
"/images/internal/project-site-coordination.webp","/blog/warehouse-renovation-dubai-contractor-selection","What a useful first technical meeting should produce / Transparent editorial ownership","card","project-site-coordination.webp","1920","1280","webp","cd9197528dbb538734f8115efdca5952004cce0152888935f914030a997fbd69","unsplash:photo-1742112125567-3e8967bad60f","196","true","Important content image","Missing distinct real replacement; inherited duplicate retained pending suitable photograph"
"/images/emitronix-logo.png","/blog/warehouse-renovation-dubai-cost-factors","header","card","emitronix-logo.png","1728","404","png","0c588c75d70f3ec952c8f687709cd1eb2fb573955d446b39d6f7a1c6c625e08d","/images/emitronix-logo","516","false","Logo/brand asset","Retain permitted shared brand/UI asset"
"/images/emitronix-logo.png","/blog/warehouse-renovation-dubai-cost-factors","Bring engineering clarity to your next Dubai build.","content image","emitronix-logo.png","1728","404","png","0c588c75d70f3ec952c8f687709cd1eb2fb573955d446b39d6f7a1c6c625e08d","/images/emitronix-logo","516","false","Logo/brand asset","Retain permitted shared brand/UI asset"
"/images/generated/blog/dubai-authority-approvals-guide-desktop.webp","/blog/warehouse-renovation-dubai-cost-factors","Warehouse Renovation Dubai: Cost Factors / Transparent editorial ownership","hero","dubai-authority-approvals-guide-desktop.webp","1600","900","webp","c1741ddab2b08da215d10241bbaad4ab63606eb3f48265246bf7ade3c3c0d839","/images/generated/blog/dubai-authority-approvals-guide","53","true","Important content image","Missing distinct real replacement; inherited duplicate retained pending suitable photograph"
"/images/project-warehouse-industrial-dubai.webp","/blog/warehouse-renovation-dubai-cost-factors","Cost Factors: define the scope before it becomes a price / Transparent editorial ownership","card","project-warehouse-industrial-dubai.webp","1600","1067","webp","e4ef2024be4b8171e52da5857e3bf5568b5a04ee5a3ca041c5d30a1560ac9940","unsplash:photo-1592085198739-ffcad7f36b54","89","true","Important content image","Missing distinct real replacement; inherited duplicate retained pending suitable photograph"
"/images/project-authority-approvals-dubai.webp","/blog/warehouse-renovation-dubai-cost-factors","Engineering interfaces that control warehouse renovation dubai / Transparent editorial ownership","card","project-authority-approvals-dubai.webp","1600","1067","webp","9e6a366db121844fa3314f16050b33b077dcbcad8db4e5e18f35732dd43d074e","unsplash:photo-1581674662583-5e89b374fae6","172","true","Important content image","Missing distinct real replacement; inherited duplicate retained pending suitable photograph"
"/images/internal/industrial-steel-roof.webp","/blog/warehouse-renovation-dubai-cost-factors","How to challenge a contractor proposal / Transparent editorial ownership","card","industrial-steel-roof.webp","1920","1280","webp","4af6a0eb63cd82e853bc16e10c68342823c19ecca46e608b0c58b793e26760bb","unsplash:photo-1662120399978-738d233edbec","98","true","Important content image","Missing distinct real replacement; inherited duplicate retained pending suitable photograph"
"/images/internal/project-site-coordination.webp","/blog/warehouse-renovation-dubai-cost-factors","What a useful first technical meeting should produce / Transparent editorial ownership","card","project-site-coordination.webp","1920","1280","webp","cd9197528dbb538734f8115efdca5952004cce0152888935f914030a997fbd69","unsplash:photo-1742112125567-3e8967bad60f","196","true","Important content image","Missing distinct real replacement; inherited duplicate retained pending suitable photograph"
"/images/emitronix-logo.png","/blog/warehouse-renovation-dubai-planning-guide","header","card","emitronix-logo.png","1728","404","png","0c588c75d70f3ec952c8f687709cd1eb2fb573955d446b39d6f7a1c6c625e08d","/images/emitronix-logo","516","false","Logo/brand asset","Retain permitted shared brand/UI asset"
"/images/emitronix-logo.png","/blog/warehouse-renovation-dubai-planning-guide","Bring engineering clarity to your next Dubai build.","content image","emitronix-logo.png","1728","404","png","0c588c75d70f3ec952c8f687709cd1eb2fb573955d446b39d6f7a1c6c625e08d","/images/emitronix-logo","516","false","Logo/brand asset","Retain permitted shared brand/UI asset"
"/images/generated/blog/warehouse-construction-planning-guide-desktop.webp","/blog/warehouse-renovation-dubai-planning-guide","Warehouse Renovation Dubai: Planning Guide / Transparent editorial ownership","hero","warehouse-construction-planning-guide-desktop.webp","1600","900","webp","a28f5d22cc3cca74e0ca3784fb469c955f53e466f6e9b040343bbadcf4b600f5","/images/generated/blog/warehouse-construction-planning-guide","53","true","Important content image","Missing distinct real replacement; inherited duplicate retained pending suitable photograph"
"/images/project-warehouse-industrial-dubai.webp","/blog/warehouse-renovation-dubai-planning-guide","Planning Guide: define the scope before it becomes a price / Transparent editorial ownership","card","project-warehouse-industrial-dubai.webp","1600","1067","webp","e4ef2024be4b8171e52da5857e3bf5568b5a04ee5a3ca041c5d30a1560ac9940","unsplash:photo-1592085198739-ffcad7f36b54","89","true","Important content image","Missing distinct real replacement; inherited duplicate retained pending suitable photograph"
"/images/project-authority-approvals-dubai.webp","/blog/warehouse-renovation-dubai-planning-guide","Engineering interfaces that control warehouse renovation dubai / Transparent editorial ownership","card","project-authority-approvals-dubai.webp","1600","1067","webp","9e6a366db121844fa3314f16050b33b077dcbcad8db4e5e18f35732dd43d074e","unsplash:photo-1581674662583-5e89b374fae6","172","true","Important content image","Missing distinct real replacement; inherited duplicate retained pending suitable photograph"
"/images/internal/industrial-steel-roof.webp","/blog/warehouse-renovation-dubai-planning-guide","How to challenge a contractor proposal / Transparent editorial ownership","card","industrial-steel-roof.webp","1920","1280","webp","4af6a0eb63cd82e853bc16e10c68342823c19ecca46e608b0c58b793e26760bb","unsplash:photo-1662120399978-738d233edbec","98","true","Important content image","Missing distinct real replacement; inherited duplicate retained pending suitable photograph"
"/images/internal/project-site-coordination.webp","/blog/warehouse-renovation-dubai-planning-guide","What a useful first technical meeting should produce / Transparent editorial ownership","card","project-site-coordination.webp","1920","1280","webp","cd9197528dbb538734f8115efdca5952004cce0152888935f914030a997fbd69","unsplash:photo-1742112125567-3e8967bad60f","196","true","Important content image","Missing distinct real replacement; inherited duplicate retained pending suitable photograph"
"/images/emitronix-logo.png","/blog/warehouse-renovation-dubai-timeline-process","header","card","emitronix-logo.png","1728","404","png","0c588c75d70f3ec952c8f687709cd1eb2fb573955d446b39d6f7a1c6c625e08d","/images/emitronix-logo","516","false","Logo/brand asset","Retain permitted shared brand/UI asset"
"/images/emitronix-logo.png","/blog/warehouse-renovation-dubai-timeline-process","Bring engineering clarity to your next Dubai build.","content image","emitronix-logo.png","1728","404","png","0c588c75d70f3ec952c8f687709cd1eb2fb573955d446b39d6f7a1c6c625e08d","/images/emitronix-logo","516","false","Logo/brand asset","Retain permitted shared brand/UI asset"
"/images/generated/blog/choosing-building-contractor-dubai-desktop.webp","/blog/warehouse-renovation-dubai-timeline-process","Warehouse Renovation Dubai: Timeline and Process / Transparent editorial ownership","hero","choosing-building-contractor-dubai-desktop.webp","1600","900","webp","3684f53e8c347aa311979d8ebc4044e4e49ae4f4dadea0ef739a939bd5221452","/images/generated/blog/choosing-building-contractor-dubai","53","true","Important content image","Missing distinct real replacement; inherited duplicate retained pending suitable photograph"
"/images/project-warehouse-industrial-dubai.webp","/blog/warehouse-renovation-dubai-timeline-process","Timeline and Process: define the scope before it becomes a price / Transparent editorial ownership","card","project-warehouse-industrial-dubai.webp","1600","1067","webp","e4ef2024be4b8171e52da5857e3bf5568b5a04ee5a3ca041c5d30a1560ac9940","unsplash:photo-1592085198739-ffcad7f36b54","89","true","Important content image","Missing distinct real replacement; inherited duplicate retained pending suitable photograph"
"/images/project-authority-approvals-dubai.webp","/blog/warehouse-renovation-dubai-timeline-process","Engineering interfaces that control warehouse renovation dubai / Transparent editorial ownership","card","project-authority-approvals-dubai.webp","1600","1067","webp","9e6a366db121844fa3314f16050b33b077dcbcad8db4e5e18f35732dd43d074e","unsplash:photo-1581674662583-5e89b374fae6","172","true","Important content image","Missing distinct real replacement; inherited duplicate retained pending suitable photograph"
"/images/internal/industrial-steel-roof.webp","/blog/warehouse-renovation-dubai-timeline-process","How to challenge a contractor proposal / Transparent editorial ownership","card","industrial-steel-roof.webp","1920","1280","webp","4af6a0eb63cd82e853bc16e10c68342823c19ecca46e608b0c58b793e26760bb","unsplash:photo-1662120399978-738d233edbec","98","true","Important content image","Missing distinct real replacement; inherited duplicate retained pending suitable photograph"
"/images/internal/project-site-coordination.webp","/blog/warehouse-renovation-dubai-timeline-process","What a useful first technical meeting should produce / Transparent editorial ownership","card","project-site-coordination.webp","1920","1280","webp","cd9197528dbb538734f8115efdca5952004cce0152888935f914030a997fbd69","unsplash:photo-1742112125567-3e8967bad60f","196","true","Important content image","Missing distinct real replacement; inherited duplicate retained pending suitable photograph"
"/images/emitronix-logo.png","/building-renovation","header","card","emitronix-logo.png","1728","404","png","0c588c75d70f3ec952c8f687709cd1eb2fb573955d446b39d6f7a1c6c625e08d","/images/emitronix-logo","516","false","Logo/brand asset","Retain permitted shared brand/UI asset"
"/images/emitronix-logo.png","/building-renovation","Bring engineering clarity to your next Dubai build.","content image","emitronix-logo.png","1728","404","png","0c588c75d70f3ec952c8f687709cd1eb2fb573955d446b39d6f7a1c6c625e08d","/images/emitronix-logo","516","false","Logo/brand asset","Retain permitted shared brand/UI asset"
"/images/unique/pexels-10346959.webp","/building-renovation","Building Renovation Dubai","hero","pexels-10346959.webp","1200","1600","webp","c9bced9e429ef90c80ddc69051145a41dba5cc86b130a615a34a137defe9fba8","pexels:10346959","1","false","Important content image","Retain unique image"
"/images/unique/pexels-6794929.webp","/building-renovation","Building Renovation: scope and approach","section photograph","pexels-6794929.webp","1600","1068","webp","b2cf5962286f2a537f8b285aa15f224ddd6fb48c0f981756deea0ad9250d73e4","pexels:6794929","1","false","Important content image","Retain unique image"
"/images/unique/pexels-8837623.webp","/building-renovation","How we approach renovation","section photograph","pexels-8837623.webp","1600","1067","webp","20ad90132d8923c29fc8e2823b256aae81f6ef8ef947e85ed9454e7585d9590e","pexels:8837623","1","false","Important content image","Retain unique image"
"/images/unique/pexels-6615237.webp","/building-renovation","Resolve the technical scope before work starts","section photograph","pexels-6615237.webp","1600","1067","webp","2945a3262d68cd2963f3fb5878da3852cf96e391a02af9bf9321e9f588afe89f","pexels:6615237","1","false","Important content image","Retain unique image"
"/images/unique/pexels-9617366.webp","/building-renovation","Request renovation consultation.","section photograph","pexels-9617366.webp","1600","1067","webp","4f19d2194bac8ce49adf4f2916fce8cee5c54769e184cd0119976240d529014c","pexels:9617366","1","false","Important content image","Retain unique image"
"/images/emitronix-logo.png","/careers","header","card","emitronix-logo.png","1728","404","png","0c588c75d70f3ec952c8f687709cd1eb2fb573955d446b39d6f7a1c6c625e08d","/images/emitronix-logo","516","false","Logo/brand asset","Retain permitted shared brand/UI asset"
"/images/emitronix-logo.png","/careers","Bring engineering clarity to your next Dubai build.","content image","emitronix-logo.png","1728","404","png","0c588c75d70f3ec952c8f687709cd1eb2fb573955d446b39d6f7a1c6c625e08d","/images/emitronix-logo","516","false","Logo/brand asset","Retain permitted shared brand/UI asset"
"/images/generated/team/construction-team-dubai-desktop.webp","/careers","Build Your Career With Emitronix","hero","construction-team-dubai-desktop.webp","1600","1067","webp","b11d5e4f92704b7cacb844c37f5f853fba9a62919323e4c10e4b26d283d6bc5b","/images/generated/team/construction-team-dubai","2","true","Important content image","Missing distinct real replacement; inherited duplicate retained pending suitable photograph"
"/images/internal/project-site-coordination.webp","/careers","A premium construction environment for people who value clarity. / Dubai project exposure","card","project-site-coordination.webp","1920","1280","webp","cd9197528dbb538734f8115efdca5952004cce0152888935f914030a997fbd69","unsplash:photo-1742112125567-3e8967bad60f","196","true","Important content image","Missing distinct real replacement; inherited duplicate retained pending suitable photograph"
"/images/project-authority-approvals-dubai.webp","/careers","A premium construction environment for people who value clarity. / Clear communication","card","project-authority-approvals-dubai.webp","1600","1067","webp","9e6a366db121844fa3314f16050b33b077dcbcad8db4e5e18f35732dd43d074e","unsplash:photo-1581674662583-5e89b374fae6","172","true","Important content image","Missing distinct real replacement; inherited duplicate retained pending suitable photograph"
"/images/home/construction-workers-sunset.webp","/careers","Register interest in role areas that match your experience.","section photograph","construction-workers-sunset.webp","2400","1602","webp","630087587fc377148cbe250825cc578ef6757c5fdd76260c67f43fa8ac1e5ad3","pexels:28964677","3","true","Important content image","Missing distinct real replacement; inherited duplicate retained pending suitable photograph"
"/images/project-fit-out-dubai.webp","/careers","Submit your profile for Dubai construction opportunities.","section photograph","project-fit-out-dubai.webp","1600","2400","webp","1ffcf3a0a7a0010ba6f10d8815d80782638f64ae25a00052bdf62f5191c6dfe4","unsplash:photo-1771918050103-57b5de00d960","22","true","Important content image","Missing distinct real replacement; inherited duplicate retained pending suitable photograph"
"/images/emitronix-logo.png","/civil","header","card","emitronix-logo.png","1728","404","png","0c588c75d70f3ec952c8f687709cd1eb2fb573955d446b39d6f7a1c6c625e08d","/images/emitronix-logo","516","false","Logo/brand asset","Retain permitted shared brand/UI asset"
"/images/emitronix-logo.png","/civil","Bring engineering clarity to your next Dubai build.","content image","emitronix-logo.png","1728","404","png","0c588c75d70f3ec952c8f687709cd1eb2fb573955d446b39d6f7a1c6c625e08d","/images/emitronix-logo","516","false","Logo/brand asset","Retain permitted shared brand/UI asset"
"/images/unique/pexels-18162495.webp","/civil","Civil Contracting Dubai","hero","pexels-18162495.webp","1600","1089","webp","117373c6efdfe4950a33857ad0c70d5c850fa93caba44b5db7471a5b203d3199","pexels:18162495","1","false","Important content image","Retain unique image"
"/images/unique/pexels-17395035.webp","/civil","Civil Contracting: scope and approach","section photograph","pexels-17395035.webp","1600","1069","webp","2a2554cf4daa565d3180bbfcefa240673db3d688140738bba3efe1176ae10324","pexels:17395035","1","false","Important content image","Retain unique image"
"/images/unique/pexels-15768192.webp","/civil","How we approach civil","section photograph","pexels-15768192.webp","1067","1600","webp","0eb3f494320db7c403664d2d0819fab240d9ea8d05b5d7b4ada239875e9891d1","pexels:15768192","1","false","Important content image","Retain unique image"
"/images/unique/pexels-30832161.webp","/civil","Resolve the technical scope before work starts","section photograph","pexels-30832161.webp","1067","1600","webp","2cfdedbd66521a45ad0f6050148b108cc5d530fa80f5c22472030aa5385ae8b6","pexels:30832161","1","false","Important content image","Retain unique image"
"/images/unique/pexels-29298450.webp","/civil","Request civil consultation.","section photograph","pexels-29298450.webp","1066","1600","webp","9b2ef24ec61232e8cc3adce25817b8e673b985068f3dea8d19a907a2e75f2940","pexels:29298450","1","false","Important content image","Retain unique image"
"/images/emitronix-logo.png","/commercial-buildings","header","card","emitronix-logo.png","1728","404","png","0c588c75d70f3ec952c8f687709cd1eb2fb573955d446b39d6f7a1c6c625e08d","/images/emitronix-logo","516","false","Logo/brand asset","Retain permitted shared brand/UI asset"
"/images/emitronix-logo.png","/commercial-buildings","Bring engineering clarity to your next Dubai build.","content image","emitronix-logo.png","1728","404","png","0c588c75d70f3ec952c8f687709cd1eb2fb573955d446b39d6f7a1c6c625e08d","/images/emitronix-logo","516","false","Logo/brand asset","Retain permitted shared brand/UI asset"
"/images/home/dubai-commercial-towers.webp","/commercial-buildings","Commercial Buildings Dubai","hero","dubai-commercial-towers.webp","2400","1600","webp","4d1ff9861696c8f582c78299898b503e13d54facedfc8408d4c9f7c27d5f7563","pexels:14309391","7","true","Important content image","Missing distinct real replacement; inherited duplicate retained pending suitable photograph"
"/images/project-office-fit-out-dubai.webp","/commercial-buildings","Commercial Buildings: scope and approach","section photograph","project-office-fit-out-dubai.webp","1600","1067","webp","8da3f6a2e8cd71f69f0517194f7161c30201c1cd8a191248107778a771e6b1c9","unsplash:photo-1504297050568-910d24c426d3","22","true","Important content image","Missing distinct real replacement; inherited duplicate retained pending suitable photograph"
"/images/internal/architectural-drawing-review.webp","/commercial-buildings","How we approach commercial","section photograph","architectural-drawing-review.webp","1920","2768","webp","0242bd81c319b862ae61dd9d38bc8e4d8212b5ba25e6907ca56c07b1bf998804","unsplash:photo-1608303588026-884930af2559","95","true","Important content image","Missing distinct real replacement; inherited duplicate retained pending suitable photograph"
"/images/project-commercial-renovation-dubai.webp","/commercial-buildings","Resolve the technical scope before work starts","section photograph","project-commercial-renovation-dubai.webp","1600","1067","webp","2324ce7af4bd74b13d25bb3ceaa3160d6a8036b84fb3b8fa5c30049b08398a52","unsplash:photo-1739700712159-550519327ca7","7","true","Important content image","Missing distinct real replacement; inherited duplicate retained pending suitable photograph"
"/images/internal/project-site-coordination.webp","/commercial-buildings","Request commercial consultation.","section photograph","project-site-coordination.webp","1920","1280","webp","cd9197528dbb538734f8115efdca5952004cce0152888935f914030a997fbd69","unsplash:photo-1742112125567-3e8967bad60f","196","true","Important content image","Missing distinct real replacement; inherited duplicate retained pending suitable photograph"
"/images/emitronix-logo.png","/company-information","header","card","emitronix-logo.png","1728","404","png","0c588c75d70f3ec952c8f687709cd1eb2fb573955d446b39d6f7a1c6c625e08d","/images/emitronix-logo","516","false","Logo/brand asset","Retain permitted shared brand/UI asset"
"/images/emitronix-logo.png","/company-information","Bring engineering clarity to your next Dubai build.","content image","emitronix-logo.png","1728","404","png","0c588c75d70f3ec952c8f687709cd1eb2fb573955d446b39d6f7a1c6c625e08d","/images/emitronix-logo","516","false","Logo/brand asset","Retain permitted shared brand/UI asset"
"/images/emitronix-logo.png","/company-information","Published business facts in one clear place.","hero","emitronix-logo.png","1728","404","png","0c588c75d70f3ec952c8f687709cd1eb2fb573955d446b39d6f7a1c6c625e08d","/images/emitronix-logo","516","false","Logo/brand asset","Retain permitted shared brand/UI asset"
"/images/internal/project-site-coordination.webp","/company-information","Published business facts in one clear place.","hero","project-site-coordination.webp","1920","1280","webp","cd9197528dbb538734f8115efdca5952004cce0152888935f914030a997fbd69","unsplash:photo-1742112125567-3e8967bad60f","196","true","Important content image","Missing distinct real replacement; inherited duplicate retained pending suitable photograph"
"/images/internal/warehouse-steel-frame.webp","/company-information","Published company identity.","section photograph","warehouse-steel-frame.webp","1920","1280","webp","920e4d7fafb7e3555576560f936b0f2ab05a5ecc92eafcdc9951574cf34ae91f","unsplash:photo-1649587345666-0f4ad68aa723","19","true","Important content image","Missing distinct real replacement; inherited duplicate retained pending suitable photograph"
"/images/project-civil-works-dubai.webp","/company-information","Direct business contact information.","section photograph","project-civil-works-dubai.webp","1600","900","webp","2fa083758c877bf924e39e85e8b4fd9ac01928098c8cf8e29bf9e38f15241774","unsplash:photo-1504307651254-35680f356dfd","16","true","Important content image","Missing distinct real replacement; inherited duplicate retained pending suitable photograph"
"/images/project-office-fit-out-dubai.webp","/company-information","Locations in the verified website record.","section photograph","project-office-fit-out-dubai.webp","1600","1067","webp","8da3f6a2e8cd71f69f0517194f7161c30201c1cd8a191248107778a771e6b1c9","unsplash:photo-1504297050568-910d24c426d3","22","true","Important content image","Missing distinct real replacement; inherited duplicate retained pending suitable photograph"
"/images/home/dubai-commercial-towers.webp","/company-information","Unpublished company details are not inferred.","section photograph","dubai-commercial-towers.webp","2400","1600","webp","4d1ff9861696c8f582c78299898b503e13d54facedfc8408d4c9f7c27d5f7563","pexels:14309391","7","true","Important content image","Missing distinct real replacement; inherited duplicate retained pending suitable photograph"
"/images/emitronix-logo.png","/concordia-dmcc-approvals","header","card","emitronix-logo.png","1728","404","png","0c588c75d70f3ec952c8f687709cd1eb2fb573955d446b39d6f7a1c6c625e08d","/images/emitronix-logo","516","false","Logo/brand asset","Retain permitted shared brand/UI asset"
"/images/emitronix-logo.png","/concordia-dmcc-approvals","Bring engineering clarity to your next Dubai build.","content image","emitronix-logo.png","1728","404","png","0c588c75d70f3ec952c8f687709cd1eb2fb573955d446b39d6f7a1c6c625e08d","/images/emitronix-logo","516","false","Logo/brand asset","Retain permitted shared brand/UI asset"
"/images/internal/commercial-office-corridor.webp","/concordia-dmcc-approvals","Concordia-DMCC Approvals Process in Dubai","hero","commercial-office-corridor.webp","1920","2560","webp","78a004e02d4054133c80f35ee7dc7ffd9bc7f0a4597760de266709ccb97a6ec7","unsplash:photo-1554232456-8727aae0cfa4","4","true","Important content image","Missing distinct real replacement; inherited duplicate retained pending suitable photograph"
"/images/project-office-fit-out-dubai.webp","/concordia-dmcc-approvals","JLT projects need one sequence for tenant, landlord and Concordia actions.","section photograph","project-office-fit-out-dubai.webp","1600","1067","webp","8da3f6a2e8cd71f69f0517194f7161c30201c1cd8a191248107778a771e6b1c9","unsplash:photo-1504297050568-910d24c426d3","22","true","Important content image","Missing distinct real replacement; inherited duplicate retained pending suitable photograph"
"/images/internal/architectural-drawing-review.webp","/concordia-dmcc-approvals","Prepare the submission records","section photograph","architectural-drawing-review.webp","1920","2768","webp","0242bd81c319b862ae61dd9d38bc8e4d8212b5ba25e6907ca56c07b1bf998804","unsplash:photo-1608303588026-884930af2559","95","true","Important content image","Missing distinct real replacement; inherited duplicate retained pending suitable photograph"
"/images/project-mep-coordination-dubai.webp","/concordia-dmcc-approvals","What can delay Concordia-DMCC Approvals Process","section photograph","project-mep-coordination-dubai.webp","1600","1067","webp","43d0c568cd1d56ff412d73507931d1a606c38601caed94d7db5377f05003b49d","unsplash:photo-1778514825784-0659eaf8e7a2","27","true","Important content image","Missing distinct real replacement; inherited duplicate retained pending suitable photograph"
"/images/internal/project-site-coordination.webp","/concordia-dmcc-approvals","Request Concordia-DMCC Approvals Process support.","section photograph","project-site-coordination.webp","1920","1280","webp","cd9197528dbb538734f8115efdca5952004cce0152888935f914030a997fbd69","unsplash:photo-1742112125567-3e8967bad60f","196","true","Important content image","Missing distinct real replacement; inherited duplicate retained pending suitable photograph"
"/images/emitronix-logo.png","/contact","header","card","emitronix-logo.png","1728","404","png","0c588c75d70f3ec952c8f687709cd1eb2fb573955d446b39d6f7a1c6c625e08d","/images/emitronix-logo","516","false","Logo/brand asset","Retain permitted shared brand/UI asset"
"/images/emitronix-logo.png","/contact","Bring engineering clarity to your next Dubai build.","content image","emitronix-logo.png","1728","404","png","0c588c75d70f3ec952c8f687709cd1eb2fb573955d446b39d6f7a1c6c625e08d","/images/emitronix-logo","516","false","Logo/brand asset","Retain permitted shared brand/UI asset"
"/images/generated/company/dubai-project-consultation-hero-desktop.webp","/contact","Start with the facts that control the Dubai project.","hero","dubai-project-consultation-hero-desktop.webp","1920","1080","webp","2ea80c26b569db2ce9979b1ead7ee429a76123672d68b22af3353c3048277a54","/images/generated/company/dubai-project-consultation-hero","2","true","Important content image","Missing distinct real replacement; inherited duplicate retained pending suitable photograph"
"/images/about-construction-coordination-dubai.webp","/contact","Talk to Emitronix.","section photograph","about-construction-coordination-dubai.webp","1600","2133","webp","32b588327dd59d767b594c70a5c01e868abc9f1e34c413fb6a5e497734902e53","unsplash:photo-1626885930974-4b69aa21bbf9","11","true","Important content image","Missing distinct real replacement; inherited duplicate retained pending suitable photograph"
"/images/project-authority-approvals-dubai.webp","/contact","Page content","section photograph","project-authority-approvals-dubai.webp","1600","1067","webp","9e6a366db121844fa3314f16050b33b077dcbcad8db4e5e18f35732dd43d074e","unsplash:photo-1581674662583-5e89b374fae6","172","true","Important content image","Missing distinct real replacement; inherited duplicate retained pending suitable photograph"
"/images/about-civil-works-dubai.webp","/contact","Page content","section photograph","about-civil-works-dubai.webp","1600","1067","webp","b4d5719f34c7a9ea5266cdf489cdcd23144d511d0737398104222f6c4fe04583","unsplash:photo-1742112125630-dd2955dd6120","11","true","Important content image","Missing distinct real replacement; inherited duplicate retained pending suitable photograph"
"/images/internal/architectural-drawing-review.webp","/contact","Page content","section photograph","architectural-drawing-review.webp","1920","2768","webp","0242bd81c319b862ae61dd9d38bc8e4d8212b5ba25e6907ca56c07b1bf998804","unsplash:photo-1608303588026-884930af2559","95","true","Important content image","Missing distinct real replacement; inherited duplicate retained pending suitable photograph"
"/images/emitronix-logo.png","/corrections-policy","header","card","emitronix-logo.png","1728","404","png","0c588c75d70f3ec952c8f687709cd1eb2fb573955d446b39d6f7a1c6c625e08d","/images/emitronix-logo","516","false","Logo/brand asset","Retain permitted shared brand/UI asset"
"/images/emitronix-logo.png","/corrections-policy","Bring engineering clarity to your next Dubai build.","content image","emitronix-logo.png","1728","404","png","0c588c75d70f3ec952c8f687709cd1eb2fb573955d446b39d6f7a1c6c625e08d","/images/emitronix-logo","516","false","Logo/brand asset","Retain permitted shared brand/UI asset"
"/images/sections/office-laptop-work.webp","/corrections-policy","What can be reported / Policy principles","card","office-laptop-work.webp","1600","1068","webp","145108f209999b4cb37fa2cced6e3521eb3533fca56b6c9009cc13cceea76537","pexels:6405641","18","true","Important content image","Missing distinct real replacement; inherited duplicate retained pending suitable photograph"
"/images/sections/document-binders.webp","/corrections-policy","How to submit a correction / Policy principles","card","document-binders.webp","1600","1067","webp","cfbbfadea410c6847c60cff1b15d76569906384ab19691d42f8c169d61ed9763","pexels:17018372","20","true","Important content image","Missing distinct real replacement; inherited duplicate retained pending suitable photograph"
"/images/sections/office-records-desk.webp","/corrections-policy","Review and response process / Policy principles","card","office-records-desk.webp","1600","1068","webp","d6b58a32141aa1c8316b8d41b823e2e652c192a0875152e20590dd57092f2a82","pexels:8353764","50","true","Important content image","Missing distinct real replacement; inherited duplicate retained pending suitable photograph"
"/images/project-authority-approvals-dubai.webp","/corrections-policy","Types of change / Policy principles","card","project-authority-approvals-dubai.webp","1600","1067","webp","9e6a366db121844fa3314f16050b33b077dcbcad8db4e5e18f35732dd43d074e","unsplash:photo-1581674662583-5e89b374fae6","172","true","Important content image","Missing distinct real replacement; inherited duplicate retained pending suitable photograph"
"/images/project-fit-out-dubai.webp","/corrections-policy","Limits of the process / Policy principles","card","project-fit-out-dubai.webp","1600","2400","webp","1ffcf3a0a7a0010ba6f10d8815d80782638f64ae25a00052bdf62f5191c6dfe4","unsplash:photo-1771918050103-57b5de00d960","22","true","Important content image","Missing distinct real replacement; inherited duplicate retained pending suitable photograph"
"/images/emitronix-logo.png","/dcd-approvals","header","card","emitronix-logo.png","1728","404","png","0c588c75d70f3ec952c8f687709cd1eb2fb573955d446b39d6f7a1c6c625e08d","/images/emitronix-logo","516","false","Logo/brand asset","Retain permitted shared brand/UI asset"
"/images/emitronix-logo.png","/dcd-approvals","Bring engineering clarity to your next Dubai build.","content image","emitronix-logo.png","1728","404","png","0c588c75d70f3ec952c8f687709cd1eb2fb573955d446b39d6f7a1c6c625e08d","/images/emitronix-logo","516","false","Logo/brand asset","Retain permitted shared brand/UI asset"
"/images/unique/pexels-26173880.webp","/dcd-approvals","DCD Approval Services in Dubai","hero","pexels-26173880.webp","1067","1600","webp","565fd8ec215a4542b62da5a2f28c32928f8a83db51829d5c1c3892461bd61e23","pexels:26173880","1","false","Important content image","Retain unique image"
"/images/unique/pexels-8978625.webp","/dcd-approvals","The fire strategy must describe the building that will actually operate.","section photograph","pexels-8978625.webp","1095","1600","webp","b8b386aff4e8f531ddbe8b2e81befea01d4b4097cf5a8de24823110f7722bc35","pexels:8978625","1","false","Important content image","Retain unique image"
"/images/unique/pexels-6614757.webp","/dcd-approvals","Prepare the submission records","section photograph","pexels-6614757.webp","1600","1067","webp","98c51dfb5bb69369992e2200a94f96767bac53b3f098b5b6e7c1ce7ea4d3de0e","pexels:6614757","1","false","Important content image","Retain unique image"
"/images/unique/pexels-6281012.webp","/dcd-approvals","What can delay DCD Approvals","section photograph","pexels-6281012.webp","1067","1600","webp","21bad99c75f82afda94793d8e774067fba292e6a12de46880e2b29aeea9b4908","pexels:6281012","1","false","Important content image","Retain unique image"
"/images/unique/pexels-6615239.webp","/dcd-approvals","Request DCD Approvals support.","section photograph","pexels-6615239.webp","1600","1067","webp","b6e68363a4009e6564549d3e88de94ab54a9444ce97747742561ebd9f794ea9c","pexels:6615239","1","false","Important content image","Retain unique image"
"/images/emitronix-logo.png","/dda-approvals","header","card","emitronix-logo.png","1728","404","png","0c588c75d70f3ec952c8f687709cd1eb2fb573955d446b39d6f7a1c6c625e08d","/images/emitronix-logo","516","false","Logo/brand asset","Retain permitted shared brand/UI asset"
"/images/emitronix-logo.png","/dda-approvals","Bring engineering clarity to your next Dubai build.","content image","emitronix-logo.png","1728","404","png","0c588c75d70f3ec952c8f687709cd1eb2fb573955d446b39d6f7a1c6c625e08d","/images/emitronix-logo","516","false","Logo/brand asset","Retain permitted shared brand/UI asset"
"/images/home/jumeirah-village-circle-construction.webp","/dda-approvals","DDA Approval Services in Dubai","hero","jumeirah-village-circle-construction.webp","1920","1080","webp","e2705e5ebcfc1b45970224c965fd94bb1ed7b4b776fe2e1f4dcff87359f6fea6","unsplash:photo-1743819344477-3b67c19621e9","3","true","Important content image","Missing distinct real replacement; inherited duplicate retained pending suitable photograph"
"/images/internal/architectural-drawing-review.webp","/dda-approvals","DDA review begins with jurisdiction and community obligations.","section photograph","architectural-drawing-review.webp","1920","2768","webp","0242bd81c319b862ae61dd9d38bc8e4d8212b5ba25e6907ca56c07b1bf998804","unsplash:photo-1608303588026-884930af2559","95","true","Important content image","Missing distinct real replacement; inherited duplicate retained pending suitable photograph"
"/images/project-authority-approvals-dubai.webp","/dda-approvals","Prepare the submission records","section photograph","project-authority-approvals-dubai.webp","1600","1067","webp","9e6a366db121844fa3314f16050b33b077dcbcad8db4e5e18f35732dd43d074e","unsplash:photo-1581674662583-5e89b374fae6","172","true","Important content image","Missing distinct real replacement; inherited duplicate retained pending suitable photograph"
"/images/internal/project-site-coordination.webp","/dda-approvals","What can delay DDA Approvals","section photograph","project-site-coordination.webp","1920","1280","webp","cd9197528dbb538734f8115efdca5952004cce0152888935f914030a997fbd69","unsplash:photo-1742112125567-3e8967bad60f","196","true","Important content image","Missing distinct real replacement; inherited duplicate retained pending suitable photograph"
"/images/sections/office-records-desk.webp","/dda-approvals","Request DDA Approvals support.","section photograph","office-records-desk.webp","1600","1068","webp","d6b58a32141aa1c8316b8d41b823e2e652c192a0875152e20590dd57092f2a82","pexels:8353764","50","true","Important content image","Missing distinct real replacement; inherited duplicate retained pending suitable photograph"
"/images/emitronix-logo.png","/design-build","header","card","emitronix-logo.png","1728","404","png","0c588c75d70f3ec952c8f687709cd1eb2fb573955d446b39d6f7a1c6c625e08d","/images/emitronix-logo","516","false","Logo/brand asset","Retain permitted shared brand/UI asset"
"/images/emitronix-logo.png","/design-build","Bring engineering clarity to your next Dubai build.","content image","emitronix-logo.png","1728","404","png","0c588c75d70f3ec952c8f687709cd1eb2fb573955d446b39d6f7a1c6c625e08d","/images/emitronix-logo","516","false","Logo/brand asset","Retain permitted shared brand/UI asset"
"/images/unique/pexels-3771045.webp","/design-build","Design & Build Dubai","hero","pexels-3771045.webp","1600","1067","webp","d98a5c807096c03acb4a0bb211873ffe485a27cb5ab674c5153b76f09ee16204","pexels:3771045","1","false","Important content image","Retain unique image"
"/images/about-construction-coordination-dubai.webp","/design-build","Design & Build: scope and approach","section photograph","about-construction-coordination-dubai.webp","1600","2133","webp","32b588327dd59d767b594c70a5c01e868abc9f1e34c413fb6a5e497734902e53","unsplash:photo-1626885930974-4b69aa21bbf9","11","true","Important content image","Missing distinct real replacement; inherited duplicate retained pending suitable photograph"
"/images/about-civil-works-dubai.webp","/design-build","How we approach design build","section photograph","about-civil-works-dubai.webp","1600","1067","webp","b4d5719f34c7a9ea5266cdf489cdcd23144d511d0737398104222f6c4fe04583","unsplash:photo-1742112125630-dd2955dd6120","11","true","Important content image","Missing distinct real replacement; inherited duplicate retained pending suitable photograph"
"/images/internal/architectural-drawing-review.webp","/design-build","Resolve the technical scope before work starts","section photograph","architectural-drawing-review.webp","1920","2768","webp","0242bd81c319b862ae61dd9d38bc8e4d8212b5ba25e6907ca56c07b1bf998804","unsplash:photo-1608303588026-884930af2559","95","true","Important content image","Missing distinct real replacement; inherited duplicate retained pending suitable photograph"
"/images/internal/project-site-coordination.webp","/design-build","Request design build consultation.","section photograph","project-site-coordination.webp","1920","1280","webp","cd9197528dbb538734f8115efdca5952004cce0152888935f914030a997fbd69","unsplash:photo-1742112125567-3e8967bad60f","196","true","Important content image","Missing distinct real replacement; inherited duplicate retained pending suitable photograph"
"/images/emitronix-logo.png","/dewa-approvals","header","card","emitronix-logo.png","1728","404","png","0c588c75d70f3ec952c8f687709cd1eb2fb573955d446b39d6f7a1c6c625e08d","/images/emitronix-logo","516","false","Logo/brand asset","Retain permitted shared brand/UI asset"
"/images/emitronix-logo.png","/dewa-approvals","Bring engineering clarity to your next Dubai build.","content image","emitronix-logo.png","1728","404","png","0c588c75d70f3ec952c8f687709cd1eb2fb573955d446b39d6f7a1c6c625e08d","/images/emitronix-logo","516","false","Logo/brand asset","Retain permitted shared brand/UI asset"
"/images/unique/pexels-17842832.webp","/dewa-approvals","DEWA Approval Coordination Guide for Dubai Projects","hero","pexels-17842832.webp","1600","1067","webp","52da3d57a03780960165c4e5849664075444fbf56ab62d2a0dbc9dbfd52a6f6f","pexels:17842832","1","false","Important content image","Retain unique image"
"/images/dewa-lv-inspection-testing-dubai.webp","/dewa-approvals","DEWA approval work must connect engineering documents with real site conditions.","section photograph","dewa-lv-inspection-testing-dubai.webp","1400","788","webp","6c38d22b8703b98ed272fdf7bea3f8bfc066112c59ea58a1b972be01eb812a8e","unsplash:photo-1758101755915-462eddc23f57","8","true","Important content image","Missing distinct real replacement; inherited duplicate retained pending suitable photograph"
"/images/unique/pexels-21812146.webp","/dewa-approvals","DEWA approval documents must be complete, consistent and uploaded in the correct format.","section photograph","pexels-21812146.webp","1205","1600","webp","f210bbc58799b49379e06af83ccf1c0bd01ecfc6f4e2cff3181e92f977acc607","pexels:21812146","1","false","Important content image","Retain unique image"
"/images/dewa-hv-lv-cable-works-dubai.webp","/dewa-approvals","HV cable works, LV cable works and utility NOCs need early route control.","section photograph","dewa-hv-lv-cable-works-dubai.webp","1400","788","webp","7f7cfe3f5a287a0070b990102e29d1613c9d69f58e3cafe18b3db6e7c0647e8b","unsplash:photo-1608574839637-2f7d0290d01d","14","true","Important content image","Missing distinct real replacement; inherited duplicate retained pending suitable photograph"
"/images/generated/approvals/dewa-approval-electrical-coordination-dubai-desktop.webp","/dewa-approvals","A short visual overview of the DEWA approval workflow.","video poster","dewa-approval-electrical-coordination-dubai-desktop.webp","1920","1080","webp","e9df8469fcc00a009ee5c53ce48403d3486b6ba9a42fd9d8b345a5e6bc1347b3","/images/generated/approvals/dewa-approval-electrical-coordination-dubai","1","false","Important content image","Retain unique image"
"/images/unique/pexels-34054464.webp","/dewa-approvals","Talk to the project team before power coordination becomes a deadline problem.","section photograph","pexels-34054464.webp","900","1600","webp","937bb7eb6591312bb6505b33784f87437e074f6508a4ff529770452b9547f166","pexels:34054464","1","false","Important content image","Retain unique image"
"/images/emitronix-logo.png","/difc-approvals","header","card","emitronix-logo.png","1728","404","png","0c588c75d70f3ec952c8f687709cd1eb2fb573955d446b39d6f7a1c6c625e08d","/images/emitronix-logo","516","false","Logo/brand asset","Retain permitted shared brand/UI asset"
"/images/emitronix-logo.png","/difc-approvals","Bring engineering clarity to your next Dubai build.","content image","emitronix-logo.png","1728","404","png","0c588c75d70f3ec952c8f687709cd1eb2fb573955d446b39d6f7a1c6c625e08d","/images/emitronix-logo","516","false","Logo/brand asset","Retain permitted shared brand/UI asset"
"/images/project-fit-out-dubai.webp","/difc-approvals","DIFC Approval Services in Dubai","hero","project-fit-out-dubai.webp","1600","2400","webp","1ffcf3a0a7a0010ba6f10d8815d80782638f64ae25a00052bdf62f5191c6dfe4","unsplash:photo-1771918050103-57b5de00d960","22","true","Important content image","Missing distinct real replacement; inherited duplicate retained pending suitable photograph"
"/images/project-office-fit-out-dubai.webp","/difc-approvals","DIFC fit-out planning must respect the building as well as the tenancy.","section photograph","project-office-fit-out-dubai.webp","1600","1067","webp","8da3f6a2e8cd71f69f0517194f7161c30201c1cd8a191248107778a771e6b1c9","unsplash:photo-1504297050568-910d24c426d3","22","true","Important content image","Missing distinct real replacement; inherited duplicate retained pending suitable photograph"
"/images/internal/architectural-drawing-review.webp","/difc-approvals","Prepare the submission records","section photograph","architectural-drawing-review.webp","1920","2768","webp","0242bd81c319b862ae61dd9d38bc8e4d8212b5ba25e6907ca56c07b1bf998804","unsplash:photo-1608303588026-884930af2559","95","true","Important content image","Missing distinct real replacement; inherited duplicate retained pending suitable photograph"
"/images/project-commercial-renovation-dubai.webp","/difc-approvals","What can delay DIFC Approvals","section photograph","project-commercial-renovation-dubai.webp","1600","1067","webp","2324ce7af4bd74b13d25bb3ceaa3160d6a8036b84fb3b8fa5c30049b08398a52","unsplash:photo-1739700712159-550519327ca7","7","true","Important content image","Missing distinct real replacement; inherited duplicate retained pending suitable photograph"
"/images/internal/project-site-coordination.webp","/difc-approvals","Request DIFC Approvals support.","section photograph","project-site-coordination.webp","1920","1280","webp","cd9197528dbb538734f8115efdca5952004cce0152888935f914030a997fbd69","unsplash:photo-1742112125567-3e8967bad60f","196","true","Important content image","Missing distinct real replacement; inherited duplicate retained pending suitable photograph"
"/images/emitronix-logo.png","/disclaimer","header","card","emitronix-logo.png","1728","404","png","0c588c75d70f3ec952c8f687709cd1eb2fb573955d446b39d6f7a1c6c625e08d","/images/emitronix-logo","516","false","Logo/brand asset","Retain permitted shared brand/UI asset"
"/images/emitronix-logo.png","/disclaimer","Bring engineering clarity to your next Dubai build.","content image","emitronix-logo.png","1728","404","png","0c588c75d70f3ec952c8f687709cd1eb2fb573955d446b39d6f7a1c6c625e08d","/images/emitronix-logo","516","false","Logo/brand asset","Retain permitted shared brand/UI asset"
"/images/sections/office-laptop-work.webp","/disclaimer","No project-specific professional advice / Policy principles","card","office-laptop-work.webp","1600","1068","webp","145108f209999b4cb37fa2cced6e3521eb3533fca56b6c9009cc13cceea76537","pexels:6405641","18","true","Important content image","Missing distinct real replacement; inherited duplicate retained pending suitable photograph"
"/images/sections/document-binders.webp","/disclaimer","Authority and regulatory information / Policy principles","card","document-binders.webp","1600","1067","webp","cfbbfadea410c6847c60cff1b15d76569906384ab19691d42f8c169d61ed9763","pexels:17018372","20","true","Important content image","Missing distinct real replacement; inherited duplicate retained pending suitable photograph"
"/images/sections/office-records-desk.webp","/disclaimer","Costs, programmes and examples / Policy principles","card","office-records-desk.webp","1600","1068","webp","d6b58a32141aa1c8316b8d41b823e2e652c192a0875152e20590dd57092f2a82","pexels:8353764","50","true","Important content image","Missing distinct real replacement; inherited duplicate retained pending suitable photograph"
"/images/project-authority-approvals-dubai.webp","/disclaimer","Third-party material and links / Policy principles","card","project-authority-approvals-dubai.webp","1600","1067","webp","9e6a366db121844fa3314f16050b33b077dcbcad8db4e5e18f35732dd43d074e","unsplash:photo-1581674662583-5e89b374fae6","172","true","Important content image","Missing distinct real replacement; inherited duplicate retained pending suitable photograph"
"/images/project-fit-out-dubai.webp","/disclaimer","Website availability and enquiries / Policy principles","card","project-fit-out-dubai.webp","1600","2400","webp","1ffcf3a0a7a0010ba6f10d8815d80782638f64ae25a00052bdf62f5191c6dfe4","unsplash:photo-1771918050103-57b5de00d960","22","true","Important content image","Missing distinct real replacement; inherited duplicate retained pending suitable photograph"
"/images/emitronix-logo.png","/dubai-municipality-approval","header","card","emitronix-logo.png","1728","404","png","0c588c75d70f3ec952c8f687709cd1eb2fb573955d446b39d6f7a1c6c625e08d","/images/emitronix-logo","516","false","Logo/brand asset","Retain permitted shared brand/UI asset"
"/images/emitronix-logo.png","/dubai-municipality-approval","Bring engineering clarity to your next Dubai build.","content image","emitronix-logo.png","1728","404","png","0c588c75d70f3ec952c8f687709cd1eb2fb573955d446b39d6f7a1c6c625e08d","/images/emitronix-logo","516","false","Logo/brand asset","Retain permitted shared brand/UI asset"
"/images/internal/architectural-drawing-review.webp","/dubai-municipality-approval","Dubai Municipality Approval Services in Dubai","hero","architectural-drawing-review.webp","1920","2768","webp","0242bd81c319b862ae61dd9d38bc8e4d8212b5ba25e6907ca56c07b1bf998804","unsplash:photo-1608303588026-884930af2559","95","true","Important content image","Missing distinct real replacement; inherited duplicate retained pending suitable photograph"
"/images/project-authority-approvals-dubai.webp","/dubai-municipality-approval","Start with the plot, the approved baseline and the proposed change.","section photograph","project-authority-approvals-dubai.webp","1600","1067","webp","9e6a366db121844fa3314f16050b33b077dcbcad8db4e5e18f35732dd43d074e","unsplash:photo-1581674662583-5e89b374fae6","172","true","Important content image","Missing distinct real replacement; inherited duplicate retained pending suitable photograph"
"/images/internal/project-site-coordination.webp","/dubai-municipality-approval","Prepare the submission records","section photograph","project-site-coordination.webp","1920","1280","webp","cd9197528dbb538734f8115efdca5952004cce0152888935f914030a997fbd69","unsplash:photo-1742112125567-3e8967bad60f","196","true","Important content image","Missing distinct real replacement; inherited duplicate retained pending suitable photograph"
"/images/sections/office-records-desk.webp","/dubai-municipality-approval","What can delay Dubai Municipality Approval","section photograph","office-records-desk.webp","1600","1068","webp","d6b58a32141aa1c8316b8d41b823e2e652c192a0875152e20590dd57092f2a82","pexels:8353764","50","true","Important content image","Missing distinct real replacement; inherited duplicate retained pending suitable photograph"
"/images/sections/document-binders.webp","/dubai-municipality-approval","Request Dubai Municipality Approval support.","section photograph","document-binders.webp","1600","1067","webp","cfbbfadea410c6847c60cff1b15d76569906384ab19691d42f8c169d61ed9763","pexels:17018372","20","true","Important content image","Missing distinct real replacement; inherited duplicate retained pending suitable photograph"
"/images/emitronix-logo.png","/editorial-policy","header","card","emitronix-logo.png","1728","404","png","0c588c75d70f3ec952c8f687709cd1eb2fb573955d446b39d6f7a1c6c625e08d","/images/emitronix-logo","516","false","Logo/brand asset","Retain permitted shared brand/UI asset"
"/images/emitronix-logo.png","/editorial-policy","Bring engineering clarity to your next Dubai build.","content image","emitronix-logo.png","1728","404","png","0c588c75d70f3ec952c8f687709cd1eb2fb573955d446b39d6f7a1c6c625e08d","/images/emitronix-logo","516","false","Logo/brand asset","Retain permitted shared brand/UI asset"
"/images/sections/office-laptop-work.webp","/editorial-policy","What this policy covers / Policy principles","card","office-laptop-work.webp","1600","1068","webp","145108f209999b4cb37fa2cced6e3521eb3533fca56b6c9009cc13cceea76537","pexels:6405641","18","true","Important content image","Missing distinct real replacement; inherited duplicate retained pending suitable photograph"
"/images/sections/document-binders.webp","/editorial-policy","Editorial workflow / Policy principles","card","document-binders.webp","1600","1067","webp","cfbbfadea410c6847c60cff1b15d76569906384ab19691d42f8c169d61ed9763","pexels:17018372","20","true","Important content image","Missing distinct real replacement; inherited duplicate retained pending suitable photograph"
"/images/sections/office-records-desk.webp","/editorial-policy","Sources and factual boundaries / Policy principles","card","office-records-desk.webp","1600","1068","webp","d6b58a32141aa1c8316b8d41b823e2e652c192a0875152e20590dd57092f2a82","pexels:8353764","50","true","Important content image","Missing distinct real replacement; inherited duplicate retained pending suitable photograph"
"/images/project-authority-approvals-dubai.webp","/editorial-policy","Authorship and review / Policy principles","card","project-authority-approvals-dubai.webp","1600","1067","webp","9e6a366db121844fa3314f16050b33b077dcbcad8db4e5e18f35732dd43d074e","unsplash:photo-1581674662583-5e89b374fae6","172","true","Important content image","Missing distinct real replacement; inherited duplicate retained pending suitable photograph"
"/images/project-fit-out-dubai.webp","/editorial-policy","Updates and commercial independence / Policy principles","card","project-fit-out-dubai.webp","1600","2400","webp","1ffcf3a0a7a0010ba6f10d8815d80782638f64ae25a00052bdf62f5191c6dfe4","unsplash:photo-1771918050103-57b5de00d960","22","true","Important content image","Missing distinct real replacement; inherited duplicate retained pending suitable photograph"
"/images/emitronix-logo.png","/faqs","header","card","emitronix-logo.png","1728","404","png","0c588c75d70f3ec952c8f687709cd1eb2fb573955d446b39d6f7a1c6c625e08d","/images/emitronix-logo","516","false","Logo/brand asset","Retain permitted shared brand/UI asset"
"/images/emitronix-logo.png","/faqs","Bring engineering clarity to your next Dubai build.","content image","emitronix-logo.png","1728","404","png","0c588c75d70f3ec952c8f687709cd1eb2fb573955d446b39d6f7a1c6c625e08d","/images/emitronix-logo","516","false","Logo/brand asset","Retain permitted shared brand/UI asset"
"/images/project-civil-works-dubai.webp","/faqs","Find the service route that fits your project.","section photograph","project-civil-works-dubai.webp","1600","900","webp","2fa083758c877bf924e39e85e8b4fd9ac01928098c8cf8e29bf9e38f15241774","unsplash:photo-1504307651254-35680f356dfd","16","true","Important content image","Missing distinct real replacement; inherited duplicate retained pending suitable photograph"
"/images/project-authority-approvals-dubai.webp","/faqs","Find the service route that fits your project.","section photograph","project-authority-approvals-dubai.webp","1600","1067","webp","9e6a366db121844fa3314f16050b33b077dcbcad8db4e5e18f35732dd43d074e","unsplash:photo-1581674662583-5e89b374fae6","172","true","Important content image","Missing distinct real replacement; inherited duplicate retained pending suitable photograph"
"/images/internal/project-site-coordination.webp","/faqs","Prepare a useful construction enquiry.","section photograph","project-site-coordination.webp","1920","1280","webp","cd9197528dbb538734f8115efdca5952004cce0152888935f914030a997fbd69","unsplash:photo-1742112125567-3e8967bad60f","196","true","Important content image","Missing distinct real replacement; inherited duplicate retained pending suitable photograph"
"/images/project-office-fit-out-dubai.webp","/faqs","Prepare a useful construction enquiry.","section photograph","project-office-fit-out-dubai.webp","1600","1067","webp","8da3f6a2e8cd71f69f0517194f7161c30201c1cd8a191248107778a771e6b1c9","unsplash:photo-1504297050568-910d24c426d3","22","true","Important content image","Missing distinct real replacement; inherited duplicate retained pending suitable photograph"
"/images/internal/warehouse-steel-frame.webp","/faqs","Construction questions organized by decision.","section photograph","warehouse-steel-frame.webp","1920","1280","webp","920e4d7fafb7e3555576560f936b0f2ab05a5ecc92eafcdc9951574cf34ae91f","unsplash:photo-1649587345666-0f4ad68aa723","19","true","Important content image","Missing distinct real replacement; inherited duplicate retained pending suitable photograph"
"/images/emitronix-logo.png","/founder","header","card","emitronix-logo.png","1728","404","png","0c588c75d70f3ec952c8f687709cd1eb2fb573955d446b39d6f7a1c6c625e08d","/images/emitronix-logo","516","false","Logo/brand asset","Retain permitted shared brand/UI asset"
"/images/emitronix-logo.png","/founder","Bring engineering clarity to your next Dubai build.","content image","emitronix-logo.png","1728","404","png","0c588c75d70f3ec952c8f687709cd1eb2fb573955d446b39d6f7a1c6c625e08d","/images/emitronix-logo","516","false","Logo/brand asset","Retain permitted shared brand/UI asset"
"/images/about-construction-coordination-dubai.webp","/founder","Marieswaran Sadaiappan","hero","about-construction-coordination-dubai.webp","1600","2133","webp","32b588327dd59d767b594c70a5c01e868abc9f1e34c413fb6a5e497734902e53","unsplash:photo-1626885930974-4b69aa21bbf9","11","true","Important content image","Missing distinct real replacement; inherited duplicate retained pending suitable photograph"
"/images/project-authority-approvals-dubai.webp","/founder","Engineering perspective connected to construction delivery.","section photograph","project-authority-approvals-dubai.webp","1600","1067","webp","9e6a366db121844fa3314f16050b33b077dcbcad8db4e5e18f35732dd43d074e","unsplash:photo-1581674662583-5e89b374fae6","172","true","Important content image","Missing distinct real replacement; inherited duplicate retained pending suitable photograph"
"/images/about-civil-works-dubai.webp","/founder","Innovation with a practical construction purpose.","section photograph","about-civil-works-dubai.webp","1600","1067","webp","b4d5719f34c7a9ea5266cdf489cdcd23144d511d0737398104222f6c4fe04583","unsplash:photo-1742112125630-dd2955dd6120","11","true","Important content image","Missing distinct real replacement; inherited duplicate retained pending suitable photograph"
"/images/internal/architectural-drawing-review.webp","/founder","Profile details intentionally withheld.","section photograph","architectural-drawing-review.webp","1920","2768","webp","0242bd81c319b862ae61dd9d38bc8e4d8212b5ba25e6907ca56c07b1bf998804","unsplash:photo-1608303588026-884930af2559","95","true","Important content image","Missing distinct real replacement; inherited duplicate retained pending suitable photograph"
"/images/internal/project-site-coordination.webp","/founder","Review the company facts and delivery functions.","section photograph","project-site-coordination.webp","1920","1280","webp","cd9197528dbb538734f8115efdca5952004cce0152888935f914030a997fbd69","unsplash:photo-1742112125567-3e8967bad60f","196","true","Important content image","Missing distinct real replacement; inherited duplicate retained pending suitable photograph"
"/images/emitronix-logo.png","/guest-post","header","card","emitronix-logo.png","1728","404","png","0c588c75d70f3ec952c8f687709cd1eb2fb573955d446b39d6f7a1c6c625e08d","/images/emitronix-logo","516","false","Logo/brand asset","Retain permitted shared brand/UI asset"
"/images/emitronix-logo.png","/guest-post","Bring engineering clarity to your next Dubai build.","content image","emitronix-logo.png","1728","404","png","0c588c75d70f3ec952c8f687709cd1eb2fb573955d446b39d6f7a1c6c625e08d","/images/emitronix-logo","516","false","Logo/brand asset","Retain permitted shared brand/UI asset"
"/images/generated/company/construction-technical-resources-dubai-hero-desktop.webp","/guest-post","Guest post enquiries for construction and approval topics.","hero","construction-technical-resources-dubai-hero-desktop.webp","1920","1080","webp","687ee7e61ebd0b48450bd9f53b571367cb29645016975e0b27674ba18704a4a9","/images/generated/company/construction-technical-resources-dubai-hero","6","true","Important content image","Missing distinct real replacement; inherited duplicate retained pending suitable photograph"
"/images/sections/office-laptop-work.webp","/guest-post","Relevant topics must support practical construction decisions.","card","office-laptop-work.webp","1600","1068","webp","145108f209999b4cb37fa2cced6e3521eb3533fca56b6c9009cc13cceea76537","pexels:6405641","18","true","Important content image","Missing distinct real replacement; inherited duplicate retained pending suitable photograph"
"/images/sections/office-records-desk.webp","/guest-post","Relevant topics must support practical construction decisions.","card","office-records-desk.webp","1600","1068","webp","d6b58a32141aa1c8316b8d41b823e2e652c192a0875152e20590dd57092f2a82","pexels:8353764","50","true","Important content image","Missing distinct real replacement; inherited duplicate retained pending suitable photograph"
"/images/sections/document-binders.webp","/guest-post","Relevant topics must support practical construction decisions.","card","document-binders.webp","1600","1067","webp","cfbbfadea410c6847c60cff1b15d76569906384ab19691d42f8c169d61ed9763","pexels:17018372","20","true","Important content image","Missing distinct real replacement; inherited duplicate retained pending suitable photograph"
"/images/project-fit-out-dubai.webp","/guest-post","Relevant topics must support practical construction decisions.","section photograph","project-fit-out-dubai.webp","1600","2400","webp","1ffcf3a0a7a0010ba6f10d8815d80782638f64ae25a00052bdf62f5191c6dfe4","unsplash:photo-1771918050103-57b5de00d960","22","true","Important content image","Missing distinct real replacement; inherited duplicate retained pending suitable photograph"
"/images/emitronix-logo.png","/html-sitemap","header","card","emitronix-logo.png","1728","404","png","0c588c75d70f3ec952c8f687709cd1eb2fb573955d446b39d6f7a1c6c625e08d","/images/emitronix-logo","516","false","Logo/brand asset","Retain permitted shared brand/UI asset"
"/images/emitronix-logo.png","/html-sitemap","Bring engineering clarity to your next Dubai build.","content image","emitronix-logo.png","1728","404","png","0c588c75d70f3ec952c8f687709cd1eb2fb573955d446b39d6f7a1c6c625e08d","/images/emitronix-logo","516","false","Logo/brand asset","Retain permitted shared brand/UI asset"
"/images/generated/company/construction-technical-resources-dubai-hero-desktop.webp","/html-sitemap","Browse Emitronix construction resources.","hero","construction-technical-resources-dubai-hero-desktop.webp","1920","1080","webp","687ee7e61ebd0b48450bd9f53b571367cb29645016975e0b27674ba18704a4a9","/images/generated/company/construction-technical-resources-dubai-hero","6","true","Important content image","Missing distinct real replacement; inherited duplicate retained pending suitable photograph"
"/images/sections/office-laptop-work.webp","/html-sitemap","Find the right page by topic. / Main pages","card","office-laptop-work.webp","1600","1068","webp","145108f209999b4cb37fa2cced6e3521eb3533fca56b6c9009cc13cceea76537","pexels:6405641","18","true","Important content image","Missing distinct real replacement; inherited duplicate retained pending suitable photograph"
"/images/sections/office-records-desk.webp","/html-sitemap","Find the right page by topic. / Construction services","card","office-records-desk.webp","1600","1068","webp","d6b58a32141aa1c8316b8d41b823e2e652c192a0875152e20590dd57092f2a82","pexels:8353764","50","true","Important content image","Missing distinct real replacement; inherited duplicate retained pending suitable photograph"
"/images/sections/document-binders.webp","/html-sitemap","Find the right page by topic. / Dubai authority approvals","card","document-binders.webp","1600","1067","webp","cfbbfadea410c6847c60cff1b15d76569906384ab19691d42f8c169d61ed9763","pexels:17018372","20","true","Important content image","Missing distinct real replacement; inherited duplicate retained pending suitable photograph"
"/images/project-fit-out-dubai.webp","/html-sitemap","Find the right page by topic. / Warehouse construction authority silo","card","project-fit-out-dubai.webp","1600","2400","webp","1ffcf3a0a7a0010ba6f10d8815d80782638f64ae25a00052bdf62f5191c6dfe4","unsplash:photo-1771918050103-57b5de00d960","22","true","Important content image","Missing distinct real replacement; inherited duplicate retained pending suitable photograph"
"/images/project-authority-approvals-dubai.webp","/html-sitemap","Find the right page by topic. / Construction knowledge center","card","project-authority-approvals-dubai.webp","1600","1067","webp","9e6a366db121844fa3314f16050b33b077dcbcad8db4e5e18f35732dd43d074e","unsplash:photo-1581674662583-5e89b374fae6","172","true","Important content image","Missing distinct real replacement; inherited duplicate retained pending suitable photograph"
"/images/emitronix-logo-reversed.png","/","header","card","emitronix-logo-reversed.png","1728","404","png","0742d15f806a4bc97bc48d6c68c3291b30c11aaf4c2bfc91ad16d69bc54021d2","/images/emitronix-logo-reversed","3","false","Logo/brand asset","Retain permitted shared brand/UI asset"
"/images/emitronix-logo.png","/","Bring engineering clarity to your next Dubai build.","content image","emitronix-logo.png","1728","404","png","0c588c75d70f3ec952c8f687709cd1eb2fb573955d446b39d6f7a1c6c625e08d","/images/emitronix-logo","516","false","Logo/brand asset","Retain permitted shared brand/UI asset"
"/images/home/jumeirah-village-circle-construction.webp","/","Construction Company in Dubai","hero","jumeirah-village-circle-construction.webp","1920","1080","webp","e2705e5ebcfc1b45970224c965fd94bb1ed7b4b776fe2e1f4dcff87359f6fea6","unsplash:photo-1743819344477-3b67c19621e9","3","true","Important content image","Locked homepage: preserve; inherited duplicate reported"
"/images/internal/warehouse-steel-frame.webp","/","Construction Company in Dubai","hero","warehouse-steel-frame.webp","1920","1280","webp","920e4d7fafb7e3555576560f936b0f2ab05a5ecc92eafcdc9951574cf34ae91f","unsplash:photo-1649587345666-0f4ad68aa723","19","true","Important content image","Locked homepage: preserve; inherited duplicate reported"
"/images/home/dubai-hills-construction.webp","/","Construction Company in Dubai","hero","dubai-hills-construction.webp","1920","1080","webp","22ade8968cd58455509912dc98e0dfc7dd2c179288b5af6b7964925a6b48443a","unsplash:photo-1588757470003-419f6a827196","3","true","Important content image","Locked homepage: preserve; inherited duplicate reported"
"/images/home/construction-workers-sunset.webp","/","Construction Company in Dubai","hero","construction-workers-sunset.webp","2400","1602","webp","630087587fc377148cbe250825cc578ef6757c5fdd76260c67f43fa8ac1e5ad3","pexels:28964677","3","true","Important content image","Locked homepage: preserve; inherited duplicate reported"
"/images/civil-contractor-dubai-construction-site.webp","/","Our Construction Services / Civil Contracting","card","civil-contractor-dubai-construction-site.webp","900","540","webp","284f2e21bc038689c02e9cb8e7b71ecf72e6e01f6dc6bf6bafafdb95a7d0fe4a","unsplash:photo-1541888946425-d81bb19240f5","16","true","Important content image","Locked homepage: preserve; inherited duplicate reported"
"/images/warehouse-construction-dubai.webp","/","Our Construction Services / Warehouse Construction","card","warehouse-construction-dubai.webp","900","600","webp","eacbd2ee3f27f0551237b9058e70ded86faf84123c9d6849da3e458ba9710aad","unsplash:photo-1649587345666-0f4ad68aa723","19","true","Important content image","Locked homepage: preserve; inherited duplicate reported"
"/images/mep-civil-contracting-dubai.webp","/","Our Construction Services / Turnkey Construction","card","mep-civil-contracting-dubai.webp","900","600","webp","631a0ff8f5d889c6af05723622a33a130e72fd8c1a57ebde9ecbcadad31b0416","unsplash:photo-1662120399978-738d233edbec","98","true","Important content image","Locked homepage: preserve; inherited duplicate reported"
"/images/dubai-authority-approval-contractor.webp","/","Our Construction Services / Building Approval Services","card","dubai-authority-approval-contractor.webp","900","540","webp","34319ff4b42feb47e6ef2ad74cde8db22fab2366ce73aef42a09eaecdd71d33c","unsplash:photo-1608303588026-884930af2559","95","true","Important content image","Locked homepage: preserve; inherited duplicate reported"
"/images/commercial-fit-out-contractor-dubai.webp","/","Our Construction Services / Renovation & Fit-Out","card","commercial-fit-out-contractor-dubai.webp","900","540","webp","d21b1f124fa85d7af966d7ca4520df2ec803b87e3e0d9b2ce14652273fdddf37","unsplash:photo-1554232456-8727aae0cfa4","4","true","Important content image","Locked homepage: preserve; inherited duplicate reported"
"/images/building-contractor-dubai-construction-site.webp","/","Our Construction Services / Main Contracting","card","building-contractor-dubai-construction-site.webp","900","620","webp","85cd2725710dbab5a31cf183680f732481fa920e1337afdc1846e138e5773eb0","unsplash:photo-1742112125567-3e8967bad60f","196","true","Important content image","Locked homepage: preserve; inherited duplicate reported"
"/images/project-civil-works-dubai.webp","/","Complete Construction & Contracting Solutions in Dubai","content image","project-civil-works-dubai.webp","1600","900","webp","2fa083758c877bf924e39e85e8b4fd9ac01928098c8cf8e29bf9e38f15241774","unsplash:photo-1504307651254-35680f356dfd","16","true","Important content image","Locked homepage: preserve; inherited duplicate reported"
"/images/project-warehouse-industrial-dubai.webp","/","Industries We Serve / Warehousing & Logistics","card","project-warehouse-industrial-dubai.webp","1600","1067","webp","e4ef2024be4b8171e52da5857e3bf5568b5a04ee5a3ca041c5d30a1560ac9940","unsplash:photo-1592085198739-ffcad7f36b54","89","true","Important content image","Locked homepage: preserve; inherited duplicate reported"
"/images/project-office-fit-out-dubai.webp","/","Industries We Serve / Commercial Buildings","card","project-office-fit-out-dubai.webp","1600","1067","webp","8da3f6a2e8cd71f69f0517194f7161c30201c1cd8a191248107778a771e6b1c9","unsplash:photo-1504297050568-910d24c426d3","22","true","Important content image","Locked homepage: preserve; inherited duplicate reported"
"/images/mep-civil-contracting-dubai.webp","/","Industries We Serve / Industrial Facilities","card","mep-civil-contracting-dubai.webp","900","600","webp","631a0ff8f5d889c6af05723622a33a130e72fd8c1a57ebde9ecbcadad31b0416","unsplash:photo-1662120399978-738d233edbec","98","true","Important content image","Locked homepage: preserve; inherited duplicate reported"
"/images/project-commercial-renovation-dubai.webp","/","Industries We Serve / Retail & Business Spaces","card","project-commercial-renovation-dubai.webp","1600","1067","webp","2324ce7af4bd74b13d25bb3ceaa3160d6a8036b84fb3b8fa5c30049b08398a52","unsplash:photo-1739700712159-550519327ca7","7","true","Important content image","Locked homepage: preserve; inherited duplicate reported"
"/images/warehouse-construction-dubai.webp","/","The Details Behind Well-Built Spaces","section photograph","warehouse-construction-dubai.webp","900","600","webp","eacbd2ee3f27f0551237b9058e70ded86faf84123c9d6849da3e458ba9710aad","unsplash:photo-1649587345666-0f4ad68aa723","19","true","Important content image","Locked homepage: preserve; inherited duplicate reported"
"/images/project-office-fit-out-dubai.webp","/","The Details Behind Well-Built Spaces","section photograph","project-office-fit-out-dubai.webp","1600","1067","webp","8da3f6a2e8cd71f69f0517194f7161c30201c1cd8a191248107778a771e6b1c9","unsplash:photo-1504297050568-910d24c426d3","22","true","Important content image","Locked homepage: preserve; inherited duplicate reported"
"/images/civil-contractor-dubai-construction-site.webp","/","Construction Blog & Insights","card","civil-contractor-dubai-construction-site.webp","900","540","webp","284f2e21bc038689c02e9cb8e7b71ecf72e6e01f6dc6bf6bafafdb95a7d0fe4a","unsplash:photo-1541888946425-d81bb19240f5","16","true","Important content image","Locked homepage: preserve; inherited duplicate reported"
"/images/dubai-authority-approval-contractor.webp","/","Construction Blog & Insights","card","dubai-authority-approval-contractor.webp","900","540","webp","34319ff4b42feb47e6ef2ad74cde8db22fab2366ce73aef42a09eaecdd71d33c","unsplash:photo-1608303588026-884930af2559","95","true","Important content image","Locked homepage: preserve; inherited duplicate reported"
"/images/warehouse-construction-dubai.webp","/","Construction Blog & Insights","card","warehouse-construction-dubai.webp","900","600","webp","eacbd2ee3f27f0551237b9058e70ded86faf84123c9d6849da3e458ba9710aad","unsplash:photo-1649587345666-0f4ad68aa723","19","true","Important content image","Locked homepage: preserve; inherited duplicate reported"
"/images/emitronix-logo.png","/industrial-buildings","header","card","emitronix-logo.png","1728","404","png","0c588c75d70f3ec952c8f687709cd1eb2fb573955d446b39d6f7a1c6c625e08d","/images/emitronix-logo","516","false","Logo/brand asset","Retain permitted shared brand/UI asset"
"/images/emitronix-logo.png","/industrial-buildings","Bring engineering clarity to your next Dubai build.","content image","emitronix-logo.png","1728","404","png","0c588c75d70f3ec952c8f687709cd1eb2fb573955d446b39d6f7a1c6c625e08d","/images/emitronix-logo","516","false","Logo/brand asset","Retain permitted shared brand/UI asset"
"/images/unique/pexels-236709.webp","/industrial-buildings","Industrial Buildings Dubai","hero","pexels-236709.webp","1600","858","webp","84639a88c6edc47bc245d3a041f1521ca86d60fe2144bd96d32383d99f2daddd","pexels:236709","1","false","Important content image","Retain unique image"
"/images/unique/pexels-12951624.webp","/industrial-buildings","Industrial Buildings: scope and approach","section photograph","pexels-12951624.webp","1067","1600","webp","e35d55af203963dbe28d81790b82f4d9b1d284a82de06061fb38e815ef527e9a","pexels:12951624","1","false","Important content image","Retain unique image"
"/images/unique/pexels-36003983.webp","/industrial-buildings","How we approach industrial","section photograph","pexels-36003983.webp","1600","1068","webp","020bf81c4e4cb66fb7227fd1061468c1a7ea265806410acb3b4d12a72eaf7027","pexels:36003983","1","false","Important content image","Retain unique image"
"/images/unique/pexels-36003978.webp","/industrial-buildings","Resolve the technical scope before work starts","section photograph","pexels-36003978.webp","1069","1600","webp","ad0280988e2434d32b7a405369f2c033ac575655abcc93390572db7cc06054bc","pexels:36003978","1","false","Important content image","Retain unique image"
"/images/unique/pexels-12171800.webp","/industrial-buildings","Request industrial consultation.","section photograph","pexels-12171800.webp","1600","1067","webp","3d8ff85e33237e6550d98f1fc1817bd081c3c8eae657d3f3d6e07cace5111c50","pexels:12171800","1","false","Important content image","Retain unique image"
"/images/emitronix-logo.png","/industries","header","card","emitronix-logo.png","1728","404","png","0c588c75d70f3ec952c8f687709cd1eb2fb573955d446b39d6f7a1c6c625e08d","/images/emitronix-logo","516","false","Logo/brand asset","Retain permitted shared brand/UI asset"
"/images/emitronix-logo.png","/industries","Bring engineering clarity to your next Dubai build.","content image","emitronix-logo.png","1728","404","png","0c588c75d70f3ec952c8f687709cd1eb2fb573955d446b39d6f7a1c6c625e08d","/images/emitronix-logo","516","false","Logo/brand asset","Retain permitted shared brand/UI asset"
"/images/generated/company/dubai-construction-industries-hero-desktop.webp","/industries","Built for Dubai's real estate, logistics and commercial economy.","hero","dubai-construction-industries-hero-desktop.webp","1920","1080","webp","8929c2569173195bebc99b9d3162b2787a51d53390daad111c7a19fa6cb77894","/images/generated/company/dubai-construction-industries-hero","2","true","Important content image","Missing distinct real replacement; inherited duplicate retained pending suitable photograph"
"/images/project-civil-works-dubai.webp","/industries","Construction categories that need disciplined coordination.","section photograph","project-civil-works-dubai.webp","1600","900","webp","2fa083758c877bf924e39e85e8b4fd9ac01928098c8cf8e29bf9e38f15241774","unsplash:photo-1504307651254-35680f356dfd","16","true","Important content image","Missing distinct real replacement; inherited duplicate retained pending suitable photograph"
"/images/project-authority-approvals-dubai.webp","/industries","From private villas to authority-controlled commercial environments.","section photograph","project-authority-approvals-dubai.webp","1600","1067","webp","9e6a366db121844fa3314f16050b33b077dcbcad8db4e5e18f35732dd43d074e","unsplash:photo-1581674662583-5e89b374fae6","172","true","Important content image","Missing distinct real replacement; inherited duplicate retained pending suitable photograph"
"/images/internal/project-site-coordination.webp","/industries","Page content","section photograph","project-site-coordination.webp","1920","1280","webp","cd9197528dbb538734f8115efdca5952004cce0152888935f914030a997fbd69","unsplash:photo-1742112125567-3e8967bad60f","196","true","Important content image","Missing distinct real replacement; inherited duplicate retained pending suitable photograph"
"/images/project-office-fit-out-dubai.webp","/industries","Page content","section photograph","project-office-fit-out-dubai.webp","1600","1067","webp","8da3f6a2e8cd71f69f0517194f7161c30201c1cd8a191248107778a771e6b1c9","unsplash:photo-1504297050568-910d24c426d3","22","true","Important content image","Missing distinct real replacement; inherited duplicate retained pending suitable photograph"
"/images/emitronix-logo.png","/interior","header","card","emitronix-logo.png","1728","404","png","0c588c75d70f3ec952c8f687709cd1eb2fb573955d446b39d6f7a1c6c625e08d","/images/emitronix-logo","516","false","Logo/brand asset","Retain permitted shared brand/UI asset"
"/images/emitronix-logo.png","/interior","Bring engineering clarity to your next Dubai build.","content image","emitronix-logo.png","1728","404","png","0c588c75d70f3ec952c8f687709cd1eb2fb573955d446b39d6f7a1c6c625e08d","/images/emitronix-logo","516","false","Logo/brand asset","Retain permitted shared brand/UI asset"
"/images/unique/pexels-6794926.webp","/interior","Interior Fit-Out Dubai","hero","pexels-6794926.webp","1600","1091","webp","0a0b1b8924562bb0db63d3be3da36996c16ac2f391637b93d9ce5506c11674ea","pexels:6794926","1","false","Important content image","Retain unique image"
"/images/unique/pexels-8353767.webp","/interior","Interior Fit-Out: scope and approach","section photograph","pexels-8353767.webp","1600","1068","webp","67737f98575ec6b2fb0d7e6557df1876f173c189be88e3ed5d937e35c92a247f","pexels:8353767","1","false","Important content image","Retain unique image"
"/images/unique/pexels-5511130.webp","/interior","How we approach interior","section photograph","pexels-5511130.webp","1600","1067","webp","2cb10203060d7bd6a77fa39d77eb05c39c87309fdca704d5b16b6ae103c660a2","pexels:5511130","1","false","Important content image","Retain unique image"
"/images/unique/pexels-7534179.webp","/interior","Resolve the technical scope before work starts","section photograph","pexels-7534179.webp","1600","1068","webp","840c03a56536b7e0eecd5e0f2b532b21e31392ccb68937ff06a42dbc34cf23e0","pexels:7534179","1","false","Important content image","Retain unique image"
"/images/unique/pexels-7688084.webp","/interior","Request interior consultation.","section photograph","pexels-7688084.webp","1600","1200","webp","006b3e3be57851d9d74c019bcff39f234477f7460760fb573a7c456c537e7469","pexels:7688084","1","false","Important content image","Retain unique image"
"/images/emitronix-logo.png","/leadership","header","card","emitronix-logo.png","1728","404","png","0c588c75d70f3ec952c8f687709cd1eb2fb573955d446b39d6f7a1c6c625e08d","/images/emitronix-logo","516","false","Logo/brand asset","Retain permitted shared brand/UI asset"
"/images/emitronix-logo.png","/leadership","Bring engineering clarity to your next Dubai build.","content image","emitronix-logo.png","1728","404","png","0c588c75d70f3ec952c8f687709cd1eb2fb573955d446b39d6f7a1c6c625e08d","/images/emitronix-logo","516","false","Logo/brand asset","Retain permitted shared brand/UI asset"
"/images/generated/team/engineering-leadership-site-review-desktop.webp","/leadership","Leadership identity with clear publication boundaries.","hero","engineering-leadership-site-review-desktop.webp","1600","1067","webp","69e26f6704bf981195bf8067aae85a04b011687a3068c67b917f2534166cd2b5","/images/generated/team/engineering-leadership-site-review","1","false","Important content image","Retain unique image"
"/images/about-construction-coordination-dubai.webp","/leadership","Leadership identity with clear publication boundaries.","hero","about-construction-coordination-dubai.webp","1600","2133","webp","32b588327dd59d767b594c70a5c01e868abc9f1e34c413fb6a5e497734902e53","unsplash:photo-1626885930974-4b69aa21bbf9","11","true","Important content image","Missing distinct real replacement; inherited duplicate retained pending suitable photograph"
"/images/project-authority-approvals-dubai.webp","/leadership","Leadership identity with clear publication boundaries.","hero","project-authority-approvals-dubai.webp","1600","1067","webp","9e6a366db121844fa3314f16050b33b077dcbcad8db4e5e18f35732dd43d074e","unsplash:photo-1581674662583-5e89b374fae6","172","true","Important content image","Missing distinct real replacement; inherited duplicate retained pending suitable photograph"
"/images/about-civil-works-dubai.webp","/leadership","How construction delivery responsibilities are grouped.","section photograph","about-civil-works-dubai.webp","1600","1067","webp","b4d5719f34c7a9ea5266cdf489cdcd23144d511d0737398104222f6c4fe04583","unsplash:photo-1742112125630-dd2955dd6120","11","true","Important content image","Missing distinct real replacement; inherited duplicate retained pending suitable photograph"
"/images/internal/architectural-drawing-review.webp","/leadership","Function titles are not staff biographies.","section photograph","architectural-drawing-review.webp","1920","2768","webp","0242bd81c319b862ae61dd9d38bc8e4d8212b5ba25e6907ca56c07b1bf998804","unsplash:photo-1608303588026-884930af2559","95","true","Important content image","Missing distinct real replacement; inherited duplicate retained pending suitable photograph"
"/images/internal/project-site-coordination.webp","/leadership","Move from people and functions to verified company facts.","section photograph","project-site-coordination.webp","1920","1280","webp","cd9197528dbb538734f8115efdca5952004cce0152888935f914030a997fbd69","unsplash:photo-1742112125567-3e8967bad60f","196","true","Important content image","Missing distinct real replacement; inherited duplicate retained pending suitable photograph"
"/images/emitronix-logo.png","/locations","header","card","emitronix-logo.png","1728","404","png","0c588c75d70f3ec952c8f687709cd1eb2fb573955d446b39d6f7a1c6c625e08d","/images/emitronix-logo","516","false","Logo/brand asset","Retain permitted shared brand/UI asset"
"/images/emitronix-logo.png","/locations","Bring engineering clarity to your next Dubai build.","content image","emitronix-logo.png","1728","404","png","0c588c75d70f3ec952c8f687709cd1eb2fb573955d446b39d6f7a1c6c625e08d","/images/emitronix-logo","516","false","Logo/brand asset","Retain permitted shared brand/UI asset"
"/images/dubai-building-contracting-company.webp","/locations","A business location is not the same as a project service area.","section photograph","dubai-building-contracting-company.webp","1920","900","webp","3aa20716078a67642582c18266da0647b5eae97097d8146c87ce918d8627c3e1","unsplash:photo-1617018628636-6f3f5dcda7b1","2","true","Important content image","Reserve this source here; replace its other duplicated placements"
"/images/home/dubai-marina-residences.webp","/locations","A business location is not the same as a project service area.","section photograph","dubai-marina-residences.webp","2400","1600","webp","20491365562eaf8944e320c5f9ef79230e55f4a2a06934cecbeae009d1af2100","pexels:4491949","2","true","Important content image","Reserve this source here; replace its other duplicated placements"
"/images/home/dubai-jbr-residences.webp","/locations","Dubai","section photograph","dubai-jbr-residences.webp","2400","1600","webp","43b45c6e4b65df65d50e707a87c1b66f11e1816345c5bcee499e9ff367cfa39c","pexels:30445927","2","true","Important content image","Reserve this source here; replace its other duplicated placements"
"/images/home/dubai-hills-construction.webp","/locations","Dubai","section photograph","dubai-hills-construction.webp","1920","1080","webp","22ade8968cd58455509912dc98e0dfc7dd2c179288b5af6b7964925a6b48443a","unsplash:photo-1588757470003-419f6a827196","3","true","Important content image","Missing distinct real replacement; inherited duplicate retained pending suitable photograph"
"/images/home/dubai-commercial-towers.webp","/locations","What confirms whether a project can be considered?","section photograph","dubai-commercial-towers.webp","2400","1600","webp","4d1ff9861696c8f582c78299898b503e13d54facedfc8408d4c9f7c27d5f7563","pexels:14309391","7","true","Important content image","Missing distinct real replacement; inherited duplicate retained pending suitable photograph"
"/images/emitronix-logo.png","/locations/dubai","header","card","emitronix-logo.png","1728","404","png","0c588c75d70f3ec952c8f687709cd1eb2fb573955d446b39d6f7a1c6c625e08d","/images/emitronix-logo","516","false","Logo/brand asset","Retain permitted shared brand/UI asset"
"/images/emitronix-logo.png","/locations/dubai","Bring engineering clarity to your next Dubai build.","content image","emitronix-logo.png","1728","404","png","0c588c75d70f3ec952c8f687709cd1eb2fb573955d446b39d6f7a1c6c625e08d","/images/emitronix-logo","516","false","Logo/brand asset","Retain permitted shared brand/UI asset"
"/images/dubai-building-contracting-company.webp","/locations/dubai","Verified Dubai business information","section photograph","dubai-building-contracting-company.webp","1920","900","webp","3aa20716078a67642582c18266da0647b5eae97097d8146c87ce918d8627c3e1","unsplash:photo-1617018628636-6f3f5dcda7b1","2","true","Important content image","Missing distinct real replacement; inherited duplicate retained pending suitable photograph"
"/images/home/dubai-marina-residences.webp","/locations/dubai","The correct Dubai route depends on more than a city name.","section photograph","dubai-marina-residences.webp","2400","1600","webp","20491365562eaf8944e320c5f9ef79230e55f4a2a06934cecbeae009d1af2100","pexels:4491949","2","true","Important content image","Missing distinct real replacement; inherited duplicate retained pending suitable photograph"
"/images/home/dubai-jbr-residences.webp","/locations/dubai","Choose a service by scope, then confirm the interfaces.","section photograph","dubai-jbr-residences.webp","2400","1600","webp","43b45c6e4b65df65d50e707a87c1b66f11e1816345c5bcee499e9ff367cfa39c","pexels:30445927","2","true","Important content image","Missing distinct real replacement; inherited duplicate retained pending suitable photograph"
"/images/home/dubai-hills-construction.webp","/locations/dubai","From location to a defined next step.","section photograph","dubai-hills-construction.webp","1920","1080","webp","22ade8968cd58455509912dc98e0dfc7dd2c179288b5af6b7964925a6b48443a","unsplash:photo-1588757470003-419f6a827196","3","true","Important content image","Missing distinct real replacement; inherited duplicate retained pending suitable photograph"
"/images/home/dubai-commercial-towers.webp","/locations/dubai","Clear location answers without unsupported claims.","section photograph","dubai-commercial-towers.webp","2400","1600","webp","4d1ff9861696c8f582c78299898b503e13d54facedfc8408d4c9f7c27d5f7563","pexels:14309391","7","true","Important content image","Missing distinct real replacement; inherited duplicate retained pending suitable photograph"
"/images/emitronix-logo.png","/main-contracting","header","card","emitronix-logo.png","1728","404","png","0c588c75d70f3ec952c8f687709cd1eb2fb573955d446b39d6f7a1c6c625e08d","/images/emitronix-logo","516","false","Logo/brand asset","Retain permitted shared brand/UI asset"
"/images/emitronix-logo.png","/main-contracting","Bring engineering clarity to your next Dubai build.","content image","emitronix-logo.png","1728","404","png","0c588c75d70f3ec952c8f687709cd1eb2fb573955d446b39d6f7a1c6c625e08d","/images/emitronix-logo","516","false","Logo/brand asset","Retain permitted shared brand/UI asset"
"/images/unique/pexels-544971.webp","/main-contracting","Main Contracting Dubai","hero","pexels-544971.webp","1600","1067","webp","b34382719d0a44742c12e4bb46ee1b66dbba6abc7f965a1736fea787173eeae0","pexels:544971","1","false","Important content image","Retain unique image"
"/images/unique/pexels-9370034.webp","/main-contracting","Main Contracting: scope and approach","section photograph","pexels-9370034.webp","1600","1067","webp","6b7bba7927ca7c56642e12cbc4f0b2d246939cd649e71563bf2bbea61e8479aa","pexels:9370034","1","false","Important content image","Retain unique image"
"/images/unique/pexels-15225447.webp","/main-contracting","How we approach main contractor","section photograph","pexels-15225447.webp","1062","1600","webp","33c5394c802473ef108dc6278019dd449d2f9e95eb1799e52ac3a4aa8ebe3307","pexels:15225447","1","false","Important content image","Retain unique image"
"/images/unique/pexels-7108779.webp","/main-contracting","Resolve the technical scope before work starts","section photograph","pexels-7108779.webp","1067","1600","webp","d0492a765800f5f0d3d58aacf1750849312ea456cdbde647de13352c653ada42","pexels:7108779","1","false","Important content image","Retain unique image"
"/images/unique/pexels-5505119.webp","/main-contracting","Request main contractor consultation.","section photograph","pexels-5505119.webp","1600","1067","webp","ad6f8ab5992d9780d0eb690455c6cfcb1598a907c4de2f4818898fefd2148164","pexels:5505119","1","false","Important content image","Retain unique image"
"/images/emitronix-logo.png","/project-management","header","card","emitronix-logo.png","1728","404","png","0c588c75d70f3ec952c8f687709cd1eb2fb573955d446b39d6f7a1c6c625e08d","/images/emitronix-logo","516","false","Logo/brand asset","Retain permitted shared brand/UI asset"
"/images/emitronix-logo.png","/project-management","Bring engineering clarity to your next Dubai build.","content image","emitronix-logo.png","1728","404","png","0c588c75d70f3ec952c8f687709cd1eb2fb573955d446b39d6f7a1c6c625e08d","/images/emitronix-logo","516","false","Logo/brand asset","Retain permitted shared brand/UI asset"
"/images/unique/pexels-9617889.webp","/project-management","Project Management Dubai","hero","pexels-9617889.webp","1600","1067","webp","eebf6949817e2136649f7c0e3ef881365e67e93eb62cb2290a2ff0e057357587","pexels:9617889","1","false","Important content image","Retain unique image"
"/images/about-construction-coordination-dubai.webp","/project-management","Project Management: scope and approach","section photograph","about-construction-coordination-dubai.webp","1600","2133","webp","32b588327dd59d767b594c70a5c01e868abc9f1e34c413fb6a5e497734902e53","unsplash:photo-1626885930974-4b69aa21bbf9","11","true","Important content image","Missing distinct real replacement; inherited duplicate retained pending suitable photograph"
"/images/project-authority-approvals-dubai.webp","/project-management","How we approach pm","section photograph","project-authority-approvals-dubai.webp","1600","1067","webp","9e6a366db121844fa3314f16050b33b077dcbcad8db4e5e18f35732dd43d074e","unsplash:photo-1581674662583-5e89b374fae6","172","true","Important content image","Missing distinct real replacement; inherited duplicate retained pending suitable photograph"
"/images/about-civil-works-dubai.webp","/project-management","Resolve the technical scope before work starts","section photograph","about-civil-works-dubai.webp","1600","1067","webp","b4d5719f34c7a9ea5266cdf489cdcd23144d511d0737398104222f6c4fe04583","unsplash:photo-1742112125630-dd2955dd6120","11","true","Important content image","Missing distinct real replacement; inherited duplicate retained pending suitable photograph"
"/images/internal/architectural-drawing-review.webp","/project-management","Request pm consultation.","section photograph","architectural-drawing-review.webp","1920","2768","webp","0242bd81c319b862ae61dd9d38bc8e4d8212b5ba25e6907ca56c07b1bf998804","unsplash:photo-1608303588026-884930af2559","95","true","Important content image","Missing distinct real replacement; inherited duplicate retained pending suitable photograph"
"/images/emitronix-logo.png","/projects","header","card","emitronix-logo.png","1728","404","png","0c588c75d70f3ec952c8f687709cd1eb2fb573955d446b39d6f7a1c6c625e08d","/images/emitronix-logo","516","false","Logo/brand asset","Retain permitted shared brand/UI asset"
"/images/emitronix-logo.png","/projects","Bring engineering clarity to your next Dubai build.","content image","emitronix-logo.png","1728","404","png","0c588c75d70f3ec952c8f687709cd1eb2fb573955d446b39d6f7a1c6c625e08d","/images/emitronix-logo","516","false","Logo/brand asset","Retain permitted shared brand/UI asset"
"/images/generated/projects/portfolio-planning-dubai-hero-desktop.webp","/projects","Construction scope planning scenarios","hero","portfolio-planning-dubai-hero-desktop.webp","1920","1080","webp","b1871ea9eebe6066729f2daa0cd405434dbf7064add09356529d188ab2875c60","/images/generated/projects/portfolio-planning-dubai-hero","2","true","Important content image","Missing distinct real replacement; inherited duplicate retained pending suitable photograph"
"/images/generated/projects/villa-renovation-planning-dubai-desktop.webp","/projects","Illustrative Dubai project-planning scenarios. / Villa renovation planning scenario","card","villa-renovation-planning-dubai-desktop.webp","1600","1067","webp","b60289583df76f7d68ee603b8cf0eeed30fb9bec801c2aac391d588008d799cb","/images/generated/projects/villa-renovation-planning-dubai","2","true","Important content image","Missing distinct real replacement; inherited duplicate retained pending suitable photograph"
"/images/generated/projects/warehouse-civil-mep-upgrade-planning-dubai-desktop.webp","/projects","Illustrative Dubai project-planning scenarios. / Warehouse civil and MEP planning scenario","card","warehouse-civil-mep-upgrade-planning-dubai-desktop.webp","1600","1067","webp","be6af4c841edae8c2caad3a5edf5b954011f9371a3c0538070b66826271be18d","/images/generated/projects/warehouse-civil-mep-upgrade-planning-dubai","2","true","Important content image","Missing distinct real replacement; inherited duplicate retained pending suitable photograph"
"/images/generated/projects/commercial-office-fit-out-planning-dubai-desktop.webp","/projects","Illustrative Dubai project-planning scenarios. / Commercial office fit-out planning scenario","card","commercial-office-fit-out-planning-dubai-desktop.webp","1600","1067","webp","2b1a2609de1d9697b44022814f15fb329a8928f772eaee3488c3cff98c38c7a0","/images/generated/projects/commercial-office-fit-out-planning-dubai","2","true","Important content image","Missing distinct real replacement; inherited duplicate retained pending suitable photograph"
"/images/generated/projects/building-maintenance-inspection-planning-dubai-desktop.webp","/projects","Illustrative Dubai project-planning scenarios. / Building maintenance planning scenario","card","building-maintenance-inspection-planning-dubai-desktop.webp","1600","1067","webp","bf46dc62824a478ef4ad44e1f0948768241299064b9d57a1cfb2caf0087ec3c6","/images/generated/projects/building-maintenance-inspection-planning-dubai","2","true","Important content image","Missing distinct real replacement; inherited duplicate retained pending suitable photograph"
"/images/generated/projects/utility-approval-coordination-planning-dubai-desktop.webp","/projects","Illustrative Dubai project-planning scenarios. / Utility approval coordination scenario","card","utility-approval-coordination-planning-dubai-desktop.webp","1600","1067","webp","d2a9761c872e7652d86e1f832b0f637372daa1ce4ffc809b7d23e63b9efc4cbf","/images/generated/projects/utility-approval-coordination-planning-dubai","2","true","Important content image","Missing distinct real replacement; inherited duplicate retained pending suitable photograph"
"/images/generated/projects/retail-renovation-planning-dubai-desktop.webp","/projects","Illustrative Dubai project-planning scenarios. / Retail renovation planning scenario","card","retail-renovation-planning-dubai-desktop.webp","1600","1067","webp","ac8c5a40cf1fa4ac01b1b625a14838d308365d687bdafce9cd6bdb65d8ed0d75","/images/generated/projects/retail-renovation-planning-dubai","2","true","Important content image","Missing distinct real replacement; inherited duplicate retained pending suitable photograph"
"/images/generated/projects/industrial-facility-modification-planning-dubai-desktop.webp","/projects","Illustrative Dubai project-planning scenarios. / Industrial facility modification scenario","card","industrial-facility-modification-planning-dubai-desktop.webp","1600","1067","webp","d2144b0a76643b22dd6f8c364de79d8c1cd57e58c0f8dcdf7c4d2bbe9d75b505","/images/generated/projects/industrial-facility-modification-planning-dubai","2","true","Important content image","Missing distinct real replacement; inherited duplicate retained pending suitable photograph"
"/images/generated/projects/mep-interface-coordination-planning-dubai-desktop.webp","/projects","Illustrative Dubai project-planning scenarios. / MEP interface coordination scenario","card","mep-interface-coordination-planning-dubai-desktop.webp","1600","1067","webp","f87653c89f21b2358cb28e761d1e968b2ec3a4b0ae1ccfa3f87befc141c1565a","/images/generated/projects/mep-interface-coordination-planning-dubai","2","true","Important content image","Missing distinct real replacement; inherited duplicate retained pending suitable photograph"
"/images/generated/projects/authority-noc-coordination-planning-dubai-desktop.webp","/projects","Illustrative Dubai project-planning scenarios. / Authority and NOC coordination scenario","card","authority-noc-coordination-planning-dubai-desktop.webp","1600","1067","webp","47a2ce6bd2991096cb1baefa70915015a6345a9034c6ab454cc5ea774a3eead5","/images/generated/projects/authority-noc-coordination-planning-dubai","2","true","Important content image","Missing distinct real replacement; inherited duplicate retained pending suitable photograph"
"/images/generated/projects/civil-repair-maintenance-planning-dubai-desktop.webp","/projects","Illustrative Dubai project-planning scenarios. / Civil repair and maintenance scenario","card","civil-repair-maintenance-planning-dubai-desktop.webp","1600","1067","webp","48b69145a58996d352eb17ee3d871fe8a207ef8e6053763ffd8f2ffbe0a07119","/images/generated/projects/civil-repair-maintenance-planning-dubai","1","false","Important content image","Retain unique image"
"/images/emitronix-logo.png","/resources","header","card","emitronix-logo.png","1728","404","png","0c588c75d70f3ec952c8f687709cd1eb2fb573955d446b39d6f7a1c6c625e08d","/images/emitronix-logo","516","false","Logo/brand asset","Retain permitted shared brand/UI asset"
"/images/emitronix-logo.png","/resources","Bring engineering clarity to your next Dubai build.","content image","emitronix-logo.png","1728","404","png","0c588c75d70f3ec952c8f687709cd1eb2fb573955d446b39d6f7a1c6c625e08d","/images/emitronix-logo","516","false","Logo/brand asset","Retain permitted shared brand/UI asset"
"/images/generated/company/construction-technical-resources-dubai-hero-desktop.webp","/resources","Practical construction and engineering knowledge for Dubai projects.","hero","construction-technical-resources-dubai-hero-desktop.webp","1920","1080","webp","687ee7e61ebd0b48450bd9f53b571367cb29645016975e0b27674ba18704a4a9","/images/generated/company/construction-technical-resources-dubai-hero","6","true","Important content image","Missing distinct real replacement; inherited duplicate retained pending suitable photograph"
"/images/project-civil-works-dubai.webp","/resources","Find the context behind the next project decision.","section photograph","project-civil-works-dubai.webp","1600","900","webp","2fa083758c877bf924e39e85e8b4fd9ac01928098c8cf8e29bf9e38f15241774","unsplash:photo-1504307651254-35680f356dfd","16","true","Important content image","Missing distinct real replacement; inherited duplicate retained pending suitable photograph"
"/images/project-authority-approvals-dubai.webp","/resources","Detailed scope pages.","section photograph","project-authority-approvals-dubai.webp","1600","1067","webp","9e6a366db121844fa3314f16050b33b077dcbcad8db4e5e18f35732dd43d074e","unsplash:photo-1581674662583-5e89b374fae6","172","true","Important content image","Missing distinct real replacement; inherited duplicate retained pending suitable photograph"
"/images/internal/project-site-coordination.webp","/resources","Detailed scope pages.","section photograph","project-site-coordination.webp","1920","1280","webp","cd9197528dbb538734f8115efdca5952004cce0152888935f914030a997fbd69","unsplash:photo-1742112125567-3e8967bad60f","196","true","Important content image","Missing distinct real replacement; inherited duplicate retained pending suitable photograph"
"/images/project-office-fit-out-dubai.webp","/resources","Page content","section photograph","project-office-fit-out-dubai.webp","1600","1067","webp","8da3f6a2e8cd71f69f0517194f7161c30201c1cd8a191248107778a771e6b1c9","unsplash:photo-1504297050568-910d24c426d3","22","true","Important content image","Missing distinct real replacement; inherited duplicate retained pending suitable photograph"
"/images/emitronix-logo.png","/rta-approval","header","card","emitronix-logo.png","1728","404","png","0c588c75d70f3ec952c8f687709cd1eb2fb573955d446b39d6f7a1c6c625e08d","/images/emitronix-logo","516","false","Logo/brand asset","Retain permitted shared brand/UI asset"
"/images/emitronix-logo.png","/rta-approval","Bring engineering clarity to your next Dubai build.","content image","emitronix-logo.png","1728","404","png","0c588c75d70f3ec952c8f687709cd1eb2fb573955d446b39d6f7a1c6c625e08d","/images/emitronix-logo","516","false","Logo/brand asset","Retain permitted shared brand/UI asset"
"/images/internal/roadworks-asphalt.webp","/rta-approval","RTA Approval Services in Dubai","hero","roadworks-asphalt.webp","1920","1280","webp","fb2594fe62c0d3fe984bddfa5bd0a5bcd5cc5ffb98b723298954898d9a7fa07e","pexels:4575148","2","true","Important content image","Missing distinct real replacement; inherited duplicate retained pending suitable photograph"
"/images/internal/architectural-drawing-review.webp","/rta-approval","Road-interface approval starts with real vehicle and work-zone movements.","section photograph","architectural-drawing-review.webp","1920","2768","webp","0242bd81c319b862ae61dd9d38bc8e4d8212b5ba25e6907ca56c07b1bf998804","unsplash:photo-1608303588026-884930af2559","95","true","Important content image","Missing distinct real replacement; inherited duplicate retained pending suitable photograph"
"/images/civil-contractor-dubai-construction-site.webp","/rta-approval","Prepare the submission records","section photograph","civil-contractor-dubai-construction-site.webp","900","540","webp","284f2e21bc038689c02e9cb8e7b71ecf72e6e01f6dc6bf6bafafdb95a7d0fe4a","unsplash:photo-1541888946425-d81bb19240f5","16","true","Important content image","Missing distinct real replacement; inherited duplicate retained pending suitable photograph"
"/images/internal/project-site-coordination.webp","/rta-approval","What can delay RTA Approval","section photograph","project-site-coordination.webp","1920","1280","webp","cd9197528dbb538734f8115efdca5952004cce0152888935f914030a997fbd69","unsplash:photo-1742112125567-3e8967bad60f","196","true","Important content image","Missing distinct real replacement; inherited duplicate retained pending suitable photograph"
"/images/project-authority-approvals-dubai.webp","/rta-approval","Request RTA Approval support.","section photograph","project-authority-approvals-dubai.webp","1600","1067","webp","9e6a366db121844fa3314f16050b33b077dcbcad8db4e5e18f35732dd43d074e","unsplash:photo-1581674662583-5e89b374fae6","172","true","Important content image","Missing distinct real replacement; inherited duplicate retained pending suitable photograph"
"/images/emitronix-logo.png","/services","header","card","emitronix-logo.png","1728","404","png","0c588c75d70f3ec952c8f687709cd1eb2fb573955d446b39d6f7a1c6c625e08d","/images/emitronix-logo","516","false","Logo/brand asset","Retain permitted shared brand/UI asset"
"/images/emitronix-logo.png","/services","Bring engineering clarity to your next Dubai build.","content image","emitronix-logo.png","1728","404","png","0c588c75d70f3ec952c8f687709cd1eb2fb573955d446b39d6f7a1c6c625e08d","/images/emitronix-logo","516","false","Logo/brand asset","Retain permitted shared brand/UI asset"
"/images/generated/services/construction-services-dubai-hero-desktop.webp","/services","A complete construction platform for Dubai projects.","hero","construction-services-dubai-hero-desktop.webp","1920","1080","webp","6c5b7493bdf0897a531c189f3edfbaae47978550b6eb6771a662b4c6485f791a","/images/generated/services/construction-services-dubai-hero","2","true","Important content image","Missing distinct real replacement; inherited duplicate retained pending suitable photograph"
"/images/project-civil-works-dubai.webp","/services","Civil, main contracting, warehouse, villa and fit-out scopes with visible responsibilities.","section photograph","project-civil-works-dubai.webp","1600","900","webp","2fa083758c877bf924e39e85e8b4fd9ac01928098c8cf8e29bf9e38f15241774","unsplash:photo-1504307651254-35680f356dfd","16","true","Important content image","Missing distinct real replacement; inherited duplicate retained pending suitable photograph"
"/images/generated/services/civil-contracting-dubai-desktop.webp","/services","Civil, main contracting, warehouse, villa and fit-out scopes with visible responsibilities. / Civil Contracting","card","civil-contracting-dubai-desktop.webp","1920","1080","webp","4c47e5ccf096376cc8cc0ef4a4f764362e303e1f4389bb432b1f8b5c14f8214f","/images/generated/services/civil-contracting-dubai","1","false","Important content image","Retain unique image"
"/images/generated/services/main-contracting-dubai-desktop.webp","/services","Civil, main contracting, warehouse, villa and fit-out scopes with visible responsibilities. / Main Contracting","card","main-contracting-dubai-desktop.webp","1920","1080","webp","f1f6efcc34ce23fa4eb730819d274c67765f928a27320c48bccd402e728dc374","/images/generated/services/main-contracting-dubai","1","false","Important content image","Retain unique image"
"/images/generated/services/warehouse-construction-dubai-desktop.webp","/services","Civil, main contracting, warehouse, villa and fit-out scopes with visible responsibilities. / Warehouse Construction","card","warehouse-construction-dubai-desktop.webp","1920","1080","webp","29f35e553da03f3f1f64b896d9987fad0fd59e6c89f9d76b549a852415e6f1cc","/images/generated/services/warehouse-construction-dubai","11","true","Important content image","Reserve this source here; replace its other duplicated placements"
"/images/generated/services/industrial-construction-dubai-desktop.webp","/services","Civil, main contracting, warehouse, villa and fit-out scopes with visible responsibilities. / Industrial Buildings","card","industrial-construction-dubai-desktop.webp","1920","1080","webp","ff24868e50b9e47d02a50a53f1974570d6ac7de37f1976715212ad15901fc87c","/images/generated/services/industrial-construction-dubai","11","true","Important content image","Reserve this source here; replace its other duplicated placements"
"/images/generated/services/commercial-construction-dubai-desktop.webp","/services","Civil, main contracting, warehouse, villa and fit-out scopes with visible responsibilities. / Commercial Buildings","card","commercial-construction-dubai-desktop.webp","1920","1080","webp","98638ccc78c163951b85074d529b977b9fc80560b3db4955cd2605db8be692d2","/images/generated/services/commercial-construction-dubai","1","false","Important content image","Retain unique image"
"/images/generated/services/villa-construction-dubai-desktop.webp","/services","Civil, main contracting, warehouse, villa and fit-out scopes with visible responsibilities. / Villa Construction","card","villa-construction-dubai-desktop.webp","1920","1080","webp","48938d73092f33e9b56d4be343c71755aa603b153b7fc9215b2c45d3055854b1","/images/generated/services/villa-construction-dubai","1","false","Important content image","Retain unique image"
"/images/generated/services/interior-fit-out-dubai-desktop.webp","/services","Civil, main contracting, warehouse, villa and fit-out scopes with visible responsibilities. / Interior Fit-Out","card","interior-fit-out-dubai-desktop.webp","1920","1080","webp","6eb7b225b0b2e912100232b7127c2a063f18a2b444df402ec5fb4ce05366fc60","/images/generated/services/interior-fit-out-dubai","1","false","Important content image","Retain unique image"
"/images/generated/services/building-renovation-dubai-desktop.webp","/services","Civil, main contracting, warehouse, villa and fit-out scopes with visible responsibilities. / Building Renovation","card","building-renovation-dubai-desktop.webp","1920","1080","webp","665ef669be4aed3f51e18c440860760a9c3a098351a23712b14bc5a78c9d6f14","/images/generated/services/building-renovation-dubai","1","false","Important content image","Retain unique image"
"/images/generated/services/structural-works-dubai-desktop.webp","/services","Civil, main contracting, warehouse, villa and fit-out scopes with visible responsibilities. / Structural Works","card","structural-works-dubai-desktop.webp","1920","1080","webp","4bf3bf181c14ab09a61e2985246f2744934ede895ef0f09b375d1fad043838f6","/images/generated/services/structural-works-dubai","11","true","Important content image","Reserve this source here; replace its other duplicated placements"
"/images/generated/services/design-build-contractor-dubai-desktop.webp","/services","Civil, main contracting, warehouse, villa and fit-out scopes with visible responsibilities. / Design & Build","card","design-build-contractor-dubai-desktop.webp","1920","1080","webp","e16233fe99f6df8b3e0038eb70072789e37119b24b708fc5e8c4671509881a19","/images/generated/services/design-build-contractor-dubai","11","true","Important content image","Reserve this source here; replace its other duplicated placements"
"/images/generated/services/turnkey-construction-dubai-desktop.webp","/services","Civil, main contracting, warehouse, villa and fit-out scopes with visible responsibilities. / Turnkey Construction","card","turnkey-construction-dubai-desktop.webp","1920","1080","webp","c123218f2129fbf719347405c2aa693c8472867589121f3ec93afb4aa32c75c1","/images/generated/services/turnkey-construction-dubai","1","false","Important content image","Retain unique image"
"/images/generated/services/project-management-dubai-desktop.webp","/services","Civil, main contracting, warehouse, villa and fit-out scopes with visible responsibilities. / Project Management","card","project-management-dubai-desktop.webp","1920","1080","webp","7f992320ad15e965ed8c6650b5331b23806ac1ec39ddfa87a85a138597f12917","/images/generated/services/project-management-dubai","11","true","Important content image","Reserve this source here; replace its other duplicated placements"
"/images/project-authority-approvals-dubai.webp","/services","Authority approval services built into project planning.","section photograph","project-authority-approvals-dubai.webp","1600","1067","webp","9e6a366db121844fa3314f16050b33b077dcbcad8db4e5e18f35732dd43d074e","unsplash:photo-1581674662583-5e89b374fae6","172","true","Important content image","Missing distinct real replacement; inherited duplicate retained pending suitable photograph"
"/images/internal/project-site-coordination.webp","/services","Page content","section photograph","project-site-coordination.webp","1920","1280","webp","cd9197528dbb538734f8115efdca5952004cce0152888935f914030a997fbd69","unsplash:photo-1742112125567-3e8967bad60f","196","true","Important content image","Missing distinct real replacement; inherited duplicate retained pending suitable photograph"
"/images/project-office-fit-out-dubai.webp","/services","Dubai agencies and authority interfaces we coordinate with.","section photograph","project-office-fit-out-dubai.webp","1600","1067","webp","8da3f6a2e8cd71f69f0517194f7161c30201c1cd8a191248107778a771e6b1c9","unsplash:photo-1504297050568-910d24c426d3","22","true","Important content image","Missing distinct real replacement; inherited duplicate retained pending suitable photograph"
"/images/emitronix-logo.png","/services/building-renovation","header","card","emitronix-logo.png","1728","404","png","0c588c75d70f3ec952c8f687709cd1eb2fb573955d446b39d6f7a1c6c625e08d","/images/emitronix-logo","516","false","Logo/brand asset","Retain permitted shared brand/UI asset"
"/images/emitronix-logo.png","/services/building-renovation","Bring engineering clarity to your next Dubai build.","content image","emitronix-logo.png","1728","404","png","0c588c75d70f3ec952c8f687709cd1eb2fb573955d446b39d6f7a1c6c625e08d","/images/emitronix-logo","516","false","Logo/brand asset","Retain permitted shared brand/UI asset"
"/images/emitronix-logo.png","/services/civil-contracting","header","card","emitronix-logo.png","1728","404","png","0c588c75d70f3ec952c8f687709cd1eb2fb573955d446b39d6f7a1c6c625e08d","/images/emitronix-logo","516","false","Logo/brand asset","Retain permitted shared brand/UI asset"
"/images/emitronix-logo.png","/services/civil-contracting","Bring engineering clarity to your next Dubai build.","content image","emitronix-logo.png","1728","404","png","0c588c75d70f3ec952c8f687709cd1eb2fb573955d446b39d6f7a1c6c625e08d","/images/emitronix-logo","516","false","Logo/brand asset","Retain permitted shared brand/UI asset"
"/images/emitronix-logo.png","/services/civil","header","card","emitronix-logo.png","1728","404","png","0c588c75d70f3ec952c8f687709cd1eb2fb573955d446b39d6f7a1c6c625e08d","/images/emitronix-logo","516","false","Logo/brand asset","Retain permitted shared brand/UI asset"
"/images/emitronix-logo.png","/services/civil","Bring engineering clarity to your next Dubai build.","content image","emitronix-logo.png","1728","404","png","0c588c75d70f3ec952c8f687709cd1eb2fb573955d446b39d6f7a1c6c625e08d","/images/emitronix-logo","516","false","Logo/brand asset","Retain permitted shared brand/UI asset"
"/images/emitronix-logo.png","/services/commercial-buildings","header","card","emitronix-logo.png","1728","404","png","0c588c75d70f3ec952c8f687709cd1eb2fb573955d446b39d6f7a1c6c625e08d","/images/emitronix-logo","516","false","Logo/brand asset","Retain permitted shared brand/UI asset"
"/images/emitronix-logo.png","/services/commercial-buildings","Bring engineering clarity to your next Dubai build.","content image","emitronix-logo.png","1728","404","png","0c588c75d70f3ec952c8f687709cd1eb2fb573955d446b39d6f7a1c6c625e08d","/images/emitronix-logo","516","false","Logo/brand asset","Retain permitted shared brand/UI asset"
"/images/emitronix-logo.png","/services/design-build","header","card","emitronix-logo.png","1728","404","png","0c588c75d70f3ec952c8f687709cd1eb2fb573955d446b39d6f7a1c6c625e08d","/images/emitronix-logo","516","false","Logo/brand asset","Retain permitted shared brand/UI asset"
"/images/emitronix-logo.png","/services/design-build","Bring engineering clarity to your next Dubai build.","content image","emitronix-logo.png","1728","404","png","0c588c75d70f3ec952c8f687709cd1eb2fb573955d446b39d6f7a1c6c625e08d","/images/emitronix-logo","516","false","Logo/brand asset","Retain permitted shared brand/UI asset"
"/images/emitronix-logo.png","/services/industrial-buildings","header","card","emitronix-logo.png","1728","404","png","0c588c75d70f3ec952c8f687709cd1eb2fb573955d446b39d6f7a1c6c625e08d","/images/emitronix-logo","516","false","Logo/brand asset","Retain permitted shared brand/UI asset"
"/images/emitronix-logo.png","/services/industrial-buildings","Bring engineering clarity to your next Dubai build.","content image","emitronix-logo.png","1728","404","png","0c588c75d70f3ec952c8f687709cd1eb2fb573955d446b39d6f7a1c6c625e08d","/images/emitronix-logo","516","false","Logo/brand asset","Retain permitted shared brand/UI asset"
"/images/emitronix-logo.png","/services/interior-fit-out","header","card","emitronix-logo.png","1728","404","png","0c588c75d70f3ec952c8f687709cd1eb2fb573955d446b39d6f7a1c6c625e08d","/images/emitronix-logo","516","false","Logo/brand asset","Retain permitted shared brand/UI asset"
"/images/emitronix-logo.png","/services/interior-fit-out","Bring engineering clarity to your next Dubai build.","content image","emitronix-logo.png","1728","404","png","0c588c75d70f3ec952c8f687709cd1eb2fb573955d446b39d6f7a1c6c625e08d","/images/emitronix-logo","516","false","Logo/brand asset","Retain permitted shared brand/UI asset"
"/images/emitronix-logo.png","/services/interior","header","card","emitronix-logo.png","1728","404","png","0c588c75d70f3ec952c8f687709cd1eb2fb573955d446b39d6f7a1c6c625e08d","/images/emitronix-logo","516","false","Logo/brand asset","Retain permitted shared brand/UI asset"
"/images/emitronix-logo.png","/services/interior","Bring engineering clarity to your next Dubai build.","content image","emitronix-logo.png","1728","404","png","0c588c75d70f3ec952c8f687709cd1eb2fb573955d446b39d6f7a1c6c625e08d","/images/emitronix-logo","516","false","Logo/brand asset","Retain permitted shared brand/UI asset"
"/images/emitronix-logo.png","/services/main-contracting","header","card","emitronix-logo.png","1728","404","png","0c588c75d70f3ec952c8f687709cd1eb2fb573955d446b39d6f7a1c6c625e08d","/images/emitronix-logo","516","false","Logo/brand asset","Retain permitted shared brand/UI asset"
"/images/emitronix-logo.png","/services/main-contracting","Bring engineering clarity to your next Dubai build.","content image","emitronix-logo.png","1728","404","png","0c588c75d70f3ec952c8f687709cd1eb2fb573955d446b39d6f7a1c6c625e08d","/images/emitronix-logo","516","false","Logo/brand asset","Retain permitted shared brand/UI asset"
"/images/emitronix-logo.png","/services/project-management","header","card","emitronix-logo.png","1728","404","png","0c588c75d70f3ec952c8f687709cd1eb2fb573955d446b39d6f7a1c6c625e08d","/images/emitronix-logo","516","false","Logo/brand asset","Retain permitted shared brand/UI asset"
"/images/emitronix-logo.png","/services/project-management","Bring engineering clarity to your next Dubai build.","content image","emitronix-logo.png","1728","404","png","0c588c75d70f3ec952c8f687709cd1eb2fb573955d446b39d6f7a1c6c625e08d","/images/emitronix-logo","516","false","Logo/brand asset","Retain permitted shared brand/UI asset"
"/images/emitronix-logo.png","/services/structural-works","header","card","emitronix-logo.png","1728","404","png","0c588c75d70f3ec952c8f687709cd1eb2fb573955d446b39d6f7a1c6c625e08d","/images/emitronix-logo","516","false","Logo/brand asset","Retain permitted shared brand/UI asset"
"/images/emitronix-logo.png","/services/structural-works","Bring engineering clarity to your next Dubai build.","content image","emitronix-logo.png","1728","404","png","0c588c75d70f3ec952c8f687709cd1eb2fb573955d446b39d6f7a1c6c625e08d","/images/emitronix-logo","516","false","Logo/brand asset","Retain permitted shared brand/UI asset"
"/images/emitronix-logo.png","/services/turnkey-construction","header","card","emitronix-logo.png","1728","404","png","0c588c75d70f3ec952c8f687709cd1eb2fb573955d446b39d6f7a1c6c625e08d","/images/emitronix-logo","516","false","Logo/brand asset","Retain permitted shared brand/UI asset"
"/images/emitronix-logo.png","/services/turnkey-construction","Bring engineering clarity to your next Dubai build.","content image","emitronix-logo.png","1728","404","png","0c588c75d70f3ec952c8f687709cd1eb2fb573955d446b39d6f7a1c6c625e08d","/images/emitronix-logo","516","false","Logo/brand asset","Retain permitted shared brand/UI asset"
"/images/emitronix-logo.png","/services/villa-construction","header","card","emitronix-logo.png","1728","404","png","0c588c75d70f3ec952c8f687709cd1eb2fb573955d446b39d6f7a1c6c625e08d","/images/emitronix-logo","516","false","Logo/brand asset","Retain permitted shared brand/UI asset"
"/images/emitronix-logo.png","/services/villa-construction","Bring engineering clarity to your next Dubai build.","content image","emitronix-logo.png","1728","404","png","0c588c75d70f3ec952c8f687709cd1eb2fb573955d446b39d6f7a1c6c625e08d","/images/emitronix-logo","516","false","Logo/brand asset","Retain permitted shared brand/UI asset"
"/images/emitronix-logo.png","/services/warehouse-construction","header","card","emitronix-logo.png","1728","404","png","0c588c75d70f3ec952c8f687709cd1eb2fb573955d446b39d6f7a1c6c625e08d","/images/emitronix-logo","516","false","Logo/brand asset","Retain permitted shared brand/UI asset"
"/images/emitronix-logo.png","/services/warehouse-construction","Bring engineering clarity to your next Dubai build.","content image","emitronix-logo.png","1728","404","png","0c588c75d70f3ec952c8f687709cd1eb2fb573955d446b39d6f7a1c6c625e08d","/images/emitronix-logo","516","false","Logo/brand asset","Retain permitted shared brand/UI asset"
"/images/emitronix-logo.png","/structural-works","header","card","emitronix-logo.png","1728","404","png","0c588c75d70f3ec952c8f687709cd1eb2fb573955d446b39d6f7a1c6c625e08d","/images/emitronix-logo","516","false","Logo/brand asset","Retain permitted shared brand/UI asset"
"/images/emitronix-logo.png","/structural-works","Bring engineering clarity to your next Dubai build.","content image","emitronix-logo.png","1728","404","png","0c588c75d70f3ec952c8f687709cd1eb2fb573955d446b39d6f7a1c6c625e08d","/images/emitronix-logo","516","false","Logo/brand asset","Retain permitted shared brand/UI asset"
"/images/unique/pexels-8272123.webp","/structural-works","Structural Works Dubai","hero","pexels-8272123.webp","1067","1600","webp","5d6bc90cffee68d7cf360bd37de498f704076cd1bf3263e9641db7bfd13b85e8","pexels:8272123","1","false","Important content image","Retain unique image"
"/images/unique/pexels-12233662.webp","/structural-works","Structural Works: scope and approach","section photograph","pexels-12233662.webp","1201","1600","webp","591c6b04be60379b80b64f37db48f2af0ba298aa22878699edfa0c4a2b08dd84","pexels:12233662","1","false","Important content image","Retain unique image"
"/images/internal/architectural-drawing-review.webp","/structural-works","How we approach structural","section photograph","architectural-drawing-review.webp","1920","2768","webp","0242bd81c319b862ae61dd9d38bc8e4d8212b5ba25e6907ca56c07b1bf998804","unsplash:photo-1608303588026-884930af2559","95","true","Important content image","Missing distinct real replacement; inherited duplicate retained pending suitable photograph"
"/images/internal/project-site-coordination.webp","/structural-works","Resolve the technical scope before work starts","section photograph","project-site-coordination.webp","1920","1280","webp","cd9197528dbb538734f8115efdca5952004cce0152888935f914030a997fbd69","unsplash:photo-1742112125567-3e8967bad60f","196","true","Important content image","Missing distinct real replacement; inherited duplicate retained pending suitable photograph"
"/images/project-civil-works-dubai.webp","/structural-works","Request structural consultation.","section photograph","project-civil-works-dubai.webp","1600","900","webp","2fa083758c877bf924e39e85e8b4fd9ac01928098c8cf8e29bf9e38f15241774","unsplash:photo-1504307651254-35680f356dfd","16","true","Important content image","Missing distinct real replacement; inherited duplicate retained pending suitable photograph"
"/images/emitronix-logo.png","/technical-review-policy","header","card","emitronix-logo.png","1728","404","png","0c588c75d70f3ec952c8f687709cd1eb2fb573955d446b39d6f7a1c6c625e08d","/images/emitronix-logo","516","false","Logo/brand asset","Retain permitted shared brand/UI asset"
"/images/emitronix-logo.png","/technical-review-policy","Bring engineering clarity to your next Dubai build.","content image","emitronix-logo.png","1728","404","png","0c588c75d70f3ec952c8f687709cd1eb2fb573955d446b39d6f7a1c6c625e08d","/images/emitronix-logo","516","false","Logo/brand asset","Retain permitted shared brand/UI asset"
"/images/sections/office-laptop-work.webp","/technical-review-policy","When technical review is expected / Policy principles","card","office-laptop-work.webp","1600","1068","webp","145108f209999b4cb37fa2cced6e3521eb3533fca56b6c9009cc13cceea76537","pexels:6405641","18","true","Important content image","Missing distinct real replacement; inherited duplicate retained pending suitable photograph"
"/images/sections/document-binders.webp","/technical-review-policy","What a technical reviewer checks / Policy principles","card","document-binders.webp","1600","1067","webp","cfbbfadea410c6847c60cff1b15d76569906384ab19691d42f8c169d61ed9763","pexels:17018372","20","true","Important content image","Missing distinct real replacement; inherited duplicate retained pending suitable photograph"
"/images/sections/office-records-desk.webp","/technical-review-policy","Editorial review is not technical approval / Policy principles","card","office-records-desk.webp","1600","1068","webp","d6b58a32141aa1c8316b8d41b823e2e652c192a0875152e20590dd57092f2a82","pexels:8353764","50","true","Important content image","Missing distinct real replacement; inherited duplicate retained pending suitable photograph"
"/images/project-authority-approvals-dubai.webp","/technical-review-policy","Reviewer identification / Policy principles","card","project-authority-approvals-dubai.webp","1600","1067","webp","9e6a366db121844fa3314f16050b33b077dcbcad8db4e5e18f35732dd43d074e","unsplash:photo-1581674662583-5e89b374fae6","172","true","Important content image","Missing distinct real replacement; inherited duplicate retained pending suitable photograph"
"/images/project-fit-out-dubai.webp","/technical-review-policy","Project-specific professional advice / Policy principles","card","project-fit-out-dubai.webp","1600","2400","webp","1ffcf3a0a7a0010ba6f10d8815d80782638f64ae25a00052bdf62f5191c6dfe4","unsplash:photo-1771918050103-57b5de00d960","22","true","Important content image","Missing distinct real replacement; inherited duplicate retained pending suitable photograph"
"/images/emitronix-logo.png","/trakhees-approvals","header","card","emitronix-logo.png","1728","404","png","0c588c75d70f3ec952c8f687709cd1eb2fb573955d446b39d6f7a1c6c625e08d","/images/emitronix-logo","516","false","Logo/brand asset","Retain permitted shared brand/UI asset"
"/images/emitronix-logo.png","/trakhees-approvals","Bring engineering clarity to your next Dubai build.","content image","emitronix-logo.png","1728","404","png","0c588c75d70f3ec952c8f687709cd1eb2fb573955d446b39d6f7a1c6c625e08d","/images/emitronix-logo","516","false","Logo/brand asset","Retain permitted shared brand/UI asset"
"/images/project-warehouse-industrial-dubai.webp","/trakhees-approvals","Trakhees Approval Services in Dubai","hero","project-warehouse-industrial-dubai.webp","1600","1067","webp","e4ef2024be4b8171e52da5857e3bf5568b5a04ee5a3ca041c5d30a1560ac9940","unsplash:photo-1592085198739-ffcad7f36b54","89","true","Important content image","Missing distinct real replacement; inherited duplicate retained pending suitable photograph"
"/images/project-authority-approvals-dubai.webp","/trakhees-approvals","Confirm the free-zone route before fixing the submission package.","section photograph","project-authority-approvals-dubai.webp","1600","1067","webp","9e6a366db121844fa3314f16050b33b077dcbcad8db4e5e18f35732dd43d074e","unsplash:photo-1581674662583-5e89b374fae6","172","true","Important content image","Missing distinct real replacement; inherited duplicate retained pending suitable photograph"
"/images/internal/industrial-steel-roof.webp","/trakhees-approvals","Prepare the submission records","section photograph","industrial-steel-roof.webp","1920","1280","webp","4af6a0eb63cd82e853bc16e10c68342823c19ecca46e608b0c58b793e26760bb","unsplash:photo-1662120399978-738d233edbec","98","true","Important content image","Missing distinct real replacement; inherited duplicate retained pending suitable photograph"
"/images/internal/project-site-coordination.webp","/trakhees-approvals","What can delay Trakhees Approvals","section photograph","project-site-coordination.webp","1920","1280","webp","cd9197528dbb538734f8115efdca5952004cce0152888935f914030a997fbd69","unsplash:photo-1742112125567-3e8967bad60f","196","true","Important content image","Missing distinct real replacement; inherited duplicate retained pending suitable photograph"
"/images/internal/warehouse-steel-frame.webp","/trakhees-approvals","Request Trakhees Approvals support.","section photograph","warehouse-steel-frame.webp","1920","1280","webp","920e4d7fafb7e3555576560f936b0f2ab05a5ecc92eafcdc9951574cf34ae91f","unsplash:photo-1649587345666-0f4ad68aa723","19","true","Important content image","Missing distinct real replacement; inherited duplicate retained pending suitable photograph"
"/images/emitronix-logo.png","/turnkey-construction","header","card","emitronix-logo.png","1728","404","png","0c588c75d70f3ec952c8f687709cd1eb2fb573955d446b39d6f7a1c6c625e08d","/images/emitronix-logo","516","false","Logo/brand asset","Retain permitted shared brand/UI asset"
"/images/emitronix-logo.png","/turnkey-construction","Bring engineering clarity to your next Dubai build.","content image","emitronix-logo.png","1728","404","png","0c588c75d70f3ec952c8f687709cd1eb2fb573955d446b39d6f7a1c6c625e08d","/images/emitronix-logo","516","false","Logo/brand asset","Retain permitted shared brand/UI asset"
"/images/project-commercial-renovation-dubai.webp","/turnkey-construction","Turnkey Construction Dubai","hero","project-commercial-renovation-dubai.webp","1600","1067","webp","2324ce7af4bd74b13d25bb3ceaa3160d6a8036b84fb3b8fa5c30049b08398a52","unsplash:photo-1739700712159-550519327ca7","7","true","Important content image","Missing distinct real replacement; inherited duplicate retained pending suitable photograph"
"/images/project-office-fit-out-dubai.webp","/turnkey-construction","Turnkey Construction: scope and approach","section photograph","project-office-fit-out-dubai.webp","1600","1067","webp","8da3f6a2e8cd71f69f0517194f7161c30201c1cd8a191248107778a771e6b1c9","unsplash:photo-1504297050568-910d24c426d3","22","true","Important content image","Missing distinct real replacement; inherited duplicate retained pending suitable photograph"
"/images/internal/architectural-drawing-review.webp","/turnkey-construction","How we approach turnkey","section photograph","architectural-drawing-review.webp","1920","2768","webp","0242bd81c319b862ae61dd9d38bc8e4d8212b5ba25e6907ca56c07b1bf998804","unsplash:photo-1608303588026-884930af2559","95","true","Important content image","Missing distinct real replacement; inherited duplicate retained pending suitable photograph"
"/images/internal/project-site-coordination.webp","/turnkey-construction","Resolve the technical scope before work starts","section photograph","project-site-coordination.webp","1920","1280","webp","cd9197528dbb538734f8115efdca5952004cce0152888935f914030a997fbd69","unsplash:photo-1742112125567-3e8967bad60f","196","true","Important content image","Missing distinct real replacement; inherited duplicate retained pending suitable photograph"
"/images/home/dubai-commercial-towers.webp","/turnkey-construction","Request turnkey consultation.","section photograph","dubai-commercial-towers.webp","2400","1600","webp","4d1ff9861696c8f582c78299898b503e13d54facedfc8408d4c9f7c27d5f7563","pexels:14309391","7","true","Important content image","Missing distinct real replacement; inherited duplicate retained pending suitable photograph"
"/images/emitronix-logo.png","/villa-construction","header","card","emitronix-logo.png","1728","404","png","0c588c75d70f3ec952c8f687709cd1eb2fb573955d446b39d6f7a1c6c625e08d","/images/emitronix-logo","516","false","Logo/brand asset","Retain permitted shared brand/UI asset"
"/images/emitronix-logo.png","/villa-construction","Bring engineering clarity to your next Dubai build.","content image","emitronix-logo.png","1728","404","png","0c588c75d70f3ec952c8f687709cd1eb2fb573955d446b39d6f7a1c6c625e08d","/images/emitronix-logo","516","false","Logo/brand asset","Retain permitted shared brand/UI asset"
"/images/unique/pexels-10610731.webp","/villa-construction","Villa Construction Dubai","hero","pexels-10610731.webp","1600","1067","webp","1d6c83c6906492acd69b75a08001d52fbdbbb9e1867d1f54f9dee721a70ac61e","pexels:10610731","1","false","Important content image","Retain unique image"
"/images/unique/pexels-19344317.webp","/villa-construction","Villa Construction: scope and approach","section photograph","pexels-19344317.webp","1067","1600","webp","1fb12b2ff7c1953ac7c012b78b0f5f1d2442ccf1b7445e040c402204cb6a19d1","pexels:19344317","1","false","Important content image","Retain unique image"
"/images/unique/pexels-17077378.webp","/villa-construction","How we approach villa","section photograph","pexels-17077378.webp","1067","1600","webp","002507bb2dd6668c2dc3022511ed0f24b84f3ac21bb044c53faeb6e49ee82cbd","pexels:17077378","1","false","Important content image","Retain unique image"
"/images/unique/pexels-8134821.webp","/villa-construction","Resolve the technical scope before work starts","section photograph","pexels-8134821.webp","1600","1068","webp","13bc53c3c9e3cb351dd35e45b99dc597de4861bbb07b4c23ce096f656f73f7e3","pexels:8134821","1","false","Important content image","Retain unique image"
"/images/unique/pexels-31771226.webp","/villa-construction","Request villa consultation.","section photograph","pexels-31771226.webp","1600","1067","webp","ad4d99536afa82355b56b06b5f0863a97a5670d70778a510a40b60fd2221ad17","pexels:31771226","1","false","Important content image","Retain unique image"
"/images/emitronix-logo.png","/warehouse-construction","header","card","emitronix-logo.png","1728","404","png","0c588c75d70f3ec952c8f687709cd1eb2fb573955d446b39d6f7a1c6c625e08d","/images/emitronix-logo","516","false","Logo/brand asset","Retain permitted shared brand/UI asset"
"/images/emitronix-logo.png","/warehouse-construction","Bring engineering clarity to your next Dubai build.","content image","emitronix-logo.png","1728","404","png","0c588c75d70f3ec952c8f687709cd1eb2fb573955d446b39d6f7a1c6c625e08d","/images/emitronix-logo","516","false","Logo/brand asset","Retain permitted shared brand/UI asset"
"/images/unique/pexels-236705.webp","/warehouse-construction","Warehouse Construction Dubai","hero","pexels-236705.webp","1600","1089","webp","3a2415d2213925ebb13dbdd45d15542952daaa78dcaa4b1e2a8d0d8a142089f5","pexels:236705","1","false","Important content image","Retain unique image"
"/images/unique/pexels-4487364.webp","/warehouse-construction","Warehouse Construction Company in Dubai","section photograph","pexels-4487364.webp","1600","1067","webp","8f1f0c1598b399144aceafd98556f11b2fb5f7894191f06f10fcf8f969d53d7e","pexels:4487364","1","false","Important content image","Retain unique image"
"/images/unique/pexels-8962803.webp","/warehouse-construction","How we approach warehouse","section photograph","pexels-8962803.webp","1600","1067","webp","c4f06fa866de0cee66e5f689cf239a0d65ed0cf15e82366e7cd430b23c9a2b2d","pexels:8962803","1","false","Important content image","Retain unique image"
"/images/unique/pexels-37912780.webp","/warehouse-construction","Resolve the technical scope before work starts","section photograph","pexels-37912780.webp","1600","1067","webp","874969c2e03fd936ef61ed184bffded798ae73da746c7ef18ad2f2b880c3c8c3","pexels:37912780","1","false","Important content image","Retain unique image"
"/images/unique/pexels-4483558.webp","/warehouse-construction","Request warehouse consultation.","section photograph","pexels-4483558.webp","1067","1600","webp","2d9c5e56c878b0dd7abcfab7d5e3e55f4ff75968566cde81b8b5af905a85e9de","pexels:4483558","1","false","Important content image","Retain unique image"
"/images/emitronix-logo.png","/warehouse/cold-storage-warehouse","header","card","emitronix-logo.png","1728","404","png","0c588c75d70f3ec952c8f687709cd1eb2fb573955d446b39d6f7a1c6c625e08d","/images/emitronix-logo","516","false","Logo/brand asset","Retain permitted shared brand/UI asset"
"/images/emitronix-logo.png","/warehouse/cold-storage-warehouse","Bring engineering clarity to your next Dubai build.","content image","emitronix-logo.png","1728","404","png","0c588c75d70f3ec952c8f687709cd1eb2fb573955d446b39d6f7a1c6c625e08d","/images/emitronix-logo","516","false","Logo/brand asset","Retain permitted shared brand/UI asset"
"/images/generated/services/structural-works-dubai-desktop.webp","/warehouse/cold-storage-warehouse","Cold Storage Warehouse for Dubai and UAE industrial projects","hero","structural-works-dubai-desktop.webp","1920","1080","webp","4bf3bf181c14ab09a61e2985246f2744934ede895ef0f09b375d1fad043838f6","/images/generated/services/structural-works-dubai","11","true","Important content image","Missing distinct real replacement; inherited duplicate retained pending suitable photograph"
"/images/project-warehouse-industrial-dubai.webp","/warehouse/cold-storage-warehouse","Cold Storage Warehouse","section photograph","project-warehouse-industrial-dubai.webp","1600","1067","webp","e4ef2024be4b8171e52da5857e3bf5568b5a04ee5a3ca041c5d30a1560ac9940","unsplash:photo-1592085198739-ffcad7f36b54","89","true","Important content image","Missing distinct real replacement; inherited duplicate retained pending suitable photograph"
"/images/project-authority-approvals-dubai.webp","/warehouse/cold-storage-warehouse","What controls cold storage warehouse before work reaches site.","section photograph","project-authority-approvals-dubai.webp","1600","1067","webp","9e6a366db121844fa3314f16050b33b077dcbcad8db4e5e18f35732dd43d074e","unsplash:photo-1581674662583-5e89b374fae6","172","true","Important content image","Missing distinct real replacement; inherited duplicate retained pending suitable photograph"
"/images/internal/industrial-steel-roof.webp","/warehouse/cold-storage-warehouse","Documents and inputs that reduce delay.","section photograph","industrial-steel-roof.webp","1920","1280","webp","4af6a0eb63cd82e853bc16e10c68342823c19ecca46e608b0c58b793e26760bb","unsplash:photo-1662120399978-738d233edbec","98","true","Important content image","Missing distinct real replacement; inherited duplicate retained pending suitable photograph"
"/images/internal/project-site-coordination.webp","/warehouse/cold-storage-warehouse","Authority pathways for Dubai warehouse projects.","section photograph","project-site-coordination.webp","1920","1280","webp","cd9197528dbb538734f8115efdca5952004cce0152888935f914030a997fbd69","unsplash:photo-1742112125567-3e8967bad60f","196","true","Important content image","Missing distinct real replacement; inherited duplicate retained pending suitable photograph"
"/images/emitronix-logo.png","/warehouse/distribution-centre-construction","header","card","emitronix-logo.png","1728","404","png","0c588c75d70f3ec952c8f687709cd1eb2fb573955d446b39d6f7a1c6c625e08d","/images/emitronix-logo","516","false","Logo/brand asset","Retain permitted shared brand/UI asset"
"/images/emitronix-logo.png","/warehouse/distribution-centre-construction","Bring engineering clarity to your next Dubai build.","content image","emitronix-logo.png","1728","404","png","0c588c75d70f3ec952c8f687709cd1eb2fb573955d446b39d6f7a1c6c625e08d","/images/emitronix-logo","516","false","Logo/brand asset","Retain permitted shared brand/UI asset"
"/images/generated/services/warehouse-construction-dubai-desktop.webp","/warehouse/distribution-centre-construction","Distribution Centre Construction for Dubai and UAE industrial projects","hero","warehouse-construction-dubai-desktop.webp","1920","1080","webp","29f35e553da03f3f1f64b896d9987fad0fd59e6c89f9d76b549a852415e6f1cc","/images/generated/services/warehouse-construction-dubai","11","true","Important content image","Missing distinct real replacement; inherited duplicate retained pending suitable photograph"
"/images/project-warehouse-industrial-dubai.webp","/warehouse/distribution-centre-construction","Distribution Centre Construction","section photograph","project-warehouse-industrial-dubai.webp","1600","1067","webp","e4ef2024be4b8171e52da5857e3bf5568b5a04ee5a3ca041c5d30a1560ac9940","unsplash:photo-1592085198739-ffcad7f36b54","89","true","Important content image","Missing distinct real replacement; inherited duplicate retained pending suitable photograph"
"/images/project-authority-approvals-dubai.webp","/warehouse/distribution-centre-construction","What controls distribution centre construction before work reaches site.","section photograph","project-authority-approvals-dubai.webp","1600","1067","webp","9e6a366db121844fa3314f16050b33b077dcbcad8db4e5e18f35732dd43d074e","unsplash:photo-1581674662583-5e89b374fae6","172","true","Important content image","Missing distinct real replacement; inherited duplicate retained pending suitable photograph"
"/images/internal/industrial-steel-roof.webp","/warehouse/distribution-centre-construction","Documents and inputs that reduce delay.","section photograph","industrial-steel-roof.webp","1920","1280","webp","4af6a0eb63cd82e853bc16e10c68342823c19ecca46e608b0c58b793e26760bb","unsplash:photo-1662120399978-738d233edbec","98","true","Important content image","Missing distinct real replacement; inherited duplicate retained pending suitable photograph"
"/images/internal/project-site-coordination.webp","/warehouse/distribution-centre-construction","Authority pathways for Dubai warehouse projects.","section photograph","project-site-coordination.webp","1920","1280","webp","cd9197528dbb538734f8115efdca5952004cce0152888935f914030a997fbd69","unsplash:photo-1742112125567-3e8967bad60f","196","true","Important content image","Missing distinct real replacement; inherited duplicate retained pending suitable photograph"
"/images/emitronix-logo.png","/warehouse/factory-construction","header","card","emitronix-logo.png","1728","404","png","0c588c75d70f3ec952c8f687709cd1eb2fb573955d446b39d6f7a1c6c625e08d","/images/emitronix-logo","516","false","Logo/brand asset","Retain permitted shared brand/UI asset"
"/images/emitronix-logo.png","/warehouse/factory-construction","Bring engineering clarity to your next Dubai build.","content image","emitronix-logo.png","1728","404","png","0c588c75d70f3ec952c8f687709cd1eb2fb573955d446b39d6f7a1c6c625e08d","/images/emitronix-logo","516","false","Logo/brand asset","Retain permitted shared brand/UI asset"
"/images/generated/services/design-build-contractor-dubai-desktop.webp","/warehouse/factory-construction","Factory Construction for Dubai and UAE industrial projects","hero","design-build-contractor-dubai-desktop.webp","1920","1080","webp","e16233fe99f6df8b3e0038eb70072789e37119b24b708fc5e8c4671509881a19","/images/generated/services/design-build-contractor-dubai","11","true","Important content image","Missing distinct real replacement; inherited duplicate retained pending suitable photograph"
"/images/project-warehouse-industrial-dubai.webp","/warehouse/factory-construction","Factory Construction","section photograph","project-warehouse-industrial-dubai.webp","1600","1067","webp","e4ef2024be4b8171e52da5857e3bf5568b5a04ee5a3ca041c5d30a1560ac9940","unsplash:photo-1592085198739-ffcad7f36b54","89","true","Important content image","Missing distinct real replacement; inherited duplicate retained pending suitable photograph"
"/images/project-authority-approvals-dubai.webp","/warehouse/factory-construction","What controls factory construction before work reaches site.","section photograph","project-authority-approvals-dubai.webp","1600","1067","webp","9e6a366db121844fa3314f16050b33b077dcbcad8db4e5e18f35732dd43d074e","unsplash:photo-1581674662583-5e89b374fae6","172","true","Important content image","Missing distinct real replacement; inherited duplicate retained pending suitable photograph"
"/images/internal/industrial-steel-roof.webp","/warehouse/factory-construction","Documents and inputs that reduce delay.","section photograph","industrial-steel-roof.webp","1920","1280","webp","4af6a0eb63cd82e853bc16e10c68342823c19ecca46e608b0c58b793e26760bb","unsplash:photo-1662120399978-738d233edbec","98","true","Important content image","Missing distinct real replacement; inherited duplicate retained pending suitable photograph"
"/images/internal/project-site-coordination.webp","/warehouse/factory-construction","Authority pathways for Dubai warehouse projects.","section photograph","project-site-coordination.webp","1920","1280","webp","cd9197528dbb538734f8115efdca5952004cce0152888935f914030a997fbd69","unsplash:photo-1742112125567-3e8967bad60f","196","true","Important content image","Missing distinct real replacement; inherited duplicate retained pending suitable photograph"
"/images/emitronix-logo.png","/warehouse/industrial-building-construction","header","card","emitronix-logo.png","1728","404","png","0c588c75d70f3ec952c8f687709cd1eb2fb573955d446b39d6f7a1c6c625e08d","/images/emitronix-logo","516","false","Logo/brand asset","Retain permitted shared brand/UI asset"
"/images/emitronix-logo.png","/warehouse/industrial-building-construction","Bring engineering clarity to your next Dubai build.","content image","emitronix-logo.png","1728","404","png","0c588c75d70f3ec952c8f687709cd1eb2fb573955d446b39d6f7a1c6c625e08d","/images/emitronix-logo","516","false","Logo/brand asset","Retain permitted shared brand/UI asset"
"/images/generated/services/project-management-dubai-desktop.webp","/warehouse/industrial-building-construction","Industrial Building Construction for Dubai and UAE industrial projects","hero","project-management-dubai-desktop.webp","1920","1080","webp","7f992320ad15e965ed8c6650b5331b23806ac1ec39ddfa87a85a138597f12917","/images/generated/services/project-management-dubai","11","true","Important content image","Missing distinct real replacement; inherited duplicate retained pending suitable photograph"
"/images/project-warehouse-industrial-dubai.webp","/warehouse/industrial-building-construction","Industrial Building Construction","section photograph","project-warehouse-industrial-dubai.webp","1600","1067","webp","e4ef2024be4b8171e52da5857e3bf5568b5a04ee5a3ca041c5d30a1560ac9940","unsplash:photo-1592085198739-ffcad7f36b54","89","true","Important content image","Missing distinct real replacement; inherited duplicate retained pending suitable photograph"
"/images/project-authority-approvals-dubai.webp","/warehouse/industrial-building-construction","What controls industrial building construction before work reaches site.","section photograph","project-authority-approvals-dubai.webp","1600","1067","webp","9e6a366db121844fa3314f16050b33b077dcbcad8db4e5e18f35732dd43d074e","unsplash:photo-1581674662583-5e89b374fae6","172","true","Important content image","Missing distinct real replacement; inherited duplicate retained pending suitable photograph"
"/images/internal/industrial-steel-roof.webp","/warehouse/industrial-building-construction","Documents and inputs that reduce delay.","section photograph","industrial-steel-roof.webp","1920","1280","webp","4af6a0eb63cd82e853bc16e10c68342823c19ecca46e608b0c58b793e26760bb","unsplash:photo-1662120399978-738d233edbec","98","true","Important content image","Missing distinct real replacement; inherited duplicate retained pending suitable photograph"
"/images/internal/project-site-coordination.webp","/warehouse/industrial-building-construction","Authority pathways for Dubai warehouse projects.","section photograph","project-site-coordination.webp","1920","1280","webp","cd9197528dbb538734f8115efdca5952004cce0152888935f914030a997fbd69","unsplash:photo-1742112125567-3e8967bad60f","196","true","Important content image","Missing distinct real replacement; inherited duplicate retained pending suitable photograph"
"/images/emitronix-logo.png","/warehouse/industrial-warehouse-construction","header","card","emitronix-logo.png","1728","404","png","0c588c75d70f3ec952c8f687709cd1eb2fb573955d446b39d6f7a1c6c625e08d","/images/emitronix-logo","516","false","Logo/brand asset","Retain permitted shared brand/UI asset"
"/images/emitronix-logo.png","/warehouse/industrial-warehouse-construction","Bring engineering clarity to your next Dubai build.","content image","emitronix-logo.png","1728","404","png","0c588c75d70f3ec952c8f687709cd1eb2fb573955d446b39d6f7a1c6c625e08d","/images/emitronix-logo","516","false","Logo/brand asset","Retain permitted shared brand/UI asset"
"/images/generated/services/design-build-contractor-dubai-desktop.webp","/warehouse/industrial-warehouse-construction","Industrial Warehouse Construction for Dubai and UAE industrial projects","hero","design-build-contractor-dubai-desktop.webp","1920","1080","webp","e16233fe99f6df8b3e0038eb70072789e37119b24b708fc5e8c4671509881a19","/images/generated/services/design-build-contractor-dubai","11","true","Important content image","Missing distinct real replacement; inherited duplicate retained pending suitable photograph"
"/images/project-warehouse-industrial-dubai.webp","/warehouse/industrial-warehouse-construction","Industrial Warehouse Construction","section photograph","project-warehouse-industrial-dubai.webp","1600","1067","webp","e4ef2024be4b8171e52da5857e3bf5568b5a04ee5a3ca041c5d30a1560ac9940","unsplash:photo-1592085198739-ffcad7f36b54","89","true","Important content image","Missing distinct real replacement; inherited duplicate retained pending suitable photograph"
"/images/project-authority-approvals-dubai.webp","/warehouse/industrial-warehouse-construction","What controls industrial warehouse construction before work reaches site.","section photograph","project-authority-approvals-dubai.webp","1600","1067","webp","9e6a366db121844fa3314f16050b33b077dcbcad8db4e5e18f35732dd43d074e","unsplash:photo-1581674662583-5e89b374fae6","172","true","Important content image","Missing distinct real replacement; inherited duplicate retained pending suitable photograph"
"/images/internal/industrial-steel-roof.webp","/warehouse/industrial-warehouse-construction","Documents and inputs that reduce delay.","section photograph","industrial-steel-roof.webp","1920","1280","webp","4af6a0eb63cd82e853bc16e10c68342823c19ecca46e608b0c58b793e26760bb","unsplash:photo-1662120399978-738d233edbec","98","true","Important content image","Missing distinct real replacement; inherited duplicate retained pending suitable photograph"
"/images/internal/project-site-coordination.webp","/warehouse/industrial-warehouse-construction","Authority pathways for Dubai warehouse projects.","section photograph","project-site-coordination.webp","1920","1280","webp","cd9197528dbb538734f8115efdca5952004cce0152888935f914030a997fbd69","unsplash:photo-1742112125567-3e8967bad60f","196","true","Important content image","Missing distinct real replacement; inherited duplicate retained pending suitable photograph"
"/images/emitronix-logo.png","/warehouse/logistics-warehouse","header","card","emitronix-logo.png","1728","404","png","0c588c75d70f3ec952c8f687709cd1eb2fb573955d446b39d6f7a1c6c625e08d","/images/emitronix-logo","516","false","Logo/brand asset","Retain permitted shared brand/UI asset"
"/images/emitronix-logo.png","/warehouse/logistics-warehouse","Bring engineering clarity to your next Dubai build.","content image","emitronix-logo.png","1728","404","png","0c588c75d70f3ec952c8f687709cd1eb2fb573955d446b39d6f7a1c6c625e08d","/images/emitronix-logo","516","false","Logo/brand asset","Retain permitted shared brand/UI asset"
"/images/generated/services/industrial-construction-dubai-desktop.webp","/warehouse/logistics-warehouse","Logistics Warehouse for Dubai and UAE industrial projects","hero","industrial-construction-dubai-desktop.webp","1920","1080","webp","ff24868e50b9e47d02a50a53f1974570d6ac7de37f1976715212ad15901fc87c","/images/generated/services/industrial-construction-dubai","11","true","Important content image","Missing distinct real replacement; inherited duplicate retained pending suitable photograph"
"/images/project-warehouse-industrial-dubai.webp","/warehouse/logistics-warehouse","Logistics Warehouse","section photograph","project-warehouse-industrial-dubai.webp","1600","1067","webp","e4ef2024be4b8171e52da5857e3bf5568b5a04ee5a3ca041c5d30a1560ac9940","unsplash:photo-1592085198739-ffcad7f36b54","89","true","Important content image","Missing distinct real replacement; inherited duplicate retained pending suitable photograph"
"/images/project-authority-approvals-dubai.webp","/warehouse/logistics-warehouse","What controls logistics warehouse before work reaches site.","section photograph","project-authority-approvals-dubai.webp","1600","1067","webp","9e6a366db121844fa3314f16050b33b077dcbcad8db4e5e18f35732dd43d074e","unsplash:photo-1581674662583-5e89b374fae6","172","true","Important content image","Missing distinct real replacement; inherited duplicate retained pending suitable photograph"
"/images/internal/industrial-steel-roof.webp","/warehouse/logistics-warehouse","Documents and inputs that reduce delay.","section photograph","industrial-steel-roof.webp","1920","1280","webp","4af6a0eb63cd82e853bc16e10c68342823c19ecca46e608b0c58b793e26760bb","unsplash:photo-1662120399978-738d233edbec","98","true","Important content image","Missing distinct real replacement; inherited duplicate retained pending suitable photograph"
"/images/internal/project-site-coordination.webp","/warehouse/logistics-warehouse","Authority pathways for Dubai warehouse projects.","section photograph","project-site-coordination.webp","1920","1280","webp","cd9197528dbb538734f8115efdca5952004cce0152888935f914030a997fbd69","unsplash:photo-1742112125567-3e8967bad60f","196","true","Important content image","Missing distinct real replacement; inherited duplicate retained pending suitable photograph"
"/images/emitronix-logo.png","/warehouse/steel-warehouse-construction","header","card","emitronix-logo.png","1728","404","png","0c588c75d70f3ec952c8f687709cd1eb2fb573955d446b39d6f7a1c6c625e08d","/images/emitronix-logo","516","false","Logo/brand asset","Retain permitted shared brand/UI asset"
"/images/emitronix-logo.png","/warehouse/steel-warehouse-construction","Bring engineering clarity to your next Dubai build.","content image","emitronix-logo.png","1728","404","png","0c588c75d70f3ec952c8f687709cd1eb2fb573955d446b39d6f7a1c6c625e08d","/images/emitronix-logo","516","false","Logo/brand asset","Retain permitted shared brand/UI asset"
"/images/generated/services/project-management-dubai-desktop.webp","/warehouse/steel-warehouse-construction","Steel Warehouse Construction for Dubai and UAE industrial projects","hero","project-management-dubai-desktop.webp","1920","1080","webp","7f992320ad15e965ed8c6650b5331b23806ac1ec39ddfa87a85a138597f12917","/images/generated/services/project-management-dubai","11","true","Important content image","Missing distinct real replacement; inherited duplicate retained pending suitable photograph"
"/images/internal/warehouse-steel-frame.webp","/warehouse/steel-warehouse-construction","Steel Warehouse Construction","section photograph","warehouse-steel-frame.webp","1920","1280","webp","920e4d7fafb7e3555576560f936b0f2ab05a5ecc92eafcdc9951574cf34ae91f","unsplash:photo-1649587345666-0f4ad68aa723","19","true","Important content image","Missing distinct real replacement; inherited duplicate retained pending suitable photograph"
"/images/internal/architectural-drawing-review.webp","/warehouse/steel-warehouse-construction","What controls steel warehouse construction before work reaches site.","section photograph","architectural-drawing-review.webp","1920","2768","webp","0242bd81c319b862ae61dd9d38bc8e4d8212b5ba25e6907ca56c07b1bf998804","unsplash:photo-1608303588026-884930af2559","95","true","Important content image","Missing distinct real replacement; inherited duplicate retained pending suitable photograph"
"/images/internal/industrial-steel-roof.webp","/warehouse/steel-warehouse-construction","Documents and inputs that reduce delay.","section photograph","industrial-steel-roof.webp","1920","1280","webp","4af6a0eb63cd82e853bc16e10c68342823c19ecca46e608b0c58b793e26760bb","unsplash:photo-1662120399978-738d233edbec","98","true","Important content image","Missing distinct real replacement; inherited duplicate retained pending suitable photograph"
"/images/internal/project-site-coordination.webp","/warehouse/steel-warehouse-construction","Authority pathways for Dubai warehouse projects.","section photograph","project-site-coordination.webp","1920","1280","webp","cd9197528dbb538734f8115efdca5952004cce0152888935f914030a997fbd69","unsplash:photo-1742112125567-3e8967bad60f","196","true","Important content image","Missing distinct real replacement; inherited duplicate retained pending suitable photograph"
"/images/emitronix-logo.png","/warehouse/warehouse-authority-approvals","header","card","emitronix-logo.png","1728","404","png","0c588c75d70f3ec952c8f687709cd1eb2fb573955d446b39d6f7a1c6c625e08d","/images/emitronix-logo","516","false","Logo/brand asset","Retain permitted shared brand/UI asset"
"/images/emitronix-logo.png","/warehouse/warehouse-authority-approvals","Bring engineering clarity to your next Dubai build.","content image","emitronix-logo.png","1728","404","png","0c588c75d70f3ec952c8f687709cd1eb2fb573955d446b39d6f7a1c6c625e08d","/images/emitronix-logo","516","false","Logo/brand asset","Retain permitted shared brand/UI asset"
"/images/generated/services/warehouse-construction-dubai-desktop.webp","/warehouse/warehouse-authority-approvals","Warehouse Authority Approvals for Dubai and UAE industrial projects","hero","warehouse-construction-dubai-desktop.webp","1920","1080","webp","29f35e553da03f3f1f64b896d9987fad0fd59e6c89f9d76b549a852415e6f1cc","/images/generated/services/warehouse-construction-dubai","11","true","Important content image","Missing distinct real replacement; inherited duplicate retained pending suitable photograph"
"/images/internal/architectural-drawing-review.webp","/warehouse/warehouse-authority-approvals","Warehouse Authority Approvals","section photograph","architectural-drawing-review.webp","1920","2768","webp","0242bd81c319b862ae61dd9d38bc8e4d8212b5ba25e6907ca56c07b1bf998804","unsplash:photo-1608303588026-884930af2559","95","true","Important content image","Missing distinct real replacement; inherited duplicate retained pending suitable photograph"
"/images/project-authority-approvals-dubai.webp","/warehouse/warehouse-authority-approvals","What controls warehouse authority approvals before work reaches site.","section photograph","project-authority-approvals-dubai.webp","1600","1067","webp","9e6a366db121844fa3314f16050b33b077dcbcad8db4e5e18f35732dd43d074e","unsplash:photo-1581674662583-5e89b374fae6","172","true","Important content image","Missing distinct real replacement; inherited duplicate retained pending suitable photograph"
"/images/internal/project-site-coordination.webp","/warehouse/warehouse-authority-approvals","Documents and inputs that reduce delay.","section photograph","project-site-coordination.webp","1920","1280","webp","cd9197528dbb538734f8115efdca5952004cce0152888935f914030a997fbd69","unsplash:photo-1742112125567-3e8967bad60f","196","true","Important content image","Missing distinct real replacement; inherited duplicate retained pending suitable photograph"
"/images/sections/office-records-desk.webp","/warehouse/warehouse-authority-approvals","Authority pathways for Dubai warehouse projects.","section photograph","office-records-desk.webp","1600","1068","webp","d6b58a32141aa1c8316b8d41b823e2e652c192a0875152e20590dd57092f2a82","pexels:8353764","50","true","Important content image","Missing distinct real replacement; inherited duplicate retained pending suitable photograph"
"/images/emitronix-logo.png","/warehouse/warehouse-builder-uae","header","card","emitronix-logo.png","1728","404","png","0c588c75d70f3ec952c8f687709cd1eb2fb573955d446b39d6f7a1c6c625e08d","/images/emitronix-logo","516","false","Logo/brand asset","Retain permitted shared brand/UI asset"
"/images/emitronix-logo.png","/warehouse/warehouse-builder-uae","Bring engineering clarity to your next Dubai build.","content image","emitronix-logo.png","1728","404","png","0c588c75d70f3ec952c8f687709cd1eb2fb573955d446b39d6f7a1c6c625e08d","/images/emitronix-logo","516","false","Logo/brand asset","Retain permitted shared brand/UI asset"
"/images/generated/services/structural-works-dubai-desktop.webp","/warehouse/warehouse-builder-uae","Warehouse Builder UAE for Dubai and UAE industrial projects","hero","structural-works-dubai-desktop.webp","1920","1080","webp","4bf3bf181c14ab09a61e2985246f2744934ede895ef0f09b375d1fad043838f6","/images/generated/services/structural-works-dubai","11","true","Important content image","Missing distinct real replacement; inherited duplicate retained pending suitable photograph"
"/images/project-warehouse-industrial-dubai.webp","/warehouse/warehouse-builder-uae","Warehouse Builder UAE","section photograph","project-warehouse-industrial-dubai.webp","1600","1067","webp","e4ef2024be4b8171e52da5857e3bf5568b5a04ee5a3ca041c5d30a1560ac9940","unsplash:photo-1592085198739-ffcad7f36b54","89","true","Important content image","Missing distinct real replacement; inherited duplicate retained pending suitable photograph"
"/images/project-authority-approvals-dubai.webp","/warehouse/warehouse-builder-uae","What controls warehouse builder uae before work reaches site.","section photograph","project-authority-approvals-dubai.webp","1600","1067","webp","9e6a366db121844fa3314f16050b33b077dcbcad8db4e5e18f35732dd43d074e","unsplash:photo-1581674662583-5e89b374fae6","172","true","Important content image","Missing distinct real replacement; inherited duplicate retained pending suitable photograph"
"/images/internal/industrial-steel-roof.webp","/warehouse/warehouse-builder-uae","Documents and inputs that reduce delay.","section photograph","industrial-steel-roof.webp","1920","1280","webp","4af6a0eb63cd82e853bc16e10c68342823c19ecca46e608b0c58b793e26760bb","unsplash:photo-1662120399978-738d233edbec","98","true","Important content image","Missing distinct real replacement; inherited duplicate retained pending suitable photograph"
"/images/internal/project-site-coordination.webp","/warehouse/warehouse-builder-uae","Authority pathways for Dubai warehouse projects.","section photograph","project-site-coordination.webp","1920","1280","webp","cd9197528dbb538734f8115efdca5952004cce0152888935f914030a997fbd69","unsplash:photo-1742112125567-3e8967bad60f","196","true","Important content image","Missing distinct real replacement; inherited duplicate retained pending suitable photograph"
"/images/emitronix-logo.png","/warehouse/warehouse-civil-contractor","header","card","emitronix-logo.png","1728","404","png","0c588c75d70f3ec952c8f687709cd1eb2fb573955d446b39d6f7a1c6c625e08d","/images/emitronix-logo","516","false","Logo/brand asset","Retain permitted shared brand/UI asset"
"/images/emitronix-logo.png","/warehouse/warehouse-civil-contractor","Bring engineering clarity to your next Dubai build.","content image","emitronix-logo.png","1728","404","png","0c588c75d70f3ec952c8f687709cd1eb2fb573955d446b39d6f7a1c6c625e08d","/images/emitronix-logo","516","false","Logo/brand asset","Retain permitted shared brand/UI asset"
"/images/generated/services/warehouse-construction-dubai-desktop.webp","/warehouse/warehouse-civil-contractor","Warehouse Civil Contractor for Dubai and UAE industrial projects","hero","warehouse-construction-dubai-desktop.webp","1920","1080","webp","29f35e553da03f3f1f64b896d9987fad0fd59e6c89f9d76b549a852415e6f1cc","/images/generated/services/warehouse-construction-dubai","11","true","Important content image","Missing distinct real replacement; inherited duplicate retained pending suitable photograph"
"/images/project-warehouse-industrial-dubai.webp","/warehouse/warehouse-civil-contractor","Warehouse Civil Contractor","section photograph","project-warehouse-industrial-dubai.webp","1600","1067","webp","e4ef2024be4b8171e52da5857e3bf5568b5a04ee5a3ca041c5d30a1560ac9940","unsplash:photo-1592085198739-ffcad7f36b54","89","true","Important content image","Missing distinct real replacement; inherited duplicate retained pending suitable photograph"
"/images/project-authority-approvals-dubai.webp","/warehouse/warehouse-civil-contractor","What controls warehouse civil contractor before work reaches site.","section photograph","project-authority-approvals-dubai.webp","1600","1067","webp","9e6a366db121844fa3314f16050b33b077dcbcad8db4e5e18f35732dd43d074e","unsplash:photo-1581674662583-5e89b374fae6","172","true","Important content image","Missing distinct real replacement; inherited duplicate retained pending suitable photograph"
"/images/internal/industrial-steel-roof.webp","/warehouse/warehouse-civil-contractor","Documents and inputs that reduce delay.","section photograph","industrial-steel-roof.webp","1920","1280","webp","4af6a0eb63cd82e853bc16e10c68342823c19ecca46e608b0c58b793e26760bb","unsplash:photo-1662120399978-738d233edbec","98","true","Important content image","Missing distinct real replacement; inherited duplicate retained pending suitable photograph"
"/images/internal/project-site-coordination.webp","/warehouse/warehouse-civil-contractor","Authority pathways for Dubai warehouse projects.","section photograph","project-site-coordination.webp","1920","1280","webp","cd9197528dbb538734f8115efdca5952004cce0152888935f914030a997fbd69","unsplash:photo-1742112125567-3e8967bad60f","196","true","Important content image","Missing distinct real replacement; inherited duplicate retained pending suitable photograph"
"/images/emitronix-logo.png","/warehouse/warehouse-civil-works","header","card","emitronix-logo.png","1728","404","png","0c588c75d70f3ec952c8f687709cd1eb2fb573955d446b39d6f7a1c6c625e08d","/images/emitronix-logo","516","false","Logo/brand asset","Retain permitted shared brand/UI asset"
"/images/emitronix-logo.png","/warehouse/warehouse-civil-works","Bring engineering clarity to your next Dubai build.","content image","emitronix-logo.png","1728","404","png","0c588c75d70f3ec952c8f687709cd1eb2fb573955d446b39d6f7a1c6c625e08d","/images/emitronix-logo","516","false","Logo/brand asset","Retain permitted shared brand/UI asset"
"/images/generated/services/industrial-construction-dubai-desktop.webp","/warehouse/warehouse-civil-works","Warehouse Civil Works for Dubai and UAE industrial projects","hero","industrial-construction-dubai-desktop.webp","1920","1080","webp","ff24868e50b9e47d02a50a53f1974570d6ac7de37f1976715212ad15901fc87c","/images/generated/services/industrial-construction-dubai","11","true","Important content image","Missing distinct real replacement; inherited duplicate retained pending suitable photograph"
"/images/project-warehouse-industrial-dubai.webp","/warehouse/warehouse-civil-works","Warehouse Civil Works","section photograph","project-warehouse-industrial-dubai.webp","1600","1067","webp","e4ef2024be4b8171e52da5857e3bf5568b5a04ee5a3ca041c5d30a1560ac9940","unsplash:photo-1592085198739-ffcad7f36b54","89","true","Important content image","Missing distinct real replacement; inherited duplicate retained pending suitable photograph"
"/images/project-authority-approvals-dubai.webp","/warehouse/warehouse-civil-works","What controls warehouse civil works before work reaches site.","section photograph","project-authority-approvals-dubai.webp","1600","1067","webp","9e6a366db121844fa3314f16050b33b077dcbcad8db4e5e18f35732dd43d074e","unsplash:photo-1581674662583-5e89b374fae6","172","true","Important content image","Missing distinct real replacement; inherited duplicate retained pending suitable photograph"
"/images/internal/industrial-steel-roof.webp","/warehouse/warehouse-civil-works","Documents and inputs that reduce delay.","section photograph","industrial-steel-roof.webp","1920","1280","webp","4af6a0eb63cd82e853bc16e10c68342823c19ecca46e608b0c58b793e26760bb","unsplash:photo-1662120399978-738d233edbec","98","true","Important content image","Missing distinct real replacement; inherited duplicate retained pending suitable photograph"
"/images/internal/project-site-coordination.webp","/warehouse/warehouse-civil-works","Authority pathways for Dubai warehouse projects.","section photograph","project-site-coordination.webp","1920","1280","webp","cd9197528dbb538734f8115efdca5952004cce0152888935f914030a997fbd69","unsplash:photo-1742112125567-3e8967bad60f","196","true","Important content image","Missing distinct real replacement; inherited duplicate retained pending suitable photograph"
"/images/emitronix-logo.png","/warehouse/warehouse-completion","header","card","emitronix-logo.png","1728","404","png","0c588c75d70f3ec952c8f687709cd1eb2fb573955d446b39d6f7a1c6c625e08d","/images/emitronix-logo","516","false","Logo/brand asset","Retain permitted shared brand/UI asset"
"/images/emitronix-logo.png","/warehouse/warehouse-completion","Bring engineering clarity to your next Dubai build.","content image","emitronix-logo.png","1728","404","png","0c588c75d70f3ec952c8f687709cd1eb2fb573955d446b39d6f7a1c6c625e08d","/images/emitronix-logo","516","false","Logo/brand asset","Retain permitted shared brand/UI asset"
"/images/generated/services/project-management-dubai-desktop.webp","/warehouse/warehouse-completion","Warehouse Completion for Dubai and UAE industrial projects","hero","project-management-dubai-desktop.webp","1920","1080","webp","7f992320ad15e965ed8c6650b5331b23806ac1ec39ddfa87a85a138597f12917","/images/generated/services/project-management-dubai","11","true","Important content image","Missing distinct real replacement; inherited duplicate retained pending suitable photograph"
"/images/project-warehouse-industrial-dubai.webp","/warehouse/warehouse-completion","Warehouse Completion","section photograph","project-warehouse-industrial-dubai.webp","1600","1067","webp","e4ef2024be4b8171e52da5857e3bf5568b5a04ee5a3ca041c5d30a1560ac9940","unsplash:photo-1592085198739-ffcad7f36b54","89","true","Important content image","Missing distinct real replacement; inherited duplicate retained pending suitable photograph"
"/images/project-authority-approvals-dubai.webp","/warehouse/warehouse-completion","What controls warehouse completion before work reaches site.","section photograph","project-authority-approvals-dubai.webp","1600","1067","webp","9e6a366db121844fa3314f16050b33b077dcbcad8db4e5e18f35732dd43d074e","unsplash:photo-1581674662583-5e89b374fae6","172","true","Important content image","Missing distinct real replacement; inherited duplicate retained pending suitable photograph"
"/images/internal/industrial-steel-roof.webp","/warehouse/warehouse-completion","Documents and inputs that reduce delay.","section photograph","industrial-steel-roof.webp","1920","1280","webp","4af6a0eb63cd82e853bc16e10c68342823c19ecca46e608b0c58b793e26760bb","unsplash:photo-1662120399978-738d233edbec","98","true","Important content image","Missing distinct real replacement; inherited duplicate retained pending suitable photograph"
"/images/internal/project-site-coordination.webp","/warehouse/warehouse-completion","Authority pathways for Dubai warehouse projects.","section photograph","project-site-coordination.webp","1920","1280","webp","cd9197528dbb538734f8115efdca5952004cce0152888935f914030a997fbd69","unsplash:photo-1742112125567-3e8967bad60f","196","true","Important content image","Missing distinct real replacement; inherited duplicate retained pending suitable photograph"
"/images/emitronix-logo.png","/warehouse/warehouse-compliance-uae","header","card","emitronix-logo.png","1728","404","png","0c588c75d70f3ec952c8f687709cd1eb2fb573955d446b39d6f7a1c6c625e08d","/images/emitronix-logo","516","false","Logo/brand asset","Retain permitted shared brand/UI asset"
"/images/emitronix-logo.png","/warehouse/warehouse-compliance-uae","Bring engineering clarity to your next Dubai build.","content image","emitronix-logo.png","1728","404","png","0c588c75d70f3ec952c8f687709cd1eb2fb573955d446b39d6f7a1c6c625e08d","/images/emitronix-logo","516","false","Logo/brand asset","Retain permitted shared brand/UI asset"
"/images/generated/services/design-build-contractor-dubai-desktop.webp","/warehouse/warehouse-compliance-uae","Warehouse Compliance UAE for Dubai and UAE industrial projects","hero","design-build-contractor-dubai-desktop.webp","1920","1080","webp","e16233fe99f6df8b3e0038eb70072789e37119b24b708fc5e8c4671509881a19","/images/generated/services/design-build-contractor-dubai","11","true","Important content image","Missing distinct real replacement; inherited duplicate retained pending suitable photograph"
"/images/project-warehouse-industrial-dubai.webp","/warehouse/warehouse-compliance-uae","Warehouse Compliance UAE","section photograph","project-warehouse-industrial-dubai.webp","1600","1067","webp","e4ef2024be4b8171e52da5857e3bf5568b5a04ee5a3ca041c5d30a1560ac9940","unsplash:photo-1592085198739-ffcad7f36b54","89","true","Important content image","Missing distinct real replacement; inherited duplicate retained pending suitable photograph"
"/images/project-authority-approvals-dubai.webp","/warehouse/warehouse-compliance-uae","What controls warehouse compliance uae before work reaches site.","section photograph","project-authority-approvals-dubai.webp","1600","1067","webp","9e6a366db121844fa3314f16050b33b077dcbcad8db4e5e18f35732dd43d074e","unsplash:photo-1581674662583-5e89b374fae6","172","true","Important content image","Missing distinct real replacement; inherited duplicate retained pending suitable photograph"
"/images/internal/industrial-steel-roof.webp","/warehouse/warehouse-compliance-uae","Documents and inputs that reduce delay.","section photograph","industrial-steel-roof.webp","1920","1280","webp","4af6a0eb63cd82e853bc16e10c68342823c19ecca46e608b0c58b793e26760bb","unsplash:photo-1662120399978-738d233edbec","98","true","Important content image","Missing distinct real replacement; inherited duplicate retained pending suitable photograph"
"/images/internal/project-site-coordination.webp","/warehouse/warehouse-compliance-uae","Authority pathways for Dubai warehouse projects.","section photograph","project-site-coordination.webp","1920","1280","webp","cd9197528dbb538734f8115efdca5952004cce0152888935f914030a997fbd69","unsplash:photo-1742112125567-3e8967bad60f","196","true","Important content image","Missing distinct real replacement; inherited duplicate retained pending suitable photograph"
"/images/emitronix-logo.png","/warehouse/warehouse-concrete-works","header","card","emitronix-logo.png","1728","404","png","0c588c75d70f3ec952c8f687709cd1eb2fb573955d446b39d6f7a1c6c625e08d","/images/emitronix-logo","516","false","Logo/brand asset","Retain permitted shared brand/UI asset"
"/images/emitronix-logo.png","/warehouse/warehouse-concrete-works","Bring engineering clarity to your next Dubai build.","content image","emitronix-logo.png","1728","404","png","0c588c75d70f3ec952c8f687709cd1eb2fb573955d446b39d6f7a1c6c625e08d","/images/emitronix-logo","516","false","Logo/brand asset","Retain permitted shared brand/UI asset"
"/images/generated/services/project-management-dubai-desktop.webp","/warehouse/warehouse-concrete-works","Warehouse Concrete Works for Dubai and UAE industrial projects","hero","project-management-dubai-desktop.webp","1920","1080","webp","7f992320ad15e965ed8c6650b5331b23806ac1ec39ddfa87a85a138597f12917","/images/generated/services/project-management-dubai","11","true","Important content image","Missing distinct real replacement; inherited duplicate retained pending suitable photograph"
"/images/civil-contractor-dubai-construction-site.webp","/warehouse/warehouse-concrete-works","Warehouse Concrete Works","section photograph","civil-contractor-dubai-construction-site.webp","900","540","webp","284f2e21bc038689c02e9cb8e7b71ecf72e6e01f6dc6bf6bafafdb95a7d0fe4a","unsplash:photo-1541888946425-d81bb19240f5","16","true","Important content image","Missing distinct real replacement; inherited duplicate retained pending suitable photograph"
"/images/project-authority-approvals-dubai.webp","/warehouse/warehouse-concrete-works","What controls warehouse concrete works before work reaches site.","section photograph","project-authority-approvals-dubai.webp","1600","1067","webp","9e6a366db121844fa3314f16050b33b077dcbcad8db4e5e18f35732dd43d074e","unsplash:photo-1581674662583-5e89b374fae6","172","true","Important content image","Missing distinct real replacement; inherited duplicate retained pending suitable photograph"
"/images/internal/structural-reinforcement.webp","/warehouse/warehouse-concrete-works","Documents and inputs that reduce delay.","section photograph","structural-reinforcement.webp","1920","1275","webp","ef49d14a5548ad6335c818120ca1dcba48521e82a503fc9ec30d0a2ce43c9527","unsplash:photo-1768677903496-becc4be07258","13","true","Important content image","Missing distinct real replacement; inherited duplicate retained pending suitable photograph"
"/images/internal/project-site-coordination.webp","/warehouse/warehouse-concrete-works","Authority pathways for Dubai warehouse projects.","section photograph","project-site-coordination.webp","1920","1280","webp","cd9197528dbb538734f8115efdca5952004cce0152888935f914030a997fbd69","unsplash:photo-1742112125567-3e8967bad60f","196","true","Important content image","Missing distinct real replacement; inherited duplicate retained pending suitable photograph"
"/images/emitronix-logo.png","/warehouse/warehouse-construction-dubai","header","card","emitronix-logo.png","1728","404","png","0c588c75d70f3ec952c8f687709cd1eb2fb573955d446b39d6f7a1c6c625e08d","/images/emitronix-logo","516","false","Logo/brand asset","Retain permitted shared brand/UI asset"
"/images/emitronix-logo.png","/warehouse/warehouse-construction-dubai","Bring engineering clarity to your next Dubai build.","content image","emitronix-logo.png","1728","404","png","0c588c75d70f3ec952c8f687709cd1eb2fb573955d446b39d6f7a1c6c625e08d","/images/emitronix-logo","516","false","Logo/brand asset","Retain permitted shared brand/UI asset"
"/images/generated/services/warehouse-construction-dubai-desktop.webp","/warehouse/warehouse-construction-dubai","Warehouse Construction Dubai for Dubai and UAE industrial projects","hero","warehouse-construction-dubai-desktop.webp","1920","1080","webp","29f35e553da03f3f1f64b896d9987fad0fd59e6c89f9d76b549a852415e6f1cc","/images/generated/services/warehouse-construction-dubai","11","true","Important content image","Missing distinct real replacement; inherited duplicate retained pending suitable photograph"
"/images/project-warehouse-industrial-dubai.webp","/warehouse/warehouse-construction-dubai","Warehouse Construction Dubai","section photograph","project-warehouse-industrial-dubai.webp","1600","1067","webp","e4ef2024be4b8171e52da5857e3bf5568b5a04ee5a3ca041c5d30a1560ac9940","unsplash:photo-1592085198739-ffcad7f36b54","89","true","Important content image","Missing distinct real replacement; inherited duplicate retained pending suitable photograph"
"/images/project-authority-approvals-dubai.webp","/warehouse/warehouse-construction-dubai","What controls warehouse construction dubai before work reaches site.","section photograph","project-authority-approvals-dubai.webp","1600","1067","webp","9e6a366db121844fa3314f16050b33b077dcbcad8db4e5e18f35732dd43d074e","unsplash:photo-1581674662583-5e89b374fae6","172","true","Important content image","Missing distinct real replacement; inherited duplicate retained pending suitable photograph"
"/images/internal/industrial-steel-roof.webp","/warehouse/warehouse-construction-dubai","Documents and inputs that reduce delay.","section photograph","industrial-steel-roof.webp","1920","1280","webp","4af6a0eb63cd82e853bc16e10c68342823c19ecca46e608b0c58b793e26760bb","unsplash:photo-1662120399978-738d233edbec","98","true","Important content image","Missing distinct real replacement; inherited duplicate retained pending suitable photograph"
"/images/internal/project-site-coordination.webp","/warehouse/warehouse-construction-dubai","Authority pathways for Dubai warehouse projects.","section photograph","project-site-coordination.webp","1920","1280","webp","cd9197528dbb538734f8115efdca5952004cce0152888935f914030a997fbd69","unsplash:photo-1742112125567-3e8967bad60f","196","true","Important content image","Missing distinct real replacement; inherited duplicate retained pending suitable photograph"
"/images/emitronix-logo.png","/warehouse/warehouse-construction-timeline","header","card","emitronix-logo.png","1728","404","png","0c588c75d70f3ec952c8f687709cd1eb2fb573955d446b39d6f7a1c6c625e08d","/images/emitronix-logo","516","false","Logo/brand asset","Retain permitted shared brand/UI asset"
"/images/emitronix-logo.png","/warehouse/warehouse-construction-timeline","Bring engineering clarity to your next Dubai build.","content image","emitronix-logo.png","1728","404","png","0c588c75d70f3ec952c8f687709cd1eb2fb573955d446b39d6f7a1c6c625e08d","/images/emitronix-logo","516","false","Logo/brand asset","Retain permitted shared brand/UI asset"
"/images/generated/services/project-management-dubai-desktop.webp","/warehouse/warehouse-construction-timeline","Warehouse Construction Timeline for Dubai and UAE industrial projects","hero","project-management-dubai-desktop.webp","1920","1080","webp","7f992320ad15e965ed8c6650b5331b23806ac1ec39ddfa87a85a138597f12917","/images/generated/services/project-management-dubai","11","true","Important content image","Missing distinct real replacement; inherited duplicate retained pending suitable photograph"
"/images/project-warehouse-industrial-dubai.webp","/warehouse/warehouse-construction-timeline","Warehouse Construction Timeline","section photograph","project-warehouse-industrial-dubai.webp","1600","1067","webp","e4ef2024be4b8171e52da5857e3bf5568b5a04ee5a3ca041c5d30a1560ac9940","unsplash:photo-1592085198739-ffcad7f36b54","89","true","Important content image","Missing distinct real replacement; inherited duplicate retained pending suitable photograph"
"/images/project-authority-approvals-dubai.webp","/warehouse/warehouse-construction-timeline","What controls warehouse construction timeline before work reaches site.","section photograph","project-authority-approvals-dubai.webp","1600","1067","webp","9e6a366db121844fa3314f16050b33b077dcbcad8db4e5e18f35732dd43d074e","unsplash:photo-1581674662583-5e89b374fae6","172","true","Important content image","Missing distinct real replacement; inherited duplicate retained pending suitable photograph"
"/images/internal/industrial-steel-roof.webp","/warehouse/warehouse-construction-timeline","Documents and inputs that reduce delay.","section photograph","industrial-steel-roof.webp","1920","1280","webp","4af6a0eb63cd82e853bc16e10c68342823c19ecca46e608b0c58b793e26760bb","unsplash:photo-1662120399978-738d233edbec","98","true","Important content image","Missing distinct real replacement; inherited duplicate retained pending suitable photograph"
"/images/internal/project-site-coordination.webp","/warehouse/warehouse-construction-timeline","Authority pathways for Dubai warehouse projects.","section photograph","project-site-coordination.webp","1920","1280","webp","cd9197528dbb538734f8115efdca5952004cce0152888935f914030a997fbd69","unsplash:photo-1742112125567-3e8967bad60f","196","true","Important content image","Missing distinct real replacement; inherited duplicate retained pending suitable photograph"
"/images/emitronix-logo.png","/warehouse/warehouse-consultant","header","card","emitronix-logo.png","1728","404","png","0c588c75d70f3ec952c8f687709cd1eb2fb573955d446b39d6f7a1c6c625e08d","/images/emitronix-logo","516","false","Logo/brand asset","Retain permitted shared brand/UI asset"
"/images/emitronix-logo.png","/warehouse/warehouse-consultant","Bring engineering clarity to your next Dubai build.","content image","emitronix-logo.png","1728","404","png","0c588c75d70f3ec952c8f687709cd1eb2fb573955d446b39d6f7a1c6c625e08d","/images/emitronix-logo","516","false","Logo/brand asset","Retain permitted shared brand/UI asset"
"/images/generated/services/warehouse-construction-dubai-desktop.webp","/warehouse/warehouse-consultant","Warehouse Consultant for Dubai and UAE industrial projects","hero","warehouse-construction-dubai-desktop.webp","1920","1080","webp","29f35e553da03f3f1f64b896d9987fad0fd59e6c89f9d76b549a852415e6f1cc","/images/generated/services/warehouse-construction-dubai","11","true","Important content image","Missing distinct real replacement; inherited duplicate retained pending suitable photograph"
"/images/project-warehouse-industrial-dubai.webp","/warehouse/warehouse-consultant","Warehouse Consultant","section photograph","project-warehouse-industrial-dubai.webp","1600","1067","webp","e4ef2024be4b8171e52da5857e3bf5568b5a04ee5a3ca041c5d30a1560ac9940","unsplash:photo-1592085198739-ffcad7f36b54","89","true","Important content image","Missing distinct real replacement; inherited duplicate retained pending suitable photograph"
"/images/project-authority-approvals-dubai.webp","/warehouse/warehouse-consultant","What controls warehouse consultant before work reaches site.","section photograph","project-authority-approvals-dubai.webp","1600","1067","webp","9e6a366db121844fa3314f16050b33b077dcbcad8db4e5e18f35732dd43d074e","unsplash:photo-1581674662583-5e89b374fae6","172","true","Important content image","Missing distinct real replacement; inherited duplicate retained pending suitable photograph"
"/images/internal/industrial-steel-roof.webp","/warehouse/warehouse-consultant","Documents and inputs that reduce delay.","section photograph","industrial-steel-roof.webp","1920","1280","webp","4af6a0eb63cd82e853bc16e10c68342823c19ecca46e608b0c58b793e26760bb","unsplash:photo-1662120399978-738d233edbec","98","true","Important content image","Missing distinct real replacement; inherited duplicate retained pending suitable photograph"
"/images/internal/project-site-coordination.webp","/warehouse/warehouse-consultant","Authority pathways for Dubai warehouse projects.","section photograph","project-site-coordination.webp","1920","1280","webp","cd9197528dbb538734f8115efdca5952004cce0152888935f914030a997fbd69","unsplash:photo-1742112125567-3e8967bad60f","196","true","Important content image","Missing distinct real replacement; inherited duplicate retained pending suitable photograph"
"/images/emitronix-logo.png","/warehouse/warehouse-contractor-checklist","header","card","emitronix-logo.png","1728","404","png","0c588c75d70f3ec952c8f687709cd1eb2fb573955d446b39d6f7a1c6c625e08d","/images/emitronix-logo","516","false","Logo/brand asset","Retain permitted shared brand/UI asset"
"/images/emitronix-logo.png","/warehouse/warehouse-contractor-checklist","Bring engineering clarity to your next Dubai build.","content image","emitronix-logo.png","1728","404","png","0c588c75d70f3ec952c8f687709cd1eb2fb573955d446b39d6f7a1c6c625e08d","/images/emitronix-logo","516","false","Logo/brand asset","Retain permitted shared brand/UI asset"
"/images/generated/services/industrial-construction-dubai-desktop.webp","/warehouse/warehouse-contractor-checklist","Warehouse Contractor Checklist for Dubai and UAE industrial projects","hero","industrial-construction-dubai-desktop.webp","1920","1080","webp","ff24868e50b9e47d02a50a53f1974570d6ac7de37f1976715212ad15901fc87c","/images/generated/services/industrial-construction-dubai","11","true","Important content image","Missing distinct real replacement; inherited duplicate retained pending suitable photograph"
"/images/project-warehouse-industrial-dubai.webp","/warehouse/warehouse-contractor-checklist","Warehouse Contractor Checklist","section photograph","project-warehouse-industrial-dubai.webp","1600","1067","webp","e4ef2024be4b8171e52da5857e3bf5568b5a04ee5a3ca041c5d30a1560ac9940","unsplash:photo-1592085198739-ffcad7f36b54","89","true","Important content image","Missing distinct real replacement; inherited duplicate retained pending suitable photograph"
"/images/project-authority-approvals-dubai.webp","/warehouse/warehouse-contractor-checklist","What controls warehouse contractor checklist before work reaches site.","section photograph","project-authority-approvals-dubai.webp","1600","1067","webp","9e6a366db121844fa3314f16050b33b077dcbcad8db4e5e18f35732dd43d074e","unsplash:photo-1581674662583-5e89b374fae6","172","true","Important content image","Missing distinct real replacement; inherited duplicate retained pending suitable photograph"
"/images/internal/industrial-steel-roof.webp","/warehouse/warehouse-contractor-checklist","Documents and inputs that reduce delay.","section photograph","industrial-steel-roof.webp","1920","1280","webp","4af6a0eb63cd82e853bc16e10c68342823c19ecca46e608b0c58b793e26760bb","unsplash:photo-1662120399978-738d233edbec","98","true","Important content image","Missing distinct real replacement; inherited duplicate retained pending suitable photograph"
"/images/internal/project-site-coordination.webp","/warehouse/warehouse-contractor-checklist","Authority pathways for Dubai warehouse projects.","section photograph","project-site-coordination.webp","1920","1280","webp","cd9197528dbb538734f8115efdca5952004cce0152888935f914030a997fbd69","unsplash:photo-1742112125567-3e8967bad60f","196","true","Important content image","Missing distinct real replacement; inherited duplicate retained pending suitable photograph"
"/images/emitronix-logo.png","/warehouse/warehouse-contractors-dubai","header","card","emitronix-logo.png","1728","404","png","0c588c75d70f3ec952c8f687709cd1eb2fb573955d446b39d6f7a1c6c625e08d","/images/emitronix-logo","516","false","Logo/brand asset","Retain permitted shared brand/UI asset"
"/images/emitronix-logo.png","/warehouse/warehouse-contractors-dubai","Bring engineering clarity to your next Dubai build.","content image","emitronix-logo.png","1728","404","png","0c588c75d70f3ec952c8f687709cd1eb2fb573955d446b39d6f7a1c6c625e08d","/images/emitronix-logo","516","false","Logo/brand asset","Retain permitted shared brand/UI asset"
"/images/generated/services/industrial-construction-dubai-desktop.webp","/warehouse/warehouse-contractors-dubai","Warehouse Contractors Dubai for Dubai and UAE industrial projects","hero","industrial-construction-dubai-desktop.webp","1920","1080","webp","ff24868e50b9e47d02a50a53f1974570d6ac7de37f1976715212ad15901fc87c","/images/generated/services/industrial-construction-dubai","11","true","Important content image","Missing distinct real replacement; inherited duplicate retained pending suitable photograph"
"/images/project-warehouse-industrial-dubai.webp","/warehouse/warehouse-contractors-dubai","Warehouse Contractors Dubai","section photograph","project-warehouse-industrial-dubai.webp","1600","1067","webp","e4ef2024be4b8171e52da5857e3bf5568b5a04ee5a3ca041c5d30a1560ac9940","unsplash:photo-1592085198739-ffcad7f36b54","89","true","Important content image","Missing distinct real replacement; inherited duplicate retained pending suitable photograph"
"/images/project-authority-approvals-dubai.webp","/warehouse/warehouse-contractors-dubai","What controls warehouse contractors dubai before work reaches site.","section photograph","project-authority-approvals-dubai.webp","1600","1067","webp","9e6a366db121844fa3314f16050b33b077dcbcad8db4e5e18f35732dd43d074e","unsplash:photo-1581674662583-5e89b374fae6","172","true","Important content image","Missing distinct real replacement; inherited duplicate retained pending suitable photograph"
"/images/internal/industrial-steel-roof.webp","/warehouse/warehouse-contractors-dubai","Documents and inputs that reduce delay.","section photograph","industrial-steel-roof.webp","1920","1280","webp","4af6a0eb63cd82e853bc16e10c68342823c19ecca46e608b0c58b793e26760bb","unsplash:photo-1662120399978-738d233edbec","98","true","Important content image","Missing distinct real replacement; inherited duplicate retained pending suitable photograph"
"/images/internal/project-site-coordination.webp","/warehouse/warehouse-contractors-dubai","Authority pathways for Dubai warehouse projects.","section photograph","project-site-coordination.webp","1920","1280","webp","cd9197528dbb538734f8115efdca5952004cce0152888935f914030a997fbd69","unsplash:photo-1742112125567-3e8967bad60f","196","true","Important content image","Missing distinct real replacement; inherited duplicate retained pending suitable photograph"
"/images/emitronix-logo.png","/warehouse/warehouse-cost-guide","header","card","emitronix-logo.png","1728","404","png","0c588c75d70f3ec952c8f687709cd1eb2fb573955d446b39d6f7a1c6c625e08d","/images/emitronix-logo","516","false","Logo/brand asset","Retain permitted shared brand/UI asset"
"/images/emitronix-logo.png","/warehouse/warehouse-cost-guide","Bring engineering clarity to your next Dubai build.","content image","emitronix-logo.png","1728","404","png","0c588c75d70f3ec952c8f687709cd1eb2fb573955d446b39d6f7a1c6c625e08d","/images/emitronix-logo","516","false","Logo/brand asset","Retain permitted shared brand/UI asset"
"/images/generated/services/design-build-contractor-dubai-desktop.webp","/warehouse/warehouse-cost-guide","Warehouse Cost Guide for Dubai and UAE industrial projects","hero","design-build-contractor-dubai-desktop.webp","1920","1080","webp","e16233fe99f6df8b3e0038eb70072789e37119b24b708fc5e8c4671509881a19","/images/generated/services/design-build-contractor-dubai","11","true","Important content image","Missing distinct real replacement; inherited duplicate retained pending suitable photograph"
"/images/project-warehouse-industrial-dubai.webp","/warehouse/warehouse-cost-guide","Warehouse Cost Guide","section photograph","project-warehouse-industrial-dubai.webp","1600","1067","webp","e4ef2024be4b8171e52da5857e3bf5568b5a04ee5a3ca041c5d30a1560ac9940","unsplash:photo-1592085198739-ffcad7f36b54","89","true","Important content image","Missing distinct real replacement; inherited duplicate retained pending suitable photograph"
"/images/project-authority-approvals-dubai.webp","/warehouse/warehouse-cost-guide","What controls warehouse cost guide before work reaches site.","section photograph","project-authority-approvals-dubai.webp","1600","1067","webp","9e6a366db121844fa3314f16050b33b077dcbcad8db4e5e18f35732dd43d074e","unsplash:photo-1581674662583-5e89b374fae6","172","true","Important content image","Missing distinct real replacement; inherited duplicate retained pending suitable photograph"
"/images/internal/industrial-steel-roof.webp","/warehouse/warehouse-cost-guide","Documents and inputs that reduce delay.","section photograph","industrial-steel-roof.webp","1920","1280","webp","4af6a0eb63cd82e853bc16e10c68342823c19ecca46e608b0c58b793e26760bb","unsplash:photo-1662120399978-738d233edbec","98","true","Important content image","Missing distinct real replacement; inherited duplicate retained pending suitable photograph"
"/images/internal/project-site-coordination.webp","/warehouse/warehouse-cost-guide","Authority pathways for Dubai warehouse projects.","section photograph","project-site-coordination.webp","1920","1280","webp","cd9197528dbb538734f8115efdca5952004cce0152888935f914030a997fbd69","unsplash:photo-1742112125567-3e8967bad60f","196","true","Important content image","Missing distinct real replacement; inherited duplicate retained pending suitable photograph"
"/images/emitronix-logo.png","/warehouse/warehouse-dcd-approvals","header","card","emitronix-logo.png","1728","404","png","0c588c75d70f3ec952c8f687709cd1eb2fb573955d446b39d6f7a1c6c625e08d","/images/emitronix-logo","516","false","Logo/brand asset","Retain permitted shared brand/UI asset"
"/images/emitronix-logo.png","/warehouse/warehouse-dcd-approvals","Bring engineering clarity to your next Dubai build.","content image","emitronix-logo.png","1728","404","png","0c588c75d70f3ec952c8f687709cd1eb2fb573955d446b39d6f7a1c6c625e08d","/images/emitronix-logo","516","false","Logo/brand asset","Retain permitted shared brand/UI asset"
"/images/generated/services/design-build-contractor-dubai-desktop.webp","/warehouse/warehouse-dcd-approvals","Warehouse DCD Approvals for Dubai and UAE industrial projects","hero","design-build-contractor-dubai-desktop.webp","1920","1080","webp","e16233fe99f6df8b3e0038eb70072789e37119b24b708fc5e8c4671509881a19","/images/generated/services/design-build-contractor-dubai","11","true","Important content image","Missing distinct real replacement; inherited duplicate retained pending suitable photograph"
"/images/internal/fire-sprinkler-pipework.webp","/warehouse/warehouse-dcd-approvals","Warehouse DCD Approvals","section photograph","fire-sprinkler-pipework.webp","1920","1440","webp","1fce7f82f68d30b0ae6920075bbeeb0a9741912efd20cd662ec8d623dc38a5ec","pexels:37352142","16","true","Important content image","Missing distinct real replacement; inherited duplicate retained pending suitable photograph"
"/images/internal/architectural-drawing-review.webp","/warehouse/warehouse-dcd-approvals","What controls warehouse dcd approvals before work reaches site.","section photograph","architectural-drawing-review.webp","1920","2768","webp","0242bd81c319b862ae61dd9d38bc8e4d8212b5ba25e6907ca56c07b1bf998804","unsplash:photo-1608303588026-884930af2559","95","true","Important content image","Missing distinct real replacement; inherited duplicate retained pending suitable photograph"
"/images/project-mep-coordination-dubai.webp","/warehouse/warehouse-dcd-approvals","Documents and inputs that reduce delay.","section photograph","project-mep-coordination-dubai.webp","1600","1067","webp","43d0c568cd1d56ff412d73507931d1a606c38601caed94d7db5377f05003b49d","unsplash:photo-1778514825784-0659eaf8e7a2","27","true","Important content image","Missing distinct real replacement; inherited duplicate retained pending suitable photograph"
"/images/internal/project-site-coordination.webp","/warehouse/warehouse-dcd-approvals","Authority pathways for Dubai warehouse projects.","section photograph","project-site-coordination.webp","1920","1280","webp","cd9197528dbb538734f8115efdca5952004cce0152888935f914030a997fbd69","unsplash:photo-1742112125567-3e8967bad60f","196","true","Important content image","Missing distinct real replacement; inherited duplicate retained pending suitable photograph"
"/images/emitronix-logo.png","/warehouse/warehouse-design-build","header","card","emitronix-logo.png","1728","404","png","0c588c75d70f3ec952c8f687709cd1eb2fb573955d446b39d6f7a1c6c625e08d","/images/emitronix-logo","516","false","Logo/brand asset","Retain permitted shared brand/UI asset"
"/images/emitronix-logo.png","/warehouse/warehouse-design-build","Bring engineering clarity to your next Dubai build.","content image","emitronix-logo.png","1728","404","png","0c588c75d70f3ec952c8f687709cd1eb2fb573955d446b39d6f7a1c6c625e08d","/images/emitronix-logo","516","false","Logo/brand asset","Retain permitted shared brand/UI asset"
"/images/generated/services/industrial-construction-dubai-desktop.webp","/warehouse/warehouse-design-build","Warehouse Design & Build for Dubai and UAE industrial projects","hero","industrial-construction-dubai-desktop.webp","1920","1080","webp","ff24868e50b9e47d02a50a53f1974570d6ac7de37f1976715212ad15901fc87c","/images/generated/services/industrial-construction-dubai","11","true","Important content image","Missing distinct real replacement; inherited duplicate retained pending suitable photograph"
"/images/project-warehouse-industrial-dubai.webp","/warehouse/warehouse-design-build","Warehouse Design & Build","section photograph","project-warehouse-industrial-dubai.webp","1600","1067","webp","e4ef2024be4b8171e52da5857e3bf5568b5a04ee5a3ca041c5d30a1560ac9940","unsplash:photo-1592085198739-ffcad7f36b54","89","true","Important content image","Missing distinct real replacement; inherited duplicate retained pending suitable photograph"
"/images/project-authority-approvals-dubai.webp","/warehouse/warehouse-design-build","What controls warehouse design & build before work reaches site.","section photograph","project-authority-approvals-dubai.webp","1600","1067","webp","9e6a366db121844fa3314f16050b33b077dcbcad8db4e5e18f35732dd43d074e","unsplash:photo-1581674662583-5e89b374fae6","172","true","Important content image","Missing distinct real replacement; inherited duplicate retained pending suitable photograph"
"/images/internal/industrial-steel-roof.webp","/warehouse/warehouse-design-build","Documents and inputs that reduce delay.","section photograph","industrial-steel-roof.webp","1920","1280","webp","4af6a0eb63cd82e853bc16e10c68342823c19ecca46e608b0c58b793e26760bb","unsplash:photo-1662120399978-738d233edbec","98","true","Important content image","Missing distinct real replacement; inherited duplicate retained pending suitable photograph"
"/images/internal/project-site-coordination.webp","/warehouse/warehouse-design-build","Authority pathways for Dubai warehouse projects.","section photograph","project-site-coordination.webp","1920","1280","webp","cd9197528dbb538734f8115efdca5952004cce0152888935f914030a997fbd69","unsplash:photo-1742112125567-3e8967bad60f","196","true","Important content image","Missing distinct real replacement; inherited duplicate retained pending suitable photograph"
"/images/emitronix-logo.png","/warehouse/warehouse-design-standards-uae","header","card","emitronix-logo.png","1728","404","png","0c588c75d70f3ec952c8f687709cd1eb2fb573955d446b39d6f7a1c6c625e08d","/images/emitronix-logo","516","false","Logo/brand asset","Retain permitted shared brand/UI asset"
"/images/emitronix-logo.png","/warehouse/warehouse-design-standards-uae","Bring engineering clarity to your next Dubai build.","content image","emitronix-logo.png","1728","404","png","0c588c75d70f3ec952c8f687709cd1eb2fb573955d446b39d6f7a1c6c625e08d","/images/emitronix-logo","516","false","Logo/brand asset","Retain permitted shared brand/UI asset"
"/images/generated/services/warehouse-construction-dubai-desktop.webp","/warehouse/warehouse-design-standards-uae","Warehouse Design Standards UAE for Dubai and UAE industrial projects","hero","warehouse-construction-dubai-desktop.webp","1920","1080","webp","29f35e553da03f3f1f64b896d9987fad0fd59e6c89f9d76b549a852415e6f1cc","/images/generated/services/warehouse-construction-dubai","11","true","Important content image","Missing distinct real replacement; inherited duplicate retained pending suitable photograph"
"/images/project-warehouse-industrial-dubai.webp","/warehouse/warehouse-design-standards-uae","Warehouse Design Standards UAE","section photograph","project-warehouse-industrial-dubai.webp","1600","1067","webp","e4ef2024be4b8171e52da5857e3bf5568b5a04ee5a3ca041c5d30a1560ac9940","unsplash:photo-1592085198739-ffcad7f36b54","89","true","Important content image","Missing distinct real replacement; inherited duplicate retained pending suitable photograph"
"/images/project-authority-approvals-dubai.webp","/warehouse/warehouse-design-standards-uae","What controls warehouse design standards uae before work reaches site.","section photograph","project-authority-approvals-dubai.webp","1600","1067","webp","9e6a366db121844fa3314f16050b33b077dcbcad8db4e5e18f35732dd43d074e","unsplash:photo-1581674662583-5e89b374fae6","172","true","Important content image","Missing distinct real replacement; inherited duplicate retained pending suitable photograph"
"/images/internal/industrial-steel-roof.webp","/warehouse/warehouse-design-standards-uae","Documents and inputs that reduce delay.","section photograph","industrial-steel-roof.webp","1920","1280","webp","4af6a0eb63cd82e853bc16e10c68342823c19ecca46e608b0c58b793e26760bb","unsplash:photo-1662120399978-738d233edbec","98","true","Important content image","Missing distinct real replacement; inherited duplicate retained pending suitable photograph"
"/images/internal/project-site-coordination.webp","/warehouse/warehouse-design-standards-uae","Authority pathways for Dubai warehouse projects.","section photograph","project-site-coordination.webp","1920","1280","webp","cd9197528dbb538734f8115efdca5952004cce0152888935f914030a997fbd69","unsplash:photo-1742112125567-3e8967bad60f","196","true","Important content image","Missing distinct real replacement; inherited duplicate retained pending suitable photograph"
"/images/emitronix-logo.png","/warehouse/warehouse-dewa-approvals","header","card","emitronix-logo.png","1728","404","png","0c588c75d70f3ec952c8f687709cd1eb2fb573955d446b39d6f7a1c6c625e08d","/images/emitronix-logo","516","false","Logo/brand asset","Retain permitted shared brand/UI asset"
"/images/emitronix-logo.png","/warehouse/warehouse-dewa-approvals","Bring engineering clarity to your next Dubai build.","content image","emitronix-logo.png","1728","404","png","0c588c75d70f3ec952c8f687709cd1eb2fb573955d446b39d6f7a1c6c625e08d","/images/emitronix-logo","516","false","Logo/brand asset","Retain permitted shared brand/UI asset"
"/images/generated/services/industrial-construction-dubai-desktop.webp","/warehouse/warehouse-dewa-approvals","Warehouse DEWA Approvals for Dubai and UAE industrial projects","hero","industrial-construction-dubai-desktop.webp","1920","1080","webp","ff24868e50b9e47d02a50a53f1974570d6ac7de37f1976715212ad15901fc87c","/images/generated/services/industrial-construction-dubai","11","true","Important content image","Missing distinct real replacement; inherited duplicate retained pending suitable photograph"
"/images/internal/architectural-drawing-review.webp","/warehouse/warehouse-dewa-approvals","Warehouse DEWA Approvals","section photograph","architectural-drawing-review.webp","1920","2768","webp","0242bd81c319b862ae61dd9d38bc8e4d8212b5ba25e6907ca56c07b1bf998804","unsplash:photo-1608303588026-884930af2559","95","true","Important content image","Missing distinct real replacement; inherited duplicate retained pending suitable photograph"
"/images/project-building-maintenance-dubai.webp","/warehouse/warehouse-dewa-approvals","What controls warehouse dewa approvals before work reaches site.","section photograph","project-building-maintenance-dubai.webp","1600","1067","webp","9bdbd67da8c0986cbe0e34ec9fb0009184ecec09b1592a9adaec67eaa2eecabd","unsplash:photo-1621905251189-08b45d6a269e","9","true","Important content image","Missing distinct real replacement; inherited duplicate retained pending suitable photograph"
"/images/dewa-hv-lv-cable-works-dubai.webp","/warehouse/warehouse-dewa-approvals","Documents and inputs that reduce delay.","section photograph","dewa-hv-lv-cable-works-dubai.webp","1400","788","webp","7f7cfe3f5a287a0070b990102e29d1613c9d69f58e3cafe18b3db6e7c0647e8b","unsplash:photo-1608574839637-2f7d0290d01d","14","true","Important content image","Missing distinct real replacement; inherited duplicate retained pending suitable photograph"
"/images/dewa-lv-inspection-testing-dubai.webp","/warehouse/warehouse-dewa-approvals","Authority pathways for Dubai warehouse projects.","section photograph","dewa-lv-inspection-testing-dubai.webp","1400","788","webp","6c38d22b8703b98ed272fdf7bea3f8bfc066112c59ea58a1b972be01eb812a8e","unsplash:photo-1758101755915-462eddc23f57","8","true","Important content image","Missing distinct real replacement; inherited duplicate retained pending suitable photograph"
"/images/emitronix-logo.png","/warehouse/warehouse-dm-approvals","header","card","emitronix-logo.png","1728","404","png","0c588c75d70f3ec952c8f687709cd1eb2fb573955d446b39d6f7a1c6c625e08d","/images/emitronix-logo","516","false","Logo/brand asset","Retain permitted shared brand/UI asset"
"/images/emitronix-logo.png","/warehouse/warehouse-dm-approvals","Bring engineering clarity to your next Dubai build.","content image","emitronix-logo.png","1728","404","png","0c588c75d70f3ec952c8f687709cd1eb2fb573955d446b39d6f7a1c6c625e08d","/images/emitronix-logo","516","false","Logo/brand asset","Retain permitted shared brand/UI asset"
"/images/generated/services/structural-works-dubai-desktop.webp","/warehouse/warehouse-dm-approvals","Warehouse DM Approvals for Dubai and UAE industrial projects","hero","structural-works-dubai-desktop.webp","1920","1080","webp","4bf3bf181c14ab09a61e2985246f2744934ede895ef0f09b375d1fad043838f6","/images/generated/services/structural-works-dubai","11","true","Important content image","Missing distinct real replacement; inherited duplicate retained pending suitable photograph"
"/images/internal/architectural-drawing-review.webp","/warehouse/warehouse-dm-approvals","Warehouse DM Approvals","section photograph","architectural-drawing-review.webp","1920","2768","webp","0242bd81c319b862ae61dd9d38bc8e4d8212b5ba25e6907ca56c07b1bf998804","unsplash:photo-1608303588026-884930af2559","95","true","Important content image","Missing distinct real replacement; inherited duplicate retained pending suitable photograph"
"/images/project-authority-approvals-dubai.webp","/warehouse/warehouse-dm-approvals","What controls warehouse dm approvals before work reaches site.","section photograph","project-authority-approvals-dubai.webp","1600","1067","webp","9e6a366db121844fa3314f16050b33b077dcbcad8db4e5e18f35732dd43d074e","unsplash:photo-1581674662583-5e89b374fae6","172","true","Important content image","Missing distinct real replacement; inherited duplicate retained pending suitable photograph"
"/images/internal/project-site-coordination.webp","/warehouse/warehouse-dm-approvals","Documents and inputs that reduce delay.","section photograph","project-site-coordination.webp","1920","1280","webp","cd9197528dbb538734f8115efdca5952004cce0152888935f914030a997fbd69","unsplash:photo-1742112125567-3e8967bad60f","196","true","Important content image","Missing distinct real replacement; inherited duplicate retained pending suitable photograph"
"/images/sections/office-records-desk.webp","/warehouse/warehouse-dm-approvals","Authority pathways for Dubai warehouse projects.","section photograph","office-records-desk.webp","1600","1068","webp","d6b58a32141aa1c8316b8d41b823e2e652c192a0875152e20590dd57092f2a82","pexels:8353764","50","true","Important content image","Missing distinct real replacement; inherited duplicate retained pending suitable photograph"
"/images/emitronix-logo.png","/warehouse/warehouse-engineering","header","card","emitronix-logo.png","1728","404","png","0c588c75d70f3ec952c8f687709cd1eb2fb573955d446b39d6f7a1c6c625e08d","/images/emitronix-logo","516","false","Logo/brand asset","Retain permitted shared brand/UI asset"
"/images/emitronix-logo.png","/warehouse/warehouse-engineering","Bring engineering clarity to your next Dubai build.","content image","emitronix-logo.png","1728","404","png","0c588c75d70f3ec952c8f687709cd1eb2fb573955d446b39d6f7a1c6c625e08d","/images/emitronix-logo","516","false","Logo/brand asset","Retain permitted shared brand/UI asset"
"/images/generated/services/structural-works-dubai-desktop.webp","/warehouse/warehouse-engineering","Warehouse Engineering for Dubai and UAE industrial projects","hero","structural-works-dubai-desktop.webp","1920","1080","webp","4bf3bf181c14ab09a61e2985246f2744934ede895ef0f09b375d1fad043838f6","/images/generated/services/structural-works-dubai","11","true","Important content image","Missing distinct real replacement; inherited duplicate retained pending suitable photograph"
"/images/project-warehouse-industrial-dubai.webp","/warehouse/warehouse-engineering","Warehouse Engineering","section photograph","project-warehouse-industrial-dubai.webp","1600","1067","webp","e4ef2024be4b8171e52da5857e3bf5568b5a04ee5a3ca041c5d30a1560ac9940","unsplash:photo-1592085198739-ffcad7f36b54","89","true","Important content image","Missing distinct real replacement; inherited duplicate retained pending suitable photograph"
"/images/project-authority-approvals-dubai.webp","/warehouse/warehouse-engineering","What controls warehouse engineering before work reaches site.","section photograph","project-authority-approvals-dubai.webp","1600","1067","webp","9e6a366db121844fa3314f16050b33b077dcbcad8db4e5e18f35732dd43d074e","unsplash:photo-1581674662583-5e89b374fae6","172","true","Important content image","Missing distinct real replacement; inherited duplicate retained pending suitable photograph"
"/images/internal/industrial-steel-roof.webp","/warehouse/warehouse-engineering","Documents and inputs that reduce delay.","section photograph","industrial-steel-roof.webp","1920","1280","webp","4af6a0eb63cd82e853bc16e10c68342823c19ecca46e608b0c58b793e26760bb","unsplash:photo-1662120399978-738d233edbec","98","true","Important content image","Missing distinct real replacement; inherited duplicate retained pending suitable photograph"
"/images/internal/project-site-coordination.webp","/warehouse/warehouse-engineering","Authority pathways for Dubai warehouse projects.","section photograph","project-site-coordination.webp","1920","1280","webp","cd9197528dbb538734f8115efdca5952004cce0152888935f914030a997fbd69","unsplash:photo-1742112125567-3e8967bad60f","196","true","Important content image","Missing distinct real replacement; inherited duplicate retained pending suitable photograph"
"/images/emitronix-logo.png","/warehouse/warehouse-epc-contractor","header","card","emitronix-logo.png","1728","404","png","0c588c75d70f3ec952c8f687709cd1eb2fb573955d446b39d6f7a1c6c625e08d","/images/emitronix-logo","516","false","Logo/brand asset","Retain permitted shared brand/UI asset"
"/images/emitronix-logo.png","/warehouse/warehouse-epc-contractor","Bring engineering clarity to your next Dubai build.","content image","emitronix-logo.png","1728","404","png","0c588c75d70f3ec952c8f687709cd1eb2fb573955d446b39d6f7a1c6c625e08d","/images/emitronix-logo","516","false","Logo/brand asset","Retain permitted shared brand/UI asset"
"/images/generated/services/warehouse-construction-dubai-desktop.webp","/warehouse/warehouse-epc-contractor","Warehouse EPC Contractor for Dubai and UAE industrial projects","hero","warehouse-construction-dubai-desktop.webp","1920","1080","webp","29f35e553da03f3f1f64b896d9987fad0fd59e6c89f9d76b549a852415e6f1cc","/images/generated/services/warehouse-construction-dubai","11","true","Important content image","Missing distinct real replacement; inherited duplicate retained pending suitable photograph"
"/images/project-warehouse-industrial-dubai.webp","/warehouse/warehouse-epc-contractor","Warehouse EPC Contractor","section photograph","project-warehouse-industrial-dubai.webp","1600","1067","webp","e4ef2024be4b8171e52da5857e3bf5568b5a04ee5a3ca041c5d30a1560ac9940","unsplash:photo-1592085198739-ffcad7f36b54","89","true","Important content image","Missing distinct real replacement; inherited duplicate retained pending suitable photograph"
"/images/project-authority-approvals-dubai.webp","/warehouse/warehouse-epc-contractor","What controls warehouse epc contractor before work reaches site.","section photograph","project-authority-approvals-dubai.webp","1600","1067","webp","9e6a366db121844fa3314f16050b33b077dcbcad8db4e5e18f35732dd43d074e","unsplash:photo-1581674662583-5e89b374fae6","172","true","Important content image","Missing distinct real replacement; inherited duplicate retained pending suitable photograph"
"/images/internal/industrial-steel-roof.webp","/warehouse/warehouse-epc-contractor","Documents and inputs that reduce delay.","section photograph","industrial-steel-roof.webp","1920","1280","webp","4af6a0eb63cd82e853bc16e10c68342823c19ecca46e608b0c58b793e26760bb","unsplash:photo-1662120399978-738d233edbec","98","true","Important content image","Missing distinct real replacement; inherited duplicate retained pending suitable photograph"
"/images/internal/project-site-coordination.webp","/warehouse/warehouse-epc-contractor","Authority pathways for Dubai warehouse projects.","section photograph","project-site-coordination.webp","1920","1280","webp","cd9197528dbb538734f8115efdca5952004cce0152888935f914030a997fbd69","unsplash:photo-1742112125567-3e8967bad60f","196","true","Important content image","Missing distinct real replacement; inherited duplicate retained pending suitable photograph"
"/images/emitronix-logo.png","/warehouse/warehouse-expansion","header","card","emitronix-logo.png","1728","404","png","0c588c75d70f3ec952c8f687709cd1eb2fb573955d446b39d6f7a1c6c625e08d","/images/emitronix-logo","516","false","Logo/brand asset","Retain permitted shared brand/UI asset"
"/images/emitronix-logo.png","/warehouse/warehouse-expansion","Bring engineering clarity to your next Dubai build.","content image","emitronix-logo.png","1728","404","png","0c588c75d70f3ec952c8f687709cd1eb2fb573955d446b39d6f7a1c6c625e08d","/images/emitronix-logo","516","false","Logo/brand asset","Retain permitted shared brand/UI asset"
"/images/generated/services/design-build-contractor-dubai-desktop.webp","/warehouse/warehouse-expansion","Warehouse Expansion for Dubai and UAE industrial projects","hero","design-build-contractor-dubai-desktop.webp","1920","1080","webp","e16233fe99f6df8b3e0038eb70072789e37119b24b708fc5e8c4671509881a19","/images/generated/services/design-build-contractor-dubai","11","true","Important content image","Missing distinct real replacement; inherited duplicate retained pending suitable photograph"
"/images/project-warehouse-industrial-dubai.webp","/warehouse/warehouse-expansion","Warehouse Expansion","section photograph","project-warehouse-industrial-dubai.webp","1600","1067","webp","e4ef2024be4b8171e52da5857e3bf5568b5a04ee5a3ca041c5d30a1560ac9940","unsplash:photo-1592085198739-ffcad7f36b54","89","true","Important content image","Missing distinct real replacement; inherited duplicate retained pending suitable photograph"
"/images/project-authority-approvals-dubai.webp","/warehouse/warehouse-expansion","What controls warehouse expansion before work reaches site.","section photograph","project-authority-approvals-dubai.webp","1600","1067","webp","9e6a366db121844fa3314f16050b33b077dcbcad8db4e5e18f35732dd43d074e","unsplash:photo-1581674662583-5e89b374fae6","172","true","Important content image","Missing distinct real replacement; inherited duplicate retained pending suitable photograph"
"/images/internal/industrial-steel-roof.webp","/warehouse/warehouse-expansion","Documents and inputs that reduce delay.","section photograph","industrial-steel-roof.webp","1920","1280","webp","4af6a0eb63cd82e853bc16e10c68342823c19ecca46e608b0c58b793e26760bb","unsplash:photo-1662120399978-738d233edbec","98","true","Important content image","Missing distinct real replacement; inherited duplicate retained pending suitable photograph"
"/images/internal/project-site-coordination.webp","/warehouse/warehouse-expansion","Authority pathways for Dubai warehouse projects.","section photograph","project-site-coordination.webp","1920","1280","webp","cd9197528dbb538734f8115efdca5952004cce0152888935f914030a997fbd69","unsplash:photo-1742112125567-3e8967bad60f","196","true","Important content image","Missing distinct real replacement; inherited duplicate retained pending suitable photograph"
"/images/emitronix-logo.png","/warehouse/warehouse-extension","header","card","emitronix-logo.png","1728","404","png","0c588c75d70f3ec952c8f687709cd1eb2fb573955d446b39d6f7a1c6c625e08d","/images/emitronix-logo","516","false","Logo/brand asset","Retain permitted shared brand/UI asset"
"/images/emitronix-logo.png","/warehouse/warehouse-extension","Bring engineering clarity to your next Dubai build.","content image","emitronix-logo.png","1728","404","png","0c588c75d70f3ec952c8f687709cd1eb2fb573955d446b39d6f7a1c6c625e08d","/images/emitronix-logo","516","false","Logo/brand asset","Retain permitted shared brand/UI asset"
"/images/generated/services/warehouse-construction-dubai-desktop.webp","/warehouse/warehouse-extension","Warehouse Extension for Dubai and UAE industrial projects","hero","warehouse-construction-dubai-desktop.webp","1920","1080","webp","29f35e553da03f3f1f64b896d9987fad0fd59e6c89f9d76b549a852415e6f1cc","/images/generated/services/warehouse-construction-dubai","11","true","Important content image","Missing distinct real replacement; inherited duplicate retained pending suitable photograph"
"/images/project-warehouse-industrial-dubai.webp","/warehouse/warehouse-extension","Warehouse Extension","section photograph","project-warehouse-industrial-dubai.webp","1600","1067","webp","e4ef2024be4b8171e52da5857e3bf5568b5a04ee5a3ca041c5d30a1560ac9940","unsplash:photo-1592085198739-ffcad7f36b54","89","true","Important content image","Missing distinct real replacement; inherited duplicate retained pending suitable photograph"
"/images/project-authority-approvals-dubai.webp","/warehouse/warehouse-extension","What controls warehouse extension before work reaches site.","section photograph","project-authority-approvals-dubai.webp","1600","1067","webp","9e6a366db121844fa3314f16050b33b077dcbcad8db4e5e18f35732dd43d074e","unsplash:photo-1581674662583-5e89b374fae6","172","true","Important content image","Missing distinct real replacement; inherited duplicate retained pending suitable photograph"
"/images/internal/industrial-steel-roof.webp","/warehouse/warehouse-extension","Documents and inputs that reduce delay.","section photograph","industrial-steel-roof.webp","1920","1280","webp","4af6a0eb63cd82e853bc16e10c68342823c19ecca46e608b0c58b793e26760bb","unsplash:photo-1662120399978-738d233edbec","98","true","Important content image","Missing distinct real replacement; inherited duplicate retained pending suitable photograph"
"/images/internal/project-site-coordination.webp","/warehouse/warehouse-extension","Authority pathways for Dubai warehouse projects.","section photograph","project-site-coordination.webp","1920","1280","webp","cd9197528dbb538734f8115efdca5952004cce0152888935f914030a997fbd69","unsplash:photo-1742112125567-3e8967bad60f","196","true","Important content image","Missing distinct real replacement; inherited duplicate retained pending suitable photograph"
"/images/emitronix-logo.png","/warehouse/warehouse-fire-alarm","header","card","emitronix-logo.png","1728","404","png","0c588c75d70f3ec952c8f687709cd1eb2fb573955d446b39d6f7a1c6c625e08d","/images/emitronix-logo","516","false","Logo/brand asset","Retain permitted shared brand/UI asset"
"/images/emitronix-logo.png","/warehouse/warehouse-fire-alarm","Bring engineering clarity to your next Dubai build.","content image","emitronix-logo.png","1728","404","png","0c588c75d70f3ec952c8f687709cd1eb2fb573955d446b39d6f7a1c6c625e08d","/images/emitronix-logo","516","false","Logo/brand asset","Retain permitted shared brand/UI asset"
"/images/generated/services/project-management-dubai-desktop.webp","/warehouse/warehouse-fire-alarm","Warehouse Fire Alarm for Dubai and UAE industrial projects","hero","project-management-dubai-desktop.webp","1920","1080","webp","7f992320ad15e965ed8c6650b5331b23806ac1ec39ddfa87a85a138597f12917","/images/generated/services/project-management-dubai","11","true","Important content image","Missing distinct real replacement; inherited duplicate retained pending suitable photograph"
"/images/internal/fire-sprinkler-pipework.webp","/warehouse/warehouse-fire-alarm","Warehouse Fire Alarm","section photograph","fire-sprinkler-pipework.webp","1920","1440","webp","1fce7f82f68d30b0ae6920075bbeeb0a9741912efd20cd662ec8d623dc38a5ec","pexels:37352142","16","true","Important content image","Missing distinct real replacement; inherited duplicate retained pending suitable photograph"
"/images/internal/architectural-drawing-review.webp","/warehouse/warehouse-fire-alarm","What controls warehouse fire alarm before work reaches site.","section photograph","architectural-drawing-review.webp","1920","2768","webp","0242bd81c319b862ae61dd9d38bc8e4d8212b5ba25e6907ca56c07b1bf998804","unsplash:photo-1608303588026-884930af2559","95","true","Important content image","Missing distinct real replacement; inherited duplicate retained pending suitable photograph"
"/images/project-mep-coordination-dubai.webp","/warehouse/warehouse-fire-alarm","Documents and inputs that reduce delay.","section photograph","project-mep-coordination-dubai.webp","1600","1067","webp","43d0c568cd1d56ff412d73507931d1a606c38601caed94d7db5377f05003b49d","unsplash:photo-1778514825784-0659eaf8e7a2","27","true","Important content image","Missing distinct real replacement; inherited duplicate retained pending suitable photograph"
"/images/internal/project-site-coordination.webp","/warehouse/warehouse-fire-alarm","Authority pathways for Dubai warehouse projects.","section photograph","project-site-coordination.webp","1920","1280","webp","cd9197528dbb538734f8115efdca5952004cce0152888935f914030a997fbd69","unsplash:photo-1742112125567-3e8967bad60f","196","true","Important content image","Missing distinct real replacement; inherited duplicate retained pending suitable photograph"
"/images/emitronix-logo.png","/warehouse/warehouse-fire-fighting","header","card","emitronix-logo.png","1728","404","png","0c588c75d70f3ec952c8f687709cd1eb2fb573955d446b39d6f7a1c6c625e08d","/images/emitronix-logo","516","false","Logo/brand asset","Retain permitted shared brand/UI asset"
"/images/emitronix-logo.png","/warehouse/warehouse-fire-fighting","Bring engineering clarity to your next Dubai build.","content image","emitronix-logo.png","1728","404","png","0c588c75d70f3ec952c8f687709cd1eb2fb573955d446b39d6f7a1c6c625e08d","/images/emitronix-logo","516","false","Logo/brand asset","Retain permitted shared brand/UI asset"
"/images/generated/services/design-build-contractor-dubai-desktop.webp","/warehouse/warehouse-fire-fighting","Warehouse Fire Fighting for Dubai and UAE industrial projects","hero","design-build-contractor-dubai-desktop.webp","1920","1080","webp","e16233fe99f6df8b3e0038eb70072789e37119b24b708fc5e8c4671509881a19","/images/generated/services/design-build-contractor-dubai","11","true","Important content image","Missing distinct real replacement; inherited duplicate retained pending suitable photograph"
"/images/internal/fire-sprinkler-pipework.webp","/warehouse/warehouse-fire-fighting","Warehouse Fire Fighting","section photograph","fire-sprinkler-pipework.webp","1920","1440","webp","1fce7f82f68d30b0ae6920075bbeeb0a9741912efd20cd662ec8d623dc38a5ec","pexels:37352142","16","true","Important content image","Missing distinct real replacement; inherited duplicate retained pending suitable photograph"
"/images/internal/architectural-drawing-review.webp","/warehouse/warehouse-fire-fighting","What controls warehouse fire fighting before work reaches site.","section photograph","architectural-drawing-review.webp","1920","2768","webp","0242bd81c319b862ae61dd9d38bc8e4d8212b5ba25e6907ca56c07b1bf998804","unsplash:photo-1608303588026-884930af2559","95","true","Important content image","Missing distinct real replacement; inherited duplicate retained pending suitable photograph"
"/images/project-mep-coordination-dubai.webp","/warehouse/warehouse-fire-fighting","Documents and inputs that reduce delay.","section photograph","project-mep-coordination-dubai.webp","1600","1067","webp","43d0c568cd1d56ff412d73507931d1a606c38601caed94d7db5377f05003b49d","unsplash:photo-1778514825784-0659eaf8e7a2","27","true","Important content image","Missing distinct real replacement; inherited duplicate retained pending suitable photograph"
"/images/internal/project-site-coordination.webp","/warehouse/warehouse-fire-fighting","Authority pathways for Dubai warehouse projects.","section photograph","project-site-coordination.webp","1920","1280","webp","cd9197528dbb538734f8115efdca5952004cce0152888935f914030a997fbd69","unsplash:photo-1742112125567-3e8967bad60f","196","true","Important content image","Missing distinct real replacement; inherited duplicate retained pending suitable photograph"
"/images/emitronix-logo.png","/warehouse/warehouse-fit-out","header","card","emitronix-logo.png","1728","404","png","0c588c75d70f3ec952c8f687709cd1eb2fb573955d446b39d6f7a1c6c625e08d","/images/emitronix-logo","516","false","Logo/brand asset","Retain permitted shared brand/UI asset"
"/images/emitronix-logo.png","/warehouse/warehouse-fit-out","Bring engineering clarity to your next Dubai build.","content image","emitronix-logo.png","1728","404","png","0c588c75d70f3ec952c8f687709cd1eb2fb573955d446b39d6f7a1c6c625e08d","/images/emitronix-logo","516","false","Logo/brand asset","Retain permitted shared brand/UI asset"
"/images/generated/services/industrial-construction-dubai-desktop.webp","/warehouse/warehouse-fit-out","Warehouse Fit-Out for Dubai and UAE industrial projects","hero","industrial-construction-dubai-desktop.webp","1920","1080","webp","ff24868e50b9e47d02a50a53f1974570d6ac7de37f1976715212ad15901fc87c","/images/generated/services/industrial-construction-dubai","11","true","Important content image","Missing distinct real replacement; inherited duplicate retained pending suitable photograph"
"/images/project-warehouse-industrial-dubai.webp","/warehouse/warehouse-fit-out","Warehouse Fit-Out","section photograph","project-warehouse-industrial-dubai.webp","1600","1067","webp","e4ef2024be4b8171e52da5857e3bf5568b5a04ee5a3ca041c5d30a1560ac9940","unsplash:photo-1592085198739-ffcad7f36b54","89","true","Important content image","Missing distinct real replacement; inherited duplicate retained pending suitable photograph"
"/images/project-authority-approvals-dubai.webp","/warehouse/warehouse-fit-out","What controls warehouse fit-out before work reaches site.","section photograph","project-authority-approvals-dubai.webp","1600","1067","webp","9e6a366db121844fa3314f16050b33b077dcbcad8db4e5e18f35732dd43d074e","unsplash:photo-1581674662583-5e89b374fae6","172","true","Important content image","Missing distinct real replacement; inherited duplicate retained pending suitable photograph"
"/images/internal/industrial-steel-roof.webp","/warehouse/warehouse-fit-out","Documents and inputs that reduce delay.","section photograph","industrial-steel-roof.webp","1920","1280","webp","4af6a0eb63cd82e853bc16e10c68342823c19ecca46e608b0c58b793e26760bb","unsplash:photo-1662120399978-738d233edbec","98","true","Important content image","Missing distinct real replacement; inherited duplicate retained pending suitable photograph"
"/images/internal/project-site-coordination.webp","/warehouse/warehouse-fit-out","Authority pathways for Dubai warehouse projects.","section photograph","project-site-coordination.webp","1920","1280","webp","cd9197528dbb538734f8115efdca5952004cce0152888935f914030a997fbd69","unsplash:photo-1742112125567-3e8967bad60f","196","true","Important content image","Missing distinct real replacement; inherited duplicate retained pending suitable photograph"
"/images/emitronix-logo.png","/warehouse/warehouse-flooring","header","card","emitronix-logo.png","1728","404","png","0c588c75d70f3ec952c8f687709cd1eb2fb573955d446b39d6f7a1c6c625e08d","/images/emitronix-logo","516","false","Logo/brand asset","Retain permitted shared brand/UI asset"
"/images/emitronix-logo.png","/warehouse/warehouse-flooring","Bring engineering clarity to your next Dubai build.","content image","emitronix-logo.png","1728","404","png","0c588c75d70f3ec952c8f687709cd1eb2fb573955d446b39d6f7a1c6c625e08d","/images/emitronix-logo","516","false","Logo/brand asset","Retain permitted shared brand/UI asset"
"/images/generated/services/design-build-contractor-dubai-desktop.webp","/warehouse/warehouse-flooring","Warehouse Flooring for Dubai and UAE industrial projects","hero","design-build-contractor-dubai-desktop.webp","1920","1080","webp","e16233fe99f6df8b3e0038eb70072789e37119b24b708fc5e8c4671509881a19","/images/generated/services/design-build-contractor-dubai","11","true","Important content image","Missing distinct real replacement; inherited duplicate retained pending suitable photograph"
"/images/civil-contractor-dubai-construction-site.webp","/warehouse/warehouse-flooring","Warehouse Flooring","section photograph","civil-contractor-dubai-construction-site.webp","900","540","webp","284f2e21bc038689c02e9cb8e7b71ecf72e6e01f6dc6bf6bafafdb95a7d0fe4a","unsplash:photo-1541888946425-d81bb19240f5","16","true","Important content image","Missing distinct real replacement; inherited duplicate retained pending suitable photograph"
"/images/project-authority-approvals-dubai.webp","/warehouse/warehouse-flooring","What controls warehouse flooring before work reaches site.","section photograph","project-authority-approvals-dubai.webp","1600","1067","webp","9e6a366db121844fa3314f16050b33b077dcbcad8db4e5e18f35732dd43d074e","unsplash:photo-1581674662583-5e89b374fae6","172","true","Important content image","Missing distinct real replacement; inherited duplicate retained pending suitable photograph"
"/images/internal/structural-reinforcement.webp","/warehouse/warehouse-flooring","Documents and inputs that reduce delay.","section photograph","structural-reinforcement.webp","1920","1275","webp","ef49d14a5548ad6335c818120ca1dcba48521e82a503fc9ec30d0a2ce43c9527","unsplash:photo-1768677903496-becc4be07258","13","true","Important content image","Missing distinct real replacement; inherited duplicate retained pending suitable photograph"
"/images/internal/project-site-coordination.webp","/warehouse/warehouse-flooring","Authority pathways for Dubai warehouse projects.","section photograph","project-site-coordination.webp","1920","1280","webp","cd9197528dbb538734f8115efdca5952004cce0152888935f914030a997fbd69","unsplash:photo-1742112125567-3e8967bad60f","196","true","Important content image","Missing distinct real replacement; inherited duplicate retained pending suitable photograph"
"/images/emitronix-logo.png","/warehouse/warehouse-foundations","header","card","emitronix-logo.png","1728","404","png","0c588c75d70f3ec952c8f687709cd1eb2fb573955d446b39d6f7a1c6c625e08d","/images/emitronix-logo","516","false","Logo/brand asset","Retain permitted shared brand/UI asset"
"/images/emitronix-logo.png","/warehouse/warehouse-foundations","Bring engineering clarity to your next Dubai build.","content image","emitronix-logo.png","1728","404","png","0c588c75d70f3ec952c8f687709cd1eb2fb573955d446b39d6f7a1c6c625e08d","/images/emitronix-logo","516","false","Logo/brand asset","Retain permitted shared brand/UI asset"
"/images/generated/services/industrial-construction-dubai-desktop.webp","/warehouse/warehouse-foundations","Warehouse Foundations for Dubai and UAE industrial projects","hero","industrial-construction-dubai-desktop.webp","1920","1080","webp","ff24868e50b9e47d02a50a53f1974570d6ac7de37f1976715212ad15901fc87c","/images/generated/services/industrial-construction-dubai","11","true","Important content image","Missing distinct real replacement; inherited duplicate retained pending suitable photograph"
"/images/civil-contractor-dubai-construction-site.webp","/warehouse/warehouse-foundations","Warehouse Foundations","section photograph","civil-contractor-dubai-construction-site.webp","900","540","webp","284f2e21bc038689c02e9cb8e7b71ecf72e6e01f6dc6bf6bafafdb95a7d0fe4a","unsplash:photo-1541888946425-d81bb19240f5","16","true","Important content image","Missing distinct real replacement; inherited duplicate retained pending suitable photograph"
"/images/project-authority-approvals-dubai.webp","/warehouse/warehouse-foundations","What controls warehouse foundations before work reaches site.","section photograph","project-authority-approvals-dubai.webp","1600","1067","webp","9e6a366db121844fa3314f16050b33b077dcbcad8db4e5e18f35732dd43d074e","unsplash:photo-1581674662583-5e89b374fae6","172","true","Important content image","Missing distinct real replacement; inherited duplicate retained pending suitable photograph"
"/images/internal/structural-reinforcement.webp","/warehouse/warehouse-foundations","Documents and inputs that reduce delay.","section photograph","structural-reinforcement.webp","1920","1275","webp","ef49d14a5548ad6335c818120ca1dcba48521e82a503fc9ec30d0a2ce43c9527","unsplash:photo-1768677903496-becc4be07258","13","true","Important content image","Missing distinct real replacement; inherited duplicate retained pending suitable photograph"
"/images/internal/project-site-coordination.webp","/warehouse/warehouse-foundations","Authority pathways for Dubai warehouse projects.","section photograph","project-site-coordination.webp","1920","1280","webp","cd9197528dbb538734f8115efdca5952004cce0152888935f914030a997fbd69","unsplash:photo-1742112125567-3e8967bad60f","196","true","Important content image","Missing distinct real replacement; inherited duplicate retained pending suitable photograph"
"/images/emitronix-logo.png","/warehouse/warehouse-infrastructure","header","card","emitronix-logo.png","1728","404","png","0c588c75d70f3ec952c8f687709cd1eb2fb573955d446b39d6f7a1c6c625e08d","/images/emitronix-logo","516","false","Logo/brand asset","Retain permitted shared brand/UI asset"
"/images/emitronix-logo.png","/warehouse/warehouse-infrastructure","Bring engineering clarity to your next Dubai build.","content image","emitronix-logo.png","1728","404","png","0c588c75d70f3ec952c8f687709cd1eb2fb573955d446b39d6f7a1c6c625e08d","/images/emitronix-logo","516","false","Logo/brand asset","Retain permitted shared brand/UI asset"
"/images/generated/services/structural-works-dubai-desktop.webp","/warehouse/warehouse-infrastructure","Warehouse Infrastructure for Dubai and UAE industrial projects","hero","structural-works-dubai-desktop.webp","1920","1080","webp","4bf3bf181c14ab09a61e2985246f2744934ede895ef0f09b375d1fad043838f6","/images/generated/services/structural-works-dubai","11","true","Important content image","Missing distinct real replacement; inherited duplicate retained pending suitable photograph"
"/images/project-warehouse-industrial-dubai.webp","/warehouse/warehouse-infrastructure","Warehouse Infrastructure","section photograph","project-warehouse-industrial-dubai.webp","1600","1067","webp","e4ef2024be4b8171e52da5857e3bf5568b5a04ee5a3ca041c5d30a1560ac9940","unsplash:photo-1592085198739-ffcad7f36b54","89","true","Important content image","Missing distinct real replacement; inherited duplicate retained pending suitable photograph"
"/images/project-authority-approvals-dubai.webp","/warehouse/warehouse-infrastructure","What controls warehouse infrastructure before work reaches site.","section photograph","project-authority-approvals-dubai.webp","1600","1067","webp","9e6a366db121844fa3314f16050b33b077dcbcad8db4e5e18f35732dd43d074e","unsplash:photo-1581674662583-5e89b374fae6","172","true","Important content image","Missing distinct real replacement; inherited duplicate retained pending suitable photograph"
"/images/internal/industrial-steel-roof.webp","/warehouse/warehouse-infrastructure","Documents and inputs that reduce delay.","section photograph","industrial-steel-roof.webp","1920","1280","webp","4af6a0eb63cd82e853bc16e10c68342823c19ecca46e608b0c58b793e26760bb","unsplash:photo-1662120399978-738d233edbec","98","true","Important content image","Missing distinct real replacement; inherited duplicate retained pending suitable photograph"
"/images/internal/project-site-coordination.webp","/warehouse/warehouse-infrastructure","Authority pathways for Dubai warehouse projects.","section photograph","project-site-coordination.webp","1920","1280","webp","cd9197528dbb538734f8115efdca5952004cce0152888935f914030a997fbd69","unsplash:photo-1742112125567-3e8967bad60f","196","true","Important content image","Missing distinct real replacement; inherited duplicate retained pending suitable photograph"
"/images/emitronix-logo.png","/warehouse/warehouse-landscaping","header","card","emitronix-logo.png","1728","404","png","0c588c75d70f3ec952c8f687709cd1eb2fb573955d446b39d6f7a1c6c625e08d","/images/emitronix-logo","516","false","Logo/brand asset","Retain permitted shared brand/UI asset"
"/images/emitronix-logo.png","/warehouse/warehouse-landscaping","Bring engineering clarity to your next Dubai build.","content image","emitronix-logo.png","1728","404","png","0c588c75d70f3ec952c8f687709cd1eb2fb573955d446b39d6f7a1c6c625e08d","/images/emitronix-logo","516","false","Logo/brand asset","Retain permitted shared brand/UI asset"
"/images/generated/services/project-management-dubai-desktop.webp","/warehouse/warehouse-landscaping","Warehouse Landscaping for Dubai and UAE industrial projects","hero","project-management-dubai-desktop.webp","1920","1080","webp","7f992320ad15e965ed8c6650b5331b23806ac1ec39ddfa87a85a138597f12917","/images/generated/services/project-management-dubai","11","true","Important content image","Missing distinct real replacement; inherited duplicate retained pending suitable photograph"
"/images/project-warehouse-industrial-dubai.webp","/warehouse/warehouse-landscaping","Warehouse Landscaping","section photograph","project-warehouse-industrial-dubai.webp","1600","1067","webp","e4ef2024be4b8171e52da5857e3bf5568b5a04ee5a3ca041c5d30a1560ac9940","unsplash:photo-1592085198739-ffcad7f36b54","89","true","Important content image","Missing distinct real replacement; inherited duplicate retained pending suitable photograph"
"/images/project-authority-approvals-dubai.webp","/warehouse/warehouse-landscaping","What controls warehouse landscaping before work reaches site.","section photograph","project-authority-approvals-dubai.webp","1600","1067","webp","9e6a366db121844fa3314f16050b33b077dcbcad8db4e5e18f35732dd43d074e","unsplash:photo-1581674662583-5e89b374fae6","172","true","Important content image","Missing distinct real replacement; inherited duplicate retained pending suitable photograph"
"/images/internal/industrial-steel-roof.webp","/warehouse/warehouse-landscaping","Documents and inputs that reduce delay.","section photograph","industrial-steel-roof.webp","1920","1280","webp","4af6a0eb63cd82e853bc16e10c68342823c19ecca46e608b0c58b793e26760bb","unsplash:photo-1662120399978-738d233edbec","98","true","Important content image","Missing distinct real replacement; inherited duplicate retained pending suitable photograph"
"/images/internal/project-site-coordination.webp","/warehouse/warehouse-landscaping","Authority pathways for Dubai warehouse projects.","section photograph","project-site-coordination.webp","1920","1280","webp","cd9197528dbb538734f8115efdca5952004cce0152888935f914030a997fbd69","unsplash:photo-1742112125567-3e8967bad60f","196","true","Important content image","Missing distinct real replacement; inherited duplicate retained pending suitable photograph"
"/images/emitronix-logo.png","/warehouse/warehouse-loading-dock-construction","header","card","emitronix-logo.png","1728","404","png","0c588c75d70f3ec952c8f687709cd1eb2fb573955d446b39d6f7a1c6c625e08d","/images/emitronix-logo","516","false","Logo/brand asset","Retain permitted shared brand/UI asset"
"/images/emitronix-logo.png","/warehouse/warehouse-loading-dock-construction","Bring engineering clarity to your next Dubai build.","content image","emitronix-logo.png","1728","404","png","0c588c75d70f3ec952c8f687709cd1eb2fb573955d446b39d6f7a1c6c625e08d","/images/emitronix-logo","516","false","Logo/brand asset","Retain permitted shared brand/UI asset"
"/images/generated/services/warehouse-construction-dubai-desktop.webp","/warehouse/warehouse-loading-dock-construction","Warehouse Loading Dock Construction for Dubai and UAE industrial projects","hero","warehouse-construction-dubai-desktop.webp","1920","1080","webp","29f35e553da03f3f1f64b896d9987fad0fd59e6c89f9d76b549a852415e6f1cc","/images/generated/services/warehouse-construction-dubai","11","true","Important content image","Missing distinct real replacement; inherited duplicate retained pending suitable photograph"
"/images/project-warehouse-industrial-dubai.webp","/warehouse/warehouse-loading-dock-construction","Warehouse Loading Dock Construction","section photograph","project-warehouse-industrial-dubai.webp","1600","1067","webp","e4ef2024be4b8171e52da5857e3bf5568b5a04ee5a3ca041c5d30a1560ac9940","unsplash:photo-1592085198739-ffcad7f36b54","89","true","Important content image","Missing distinct real replacement; inherited duplicate retained pending suitable photograph"
"/images/project-authority-approvals-dubai.webp","/warehouse/warehouse-loading-dock-construction","What controls warehouse loading dock construction before work reaches site.","section photograph","project-authority-approvals-dubai.webp","1600","1067","webp","9e6a366db121844fa3314f16050b33b077dcbcad8db4e5e18f35732dd43d074e","unsplash:photo-1581674662583-5e89b374fae6","172","true","Important content image","Missing distinct real replacement; inherited duplicate retained pending suitable photograph"
"/images/internal/industrial-steel-roof.webp","/warehouse/warehouse-loading-dock-construction","Documents and inputs that reduce delay.","section photograph","industrial-steel-roof.webp","1920","1280","webp","4af6a0eb63cd82e853bc16e10c68342823c19ecca46e608b0c58b793e26760bb","unsplash:photo-1662120399978-738d233edbec","98","true","Important content image","Missing distinct real replacement; inherited duplicate retained pending suitable photograph"
"/images/internal/project-site-coordination.webp","/warehouse/warehouse-loading-dock-construction","Authority pathways for Dubai warehouse projects.","section photograph","project-site-coordination.webp","1920","1280","webp","cd9197528dbb538734f8115efdca5952004cce0152888935f914030a997fbd69","unsplash:photo-1742112125567-3e8967bad60f","196","true","Important content image","Missing distinct real replacement; inherited duplicate retained pending suitable photograph"
"/images/emitronix-logo.png","/warehouse/warehouse-maintenance","header","card","emitronix-logo.png","1728","404","png","0c588c75d70f3ec952c8f687709cd1eb2fb573955d446b39d6f7a1c6c625e08d","/images/emitronix-logo","516","false","Logo/brand asset","Retain permitted shared brand/UI asset"
"/images/emitronix-logo.png","/warehouse/warehouse-maintenance","Bring engineering clarity to your next Dubai build.","content image","emitronix-logo.png","1728","404","png","0c588c75d70f3ec952c8f687709cd1eb2fb573955d446b39d6f7a1c6c625e08d","/images/emitronix-logo","516","false","Logo/brand asset","Retain permitted shared brand/UI asset"
"/images/generated/services/structural-works-dubai-desktop.webp","/warehouse/warehouse-maintenance","Warehouse Maintenance for Dubai and UAE industrial projects","hero","structural-works-dubai-desktop.webp","1920","1080","webp","4bf3bf181c14ab09a61e2985246f2744934ede895ef0f09b375d1fad043838f6","/images/generated/services/structural-works-dubai","11","true","Important content image","Missing distinct real replacement; inherited duplicate retained pending suitable photograph"
"/images/project-warehouse-industrial-dubai.webp","/warehouse/warehouse-maintenance","Warehouse Maintenance","section photograph","project-warehouse-industrial-dubai.webp","1600","1067","webp","e4ef2024be4b8171e52da5857e3bf5568b5a04ee5a3ca041c5d30a1560ac9940","unsplash:photo-1592085198739-ffcad7f36b54","89","true","Important content image","Missing distinct real replacement; inherited duplicate retained pending suitable photograph"
"/images/project-authority-approvals-dubai.webp","/warehouse/warehouse-maintenance","What controls warehouse maintenance before work reaches site.","section photograph","project-authority-approvals-dubai.webp","1600","1067","webp","9e6a366db121844fa3314f16050b33b077dcbcad8db4e5e18f35732dd43d074e","unsplash:photo-1581674662583-5e89b374fae6","172","true","Important content image","Missing distinct real replacement; inherited duplicate retained pending suitable photograph"
"/images/internal/industrial-steel-roof.webp","/warehouse/warehouse-maintenance","Documents and inputs that reduce delay.","section photograph","industrial-steel-roof.webp","1920","1280","webp","4af6a0eb63cd82e853bc16e10c68342823c19ecca46e608b0c58b793e26760bb","unsplash:photo-1662120399978-738d233edbec","98","true","Important content image","Missing distinct real replacement; inherited duplicate retained pending suitable photograph"
"/images/internal/project-site-coordination.webp","/warehouse/warehouse-maintenance","Authority pathways for Dubai warehouse projects.","section photograph","project-site-coordination.webp","1920","1280","webp","cd9197528dbb538734f8115efdca5952004cce0152888935f914030a997fbd69","unsplash:photo-1742112125567-3e8967bad60f","196","true","Important content image","Missing distinct real replacement; inherited duplicate retained pending suitable photograph"
"/images/emitronix-logo.png","/warehouse/warehouse-mep","header","card","emitronix-logo.png","1728","404","png","0c588c75d70f3ec952c8f687709cd1eb2fb573955d446b39d6f7a1c6c625e08d","/images/emitronix-logo","516","false","Logo/brand asset","Retain permitted shared brand/UI asset"
"/images/emitronix-logo.png","/warehouse/warehouse-mep","Bring engineering clarity to your next Dubai build.","content image","emitronix-logo.png","1728","404","png","0c588c75d70f3ec952c8f687709cd1eb2fb573955d446b39d6f7a1c6c625e08d","/images/emitronix-logo","516","false","Logo/brand asset","Retain permitted shared brand/UI asset"
"/images/generated/services/structural-works-dubai-desktop.webp","/warehouse/warehouse-mep","Warehouse MEP for Dubai and UAE industrial projects","hero","structural-works-dubai-desktop.webp","1920","1080","webp","4bf3bf181c14ab09a61e2985246f2744934ede895ef0f09b375d1fad043838f6","/images/generated/services/structural-works-dubai","11","true","Important content image","Missing distinct real replacement; inherited duplicate retained pending suitable photograph"
"/images/project-mep-coordination-dubai.webp","/warehouse/warehouse-mep","Warehouse MEP","section photograph","project-mep-coordination-dubai.webp","1600","1067","webp","43d0c568cd1d56ff412d73507931d1a606c38601caed94d7db5377f05003b49d","unsplash:photo-1778514825784-0659eaf8e7a2","27","true","Important content image","Missing distinct real replacement; inherited duplicate retained pending suitable photograph"
"/images/project-authority-approvals-dubai.webp","/warehouse/warehouse-mep","What controls warehouse mep before work reaches site.","section photograph","project-authority-approvals-dubai.webp","1600","1067","webp","9e6a366db121844fa3314f16050b33b077dcbcad8db4e5e18f35732dd43d074e","unsplash:photo-1581674662583-5e89b374fae6","172","true","Important content image","Missing distinct real replacement; inherited duplicate retained pending suitable photograph"
"/images/dewa-hv-lv-cable-works-dubai.webp","/warehouse/warehouse-mep","Documents and inputs that reduce delay.","section photograph","dewa-hv-lv-cable-works-dubai.webp","1400","788","webp","7f7cfe3f5a287a0070b990102e29d1613c9d69f58e3cafe18b3db6e7c0647e8b","unsplash:photo-1608574839637-2f7d0290d01d","14","true","Important content image","Missing distinct real replacement; inherited duplicate retained pending suitable photograph"
"/images/internal/project-site-coordination.webp","/warehouse/warehouse-mep","Authority pathways for Dubai warehouse projects.","section photograph","project-site-coordination.webp","1920","1280","webp","cd9197528dbb538734f8115efdca5952004cce0152888935f914030a997fbd69","unsplash:photo-1742112125567-3e8967bad60f","196","true","Important content image","Missing distinct real replacement; inherited duplicate retained pending suitable photograph"
"/images/emitronix-logo.png","/warehouse/warehouse-office-construction","header","card","emitronix-logo.png","1728","404","png","0c588c75d70f3ec952c8f687709cd1eb2fb573955d446b39d6f7a1c6c625e08d","/images/emitronix-logo","516","false","Logo/brand asset","Retain permitted shared brand/UI asset"
"/images/emitronix-logo.png","/warehouse/warehouse-office-construction","Bring engineering clarity to your next Dubai build.","content image","emitronix-logo.png","1728","404","png","0c588c75d70f3ec952c8f687709cd1eb2fb573955d446b39d6f7a1c6c625e08d","/images/emitronix-logo","516","false","Logo/brand asset","Retain permitted shared brand/UI asset"
"/images/generated/services/industrial-construction-dubai-desktop.webp","/warehouse/warehouse-office-construction","Warehouse Office Construction for Dubai and UAE industrial projects","hero","industrial-construction-dubai-desktop.webp","1920","1080","webp","ff24868e50b9e47d02a50a53f1974570d6ac7de37f1976715212ad15901fc87c","/images/generated/services/industrial-construction-dubai","11","true","Important content image","Missing distinct real replacement; inherited duplicate retained pending suitable photograph"
"/images/project-warehouse-industrial-dubai.webp","/warehouse/warehouse-office-construction","Warehouse Office Construction","section photograph","project-warehouse-industrial-dubai.webp","1600","1067","webp","e4ef2024be4b8171e52da5857e3bf5568b5a04ee5a3ca041c5d30a1560ac9940","unsplash:photo-1592085198739-ffcad7f36b54","89","true","Important content image","Missing distinct real replacement; inherited duplicate retained pending suitable photograph"
"/images/project-authority-approvals-dubai.webp","/warehouse/warehouse-office-construction","What controls warehouse office construction before work reaches site.","section photograph","project-authority-approvals-dubai.webp","1600","1067","webp","9e6a366db121844fa3314f16050b33b077dcbcad8db4e5e18f35732dd43d074e","unsplash:photo-1581674662583-5e89b374fae6","172","true","Important content image","Missing distinct real replacement; inherited duplicate retained pending suitable photograph"
"/images/internal/industrial-steel-roof.webp","/warehouse/warehouse-office-construction","Documents and inputs that reduce delay.","section photograph","industrial-steel-roof.webp","1920","1280","webp","4af6a0eb63cd82e853bc16e10c68342823c19ecca46e608b0c58b793e26760bb","unsplash:photo-1662120399978-738d233edbec","98","true","Important content image","Missing distinct real replacement; inherited duplicate retained pending suitable photograph"
"/images/internal/project-site-coordination.webp","/warehouse/warehouse-office-construction","Authority pathways for Dubai warehouse projects.","section photograph","project-site-coordination.webp","1920","1280","webp","cd9197528dbb538734f8115efdca5952004cce0152888935f914030a997fbd69","unsplash:photo-1742112125567-3e8967bad60f","196","true","Important content image","Missing distinct real replacement; inherited duplicate retained pending suitable photograph"
"/images/emitronix-logo.png","/warehouse/warehouse-parking-construction","header","card","emitronix-logo.png","1728","404","png","0c588c75d70f3ec952c8f687709cd1eb2fb573955d446b39d6f7a1c6c625e08d","/images/emitronix-logo","516","false","Logo/brand asset","Retain permitted shared brand/UI asset"
"/images/emitronix-logo.png","/warehouse/warehouse-parking-construction","Bring engineering clarity to your next Dubai build.","content image","emitronix-logo.png","1728","404","png","0c588c75d70f3ec952c8f687709cd1eb2fb573955d446b39d6f7a1c6c625e08d","/images/emitronix-logo","516","false","Logo/brand asset","Retain permitted shared brand/UI asset"
"/images/generated/services/structural-works-dubai-desktop.webp","/warehouse/warehouse-parking-construction","Warehouse Parking Construction for Dubai and UAE industrial projects","hero","structural-works-dubai-desktop.webp","1920","1080","webp","4bf3bf181c14ab09a61e2985246f2744934ede895ef0f09b375d1fad043838f6","/images/generated/services/structural-works-dubai","11","true","Important content image","Missing distinct real replacement; inherited duplicate retained pending suitable photograph"
"/images/project-warehouse-industrial-dubai.webp","/warehouse/warehouse-parking-construction","Warehouse Parking Construction","section photograph","project-warehouse-industrial-dubai.webp","1600","1067","webp","e4ef2024be4b8171e52da5857e3bf5568b5a04ee5a3ca041c5d30a1560ac9940","unsplash:photo-1592085198739-ffcad7f36b54","89","true","Important content image","Missing distinct real replacement; inherited duplicate retained pending suitable photograph"
"/images/project-authority-approvals-dubai.webp","/warehouse/warehouse-parking-construction","What controls warehouse parking construction before work reaches site.","section photograph","project-authority-approvals-dubai.webp","1600","1067","webp","9e6a366db121844fa3314f16050b33b077dcbcad8db4e5e18f35732dd43d074e","unsplash:photo-1581674662583-5e89b374fae6","172","true","Important content image","Missing distinct real replacement; inherited duplicate retained pending suitable photograph"
"/images/internal/industrial-steel-roof.webp","/warehouse/warehouse-parking-construction","Documents and inputs that reduce delay.","section photograph","industrial-steel-roof.webp","1920","1280","webp","4af6a0eb63cd82e853bc16e10c68342823c19ecca46e608b0c58b793e26760bb","unsplash:photo-1662120399978-738d233edbec","98","true","Important content image","Missing distinct real replacement; inherited duplicate retained pending suitable photograph"
"/images/internal/project-site-coordination.webp","/warehouse/warehouse-parking-construction","Authority pathways for Dubai warehouse projects.","section photograph","project-site-coordination.webp","1920","1280","webp","cd9197528dbb538734f8115efdca5952004cce0152888935f914030a997fbd69","unsplash:photo-1742112125567-3e8967bad60f","196","true","Important content image","Missing distinct real replacement; inherited duplicate retained pending suitable photograph"
"/images/emitronix-logo.png","/warehouse/warehouse-planning","header","card","emitronix-logo.png","1728","404","png","0c588c75d70f3ec952c8f687709cd1eb2fb573955d446b39d6f7a1c6c625e08d","/images/emitronix-logo","516","false","Logo/brand asset","Retain permitted shared brand/UI asset"
"/images/emitronix-logo.png","/warehouse/warehouse-planning","Bring engineering clarity to your next Dubai build.","content image","emitronix-logo.png","1728","404","png","0c588c75d70f3ec952c8f687709cd1eb2fb573955d446b39d6f7a1c6c625e08d","/images/emitronix-logo","516","false","Logo/brand asset","Retain permitted shared brand/UI asset"
"/images/generated/services/project-management-dubai-desktop.webp","/warehouse/warehouse-planning","Warehouse Planning for Dubai and UAE industrial projects","hero","project-management-dubai-desktop.webp","1920","1080","webp","7f992320ad15e965ed8c6650b5331b23806ac1ec39ddfa87a85a138597f12917","/images/generated/services/project-management-dubai","11","true","Important content image","Missing distinct real replacement; inherited duplicate retained pending suitable photograph"
"/images/project-warehouse-industrial-dubai.webp","/warehouse/warehouse-planning","Warehouse Planning","section photograph","project-warehouse-industrial-dubai.webp","1600","1067","webp","e4ef2024be4b8171e52da5857e3bf5568b5a04ee5a3ca041c5d30a1560ac9940","unsplash:photo-1592085198739-ffcad7f36b54","89","true","Important content image","Missing distinct real replacement; inherited duplicate retained pending suitable photograph"
"/images/project-authority-approvals-dubai.webp","/warehouse/warehouse-planning","What controls warehouse planning before work reaches site.","section photograph","project-authority-approvals-dubai.webp","1600","1067","webp","9e6a366db121844fa3314f16050b33b077dcbcad8db4e5e18f35732dd43d074e","unsplash:photo-1581674662583-5e89b374fae6","172","true","Important content image","Missing distinct real replacement; inherited duplicate retained pending suitable photograph"
"/images/internal/industrial-steel-roof.webp","/warehouse/warehouse-planning","Documents and inputs that reduce delay.","section photograph","industrial-steel-roof.webp","1920","1280","webp","4af6a0eb63cd82e853bc16e10c68342823c19ecca46e608b0c58b793e26760bb","unsplash:photo-1662120399978-738d233edbec","98","true","Important content image","Missing distinct real replacement; inherited duplicate retained pending suitable photograph"
"/images/internal/project-site-coordination.webp","/warehouse/warehouse-planning","Authority pathways for Dubai warehouse projects.","section photograph","project-site-coordination.webp","1920","1280","webp","cd9197528dbb538734f8115efdca5952004cce0152888935f914030a997fbd69","unsplash:photo-1742112125567-3e8967bad60f","196","true","Important content image","Missing distinct real replacement; inherited duplicate retained pending suitable photograph"
"/images/emitronix-logo.png","/warehouse/warehouse-project-management","header","card","emitronix-logo.png","1728","404","png","0c588c75d70f3ec952c8f687709cd1eb2fb573955d446b39d6f7a1c6c625e08d","/images/emitronix-logo","516","false","Logo/brand asset","Retain permitted shared brand/UI asset"
"/images/emitronix-logo.png","/warehouse/warehouse-project-management","Bring engineering clarity to your next Dubai build.","content image","emitronix-logo.png","1728","404","png","0c588c75d70f3ec952c8f687709cd1eb2fb573955d446b39d6f7a1c6c625e08d","/images/emitronix-logo","516","false","Logo/brand asset","Retain permitted shared brand/UI asset"
"/images/generated/services/structural-works-dubai-desktop.webp","/warehouse/warehouse-project-management","Warehouse Project Management for Dubai and UAE industrial projects","hero","structural-works-dubai-desktop.webp","1920","1080","webp","4bf3bf181c14ab09a61e2985246f2744934ede895ef0f09b375d1fad043838f6","/images/generated/services/structural-works-dubai","11","true","Important content image","Missing distinct real replacement; inherited duplicate retained pending suitable photograph"
"/images/project-warehouse-industrial-dubai.webp","/warehouse/warehouse-project-management","Warehouse Project Management","section photograph","project-warehouse-industrial-dubai.webp","1600","1067","webp","e4ef2024be4b8171e52da5857e3bf5568b5a04ee5a3ca041c5d30a1560ac9940","unsplash:photo-1592085198739-ffcad7f36b54","89","true","Important content image","Missing distinct real replacement; inherited duplicate retained pending suitable photograph"
"/images/project-authority-approvals-dubai.webp","/warehouse/warehouse-project-management","What controls warehouse project management before work reaches site.","section photograph","project-authority-approvals-dubai.webp","1600","1067","webp","9e6a366db121844fa3314f16050b33b077dcbcad8db4e5e18f35732dd43d074e","unsplash:photo-1581674662583-5e89b374fae6","172","true","Important content image","Missing distinct real replacement; inherited duplicate retained pending suitable photograph"
"/images/internal/industrial-steel-roof.webp","/warehouse/warehouse-project-management","Documents and inputs that reduce delay.","section photograph","industrial-steel-roof.webp","1920","1280","webp","4af6a0eb63cd82e853bc16e10c68342823c19ecca46e608b0c58b793e26760bb","unsplash:photo-1662120399978-738d233edbec","98","true","Important content image","Missing distinct real replacement; inherited duplicate retained pending suitable photograph"
"/images/internal/project-site-coordination.webp","/warehouse/warehouse-project-management","Authority pathways for Dubai warehouse projects.","section photograph","project-site-coordination.webp","1920","1280","webp","cd9197528dbb538734f8115efdca5952004cce0152888935f914030a997fbd69","unsplash:photo-1742112125567-3e8967bad60f","196","true","Important content image","Missing distinct real replacement; inherited duplicate retained pending suitable photograph"
"/images/emitronix-logo.png","/warehouse/warehouse-renovation","header","card","emitronix-logo.png","1728","404","png","0c588c75d70f3ec952c8f687709cd1eb2fb573955d446b39d6f7a1c6c625e08d","/images/emitronix-logo","516","false","Logo/brand asset","Retain permitted shared brand/UI asset"
"/images/emitronix-logo.png","/warehouse/warehouse-renovation","Bring engineering clarity to your next Dubai build.","content image","emitronix-logo.png","1728","404","png","0c588c75d70f3ec952c8f687709cd1eb2fb573955d446b39d6f7a1c6c625e08d","/images/emitronix-logo","516","false","Logo/brand asset","Retain permitted shared brand/UI asset"
"/images/generated/services/project-management-dubai-desktop.webp","/warehouse/warehouse-renovation","Warehouse Renovation for Dubai and UAE industrial projects","hero","project-management-dubai-desktop.webp","1920","1080","webp","7f992320ad15e965ed8c6650b5331b23806ac1ec39ddfa87a85a138597f12917","/images/generated/services/project-management-dubai","11","true","Important content image","Missing distinct real replacement; inherited duplicate retained pending suitable photograph"
"/images/project-warehouse-industrial-dubai.webp","/warehouse/warehouse-renovation","Warehouse Renovation","section photograph","project-warehouse-industrial-dubai.webp","1600","1067","webp","e4ef2024be4b8171e52da5857e3bf5568b5a04ee5a3ca041c5d30a1560ac9940","unsplash:photo-1592085198739-ffcad7f36b54","89","true","Important content image","Missing distinct real replacement; inherited duplicate retained pending suitable photograph"
"/images/project-authority-approvals-dubai.webp","/warehouse/warehouse-renovation","What controls warehouse renovation before work reaches site.","section photograph","project-authority-approvals-dubai.webp","1600","1067","webp","9e6a366db121844fa3314f16050b33b077dcbcad8db4e5e18f35732dd43d074e","unsplash:photo-1581674662583-5e89b374fae6","172","true","Important content image","Missing distinct real replacement; inherited duplicate retained pending suitable photograph"
"/images/internal/industrial-steel-roof.webp","/warehouse/warehouse-renovation","Documents and inputs that reduce delay.","section photograph","industrial-steel-roof.webp","1920","1280","webp","4af6a0eb63cd82e853bc16e10c68342823c19ecca46e608b0c58b793e26760bb","unsplash:photo-1662120399978-738d233edbec","98","true","Important content image","Missing distinct real replacement; inherited duplicate retained pending suitable photograph"
"/images/internal/project-site-coordination.webp","/warehouse/warehouse-renovation","Authority pathways for Dubai warehouse projects.","section photograph","project-site-coordination.webp","1920","1280","webp","cd9197528dbb538734f8115efdca5952004cce0152888935f914030a997fbd69","unsplash:photo-1742112125567-3e8967bad60f","196","true","Important content image","Missing distinct real replacement; inherited duplicate retained pending suitable photograph"
"/images/emitronix-logo.png","/warehouse/warehouse-road-works","header","card","emitronix-logo.png","1728","404","png","0c588c75d70f3ec952c8f687709cd1eb2fb573955d446b39d6f7a1c6c625e08d","/images/emitronix-logo","516","false","Logo/brand asset","Retain permitted shared brand/UI asset"
"/images/emitronix-logo.png","/warehouse/warehouse-road-works","Bring engineering clarity to your next Dubai build.","content image","emitronix-logo.png","1728","404","png","0c588c75d70f3ec952c8f687709cd1eb2fb573955d446b39d6f7a1c6c625e08d","/images/emitronix-logo","516","false","Logo/brand asset","Retain permitted shared brand/UI asset"
"/images/generated/services/design-build-contractor-dubai-desktop.webp","/warehouse/warehouse-road-works","Warehouse Road Works for Dubai and UAE industrial projects","hero","design-build-contractor-dubai-desktop.webp","1920","1080","webp","e16233fe99f6df8b3e0038eb70072789e37119b24b708fc5e8c4671509881a19","/images/generated/services/design-build-contractor-dubai","11","true","Important content image","Missing distinct real replacement; inherited duplicate retained pending suitable photograph"
"/images/project-warehouse-industrial-dubai.webp","/warehouse/warehouse-road-works","Warehouse Road Works","section photograph","project-warehouse-industrial-dubai.webp","1600","1067","webp","e4ef2024be4b8171e52da5857e3bf5568b5a04ee5a3ca041c5d30a1560ac9940","unsplash:photo-1592085198739-ffcad7f36b54","89","true","Important content image","Missing distinct real replacement; inherited duplicate retained pending suitable photograph"
"/images/project-authority-approvals-dubai.webp","/warehouse/warehouse-road-works","What controls warehouse road works before work reaches site.","section photograph","project-authority-approvals-dubai.webp","1600","1067","webp","9e6a366db121844fa3314f16050b33b077dcbcad8db4e5e18f35732dd43d074e","unsplash:photo-1581674662583-5e89b374fae6","172","true","Important content image","Missing distinct real replacement; inherited duplicate retained pending suitable photograph"
"/images/internal/industrial-steel-roof.webp","/warehouse/warehouse-road-works","Documents and inputs that reduce delay.","section photograph","industrial-steel-roof.webp","1920","1280","webp","4af6a0eb63cd82e853bc16e10c68342823c19ecca46e608b0c58b793e26760bb","unsplash:photo-1662120399978-738d233edbec","98","true","Important content image","Missing distinct real replacement; inherited duplicate retained pending suitable photograph"
"/images/internal/project-site-coordination.webp","/warehouse/warehouse-road-works","Authority pathways for Dubai warehouse projects.","section photograph","project-site-coordination.webp","1920","1280","webp","cd9197528dbb538734f8115efdca5952004cce0152888935f914030a997fbd69","unsplash:photo-1742112125567-3e8967bad60f","196","true","Important content image","Missing distinct real replacement; inherited duplicate retained pending suitable photograph"
"/images/emitronix-logo.png","/warehouse/warehouse-roofing","header","card","emitronix-logo.png","1728","404","png","0c588c75d70f3ec952c8f687709cd1eb2fb573955d446b39d6f7a1c6c625e08d","/images/emitronix-logo","516","false","Logo/brand asset","Retain permitted shared brand/UI asset"
"/images/emitronix-logo.png","/warehouse/warehouse-roofing","Bring engineering clarity to your next Dubai build.","content image","emitronix-logo.png","1728","404","png","0c588c75d70f3ec952c8f687709cd1eb2fb573955d446b39d6f7a1c6c625e08d","/images/emitronix-logo","516","false","Logo/brand asset","Retain permitted shared brand/UI asset"
"/images/generated/services/project-management-dubai-desktop.webp","/warehouse/warehouse-roofing","Warehouse Roofing for Dubai and UAE industrial projects","hero","project-management-dubai-desktop.webp","1920","1080","webp","7f992320ad15e965ed8c6650b5331b23806ac1ec39ddfa87a85a138597f12917","/images/generated/services/project-management-dubai","11","true","Important content image","Missing distinct real replacement; inherited duplicate retained pending suitable photograph"
"/images/internal/warehouse-steel-frame.webp","/warehouse/warehouse-roofing","Warehouse Roofing","section photograph","warehouse-steel-frame.webp","1920","1280","webp","920e4d7fafb7e3555576560f936b0f2ab05a5ecc92eafcdc9951574cf34ae91f","unsplash:photo-1649587345666-0f4ad68aa723","19","true","Important content image","Missing distinct real replacement; inherited duplicate retained pending suitable photograph"
"/images/internal/architectural-drawing-review.webp","/warehouse/warehouse-roofing","What controls warehouse roofing before work reaches site.","section photograph","architectural-drawing-review.webp","1920","2768","webp","0242bd81c319b862ae61dd9d38bc8e4d8212b5ba25e6907ca56c07b1bf998804","unsplash:photo-1608303588026-884930af2559","95","true","Important content image","Missing distinct real replacement; inherited duplicate retained pending suitable photograph"
"/images/internal/industrial-steel-roof.webp","/warehouse/warehouse-roofing","Documents and inputs that reduce delay.","section photograph","industrial-steel-roof.webp","1920","1280","webp","4af6a0eb63cd82e853bc16e10c68342823c19ecca46e608b0c58b793e26760bb","unsplash:photo-1662120399978-738d233edbec","98","true","Important content image","Missing distinct real replacement; inherited duplicate retained pending suitable photograph"
"/images/internal/project-site-coordination.webp","/warehouse/warehouse-roofing","Authority pathways for Dubai warehouse projects.","section photograph","project-site-coordination.webp","1920","1280","webp","cd9197528dbb538734f8115efdca5952004cce0152888935f914030a997fbd69","unsplash:photo-1742112125567-3e8967bad60f","196","true","Important content image","Missing distinct real replacement; inherited duplicate retained pending suitable photograph"
"/images/emitronix-logo.png","/warehouse/warehouse-safety-standards","header","card","emitronix-logo.png","1728","404","png","0c588c75d70f3ec952c8f687709cd1eb2fb573955d446b39d6f7a1c6c625e08d","/images/emitronix-logo","516","false","Logo/brand asset","Retain permitted shared brand/UI asset"
"/images/emitronix-logo.png","/warehouse/warehouse-safety-standards","Bring engineering clarity to your next Dubai build.","content image","emitronix-logo.png","1728","404","png","0c588c75d70f3ec952c8f687709cd1eb2fb573955d446b39d6f7a1c6c625e08d","/images/emitronix-logo","516","false","Logo/brand asset","Retain permitted shared brand/UI asset"
"/images/generated/services/structural-works-dubai-desktop.webp","/warehouse/warehouse-safety-standards","Warehouse Safety Standards for Dubai and UAE industrial projects","hero","structural-works-dubai-desktop.webp","1920","1080","webp","4bf3bf181c14ab09a61e2985246f2744934ede895ef0f09b375d1fad043838f6","/images/generated/services/structural-works-dubai","11","true","Important content image","Missing distinct real replacement; inherited duplicate retained pending suitable photograph"
"/images/project-warehouse-industrial-dubai.webp","/warehouse/warehouse-safety-standards","Warehouse Safety Standards","section photograph","project-warehouse-industrial-dubai.webp","1600","1067","webp","e4ef2024be4b8171e52da5857e3bf5568b5a04ee5a3ca041c5d30a1560ac9940","unsplash:photo-1592085198739-ffcad7f36b54","89","true","Important content image","Missing distinct real replacement; inherited duplicate retained pending suitable photograph"
"/images/project-authority-approvals-dubai.webp","/warehouse/warehouse-safety-standards","What controls warehouse safety standards before work reaches site.","section photograph","project-authority-approvals-dubai.webp","1600","1067","webp","9e6a366db121844fa3314f16050b33b077dcbcad8db4e5e18f35732dd43d074e","unsplash:photo-1581674662583-5e89b374fae6","172","true","Important content image","Missing distinct real replacement; inherited duplicate retained pending suitable photograph"
"/images/internal/industrial-steel-roof.webp","/warehouse/warehouse-safety-standards","Documents and inputs that reduce delay.","section photograph","industrial-steel-roof.webp","1920","1280","webp","4af6a0eb63cd82e853bc16e10c68342823c19ecca46e608b0c58b793e26760bb","unsplash:photo-1662120399978-738d233edbec","98","true","Important content image","Missing distinct real replacement; inherited duplicate retained pending suitable photograph"
"/images/internal/project-site-coordination.webp","/warehouse/warehouse-safety-standards","Authority pathways for Dubai warehouse projects.","section photograph","project-site-coordination.webp","1920","1280","webp","cd9197528dbb538734f8115efdca5952004cce0152888935f914030a997fbd69","unsplash:photo-1742112125567-3e8967bad60f","196","true","Important content image","Missing distinct real replacement; inherited duplicate retained pending suitable photograph"
"/images/emitronix-logo.png","/warehouse/warehouse-structural-steel","header","card","emitronix-logo.png","1728","404","png","0c588c75d70f3ec952c8f687709cd1eb2fb573955d446b39d6f7a1c6c625e08d","/images/emitronix-logo","516","false","Logo/brand asset","Retain permitted shared brand/UI asset"
"/images/emitronix-logo.png","/warehouse/warehouse-structural-steel","Bring engineering clarity to your next Dubai build.","content image","emitronix-logo.png","1728","404","png","0c588c75d70f3ec952c8f687709cd1eb2fb573955d446b39d6f7a1c6c625e08d","/images/emitronix-logo","516","false","Logo/brand asset","Retain permitted shared brand/UI asset"
"/images/generated/services/warehouse-construction-dubai-desktop.webp","/warehouse/warehouse-structural-steel","Warehouse Structural Steel for Dubai and UAE industrial projects","hero","warehouse-construction-dubai-desktop.webp","1920","1080","webp","29f35e553da03f3f1f64b896d9987fad0fd59e6c89f9d76b549a852415e6f1cc","/images/generated/services/warehouse-construction-dubai","11","true","Important content image","Missing distinct real replacement; inherited duplicate retained pending suitable photograph"
"/images/internal/warehouse-steel-frame.webp","/warehouse/warehouse-structural-steel","Warehouse Structural Steel","section photograph","warehouse-steel-frame.webp","1920","1280","webp","920e4d7fafb7e3555576560f936b0f2ab05a5ecc92eafcdc9951574cf34ae91f","unsplash:photo-1649587345666-0f4ad68aa723","19","true","Important content image","Missing distinct real replacement; inherited duplicate retained pending suitable photograph"
"/images/internal/architectural-drawing-review.webp","/warehouse/warehouse-structural-steel","What controls warehouse structural steel before work reaches site.","section photograph","architectural-drawing-review.webp","1920","2768","webp","0242bd81c319b862ae61dd9d38bc8e4d8212b5ba25e6907ca56c07b1bf998804","unsplash:photo-1608303588026-884930af2559","95","true","Important content image","Missing distinct real replacement; inherited duplicate retained pending suitable photograph"
"/images/internal/industrial-steel-roof.webp","/warehouse/warehouse-structural-steel","Documents and inputs that reduce delay.","section photograph","industrial-steel-roof.webp","1920","1280","webp","4af6a0eb63cd82e853bc16e10c68342823c19ecca46e608b0c58b793e26760bb","unsplash:photo-1662120399978-738d233edbec","98","true","Important content image","Missing distinct real replacement; inherited duplicate retained pending suitable photograph"
"/images/internal/project-site-coordination.webp","/warehouse/warehouse-structural-steel","Authority pathways for Dubai warehouse projects.","section photograph","project-site-coordination.webp","1920","1280","webp","cd9197528dbb538734f8115efdca5952004cce0152888935f914030a997fbd69","unsplash:photo-1742112125567-3e8967bad60f","196","true","Important content image","Missing distinct real replacement; inherited duplicate retained pending suitable photograph"
"/images/emitronix-logo.png","/warehouse/warehouse-turnkey-contractor","header","card","emitronix-logo.png","1728","404","png","0c588c75d70f3ec952c8f687709cd1eb2fb573955d446b39d6f7a1c6c625e08d","/images/emitronix-logo","516","false","Logo/brand asset","Retain permitted shared brand/UI asset"
"/images/emitronix-logo.png","/warehouse/warehouse-turnkey-contractor","Bring engineering clarity to your next Dubai build.","content image","emitronix-logo.png","1728","404","png","0c588c75d70f3ec952c8f687709cd1eb2fb573955d446b39d6f7a1c6c625e08d","/images/emitronix-logo","516","false","Logo/brand asset","Retain permitted shared brand/UI asset"
"/images/generated/services/industrial-construction-dubai-desktop.webp","/warehouse/warehouse-turnkey-contractor","Warehouse Turnkey Contractor for Dubai and UAE industrial projects","hero","industrial-construction-dubai-desktop.webp","1920","1080","webp","ff24868e50b9e47d02a50a53f1974570d6ac7de37f1976715212ad15901fc87c","/images/generated/services/industrial-construction-dubai","11","true","Important content image","Missing distinct real replacement; inherited duplicate retained pending suitable photograph"
"/images/project-warehouse-industrial-dubai.webp","/warehouse/warehouse-turnkey-contractor","Warehouse Turnkey Contractor","section photograph","project-warehouse-industrial-dubai.webp","1600","1067","webp","e4ef2024be4b8171e52da5857e3bf5568b5a04ee5a3ca041c5d30a1560ac9940","unsplash:photo-1592085198739-ffcad7f36b54","89","true","Important content image","Missing distinct real replacement; inherited duplicate retained pending suitable photograph"
"/images/project-authority-approvals-dubai.webp","/warehouse/warehouse-turnkey-contractor","What controls warehouse turnkey contractor before work reaches site.","section photograph","project-authority-approvals-dubai.webp","1600","1067","webp","9e6a366db121844fa3314f16050b33b077dcbcad8db4e5e18f35732dd43d074e","unsplash:photo-1581674662583-5e89b374fae6","172","true","Important content image","Missing distinct real replacement; inherited duplicate retained pending suitable photograph"
"/images/internal/industrial-steel-roof.webp","/warehouse/warehouse-turnkey-contractor","Documents and inputs that reduce delay.","section photograph","industrial-steel-roof.webp","1920","1280","webp","4af6a0eb63cd82e853bc16e10c68342823c19ecca46e608b0c58b793e26760bb","unsplash:photo-1662120399978-738d233edbec","98","true","Important content image","Missing distinct real replacement; inherited duplicate retained pending suitable photograph"
"/images/internal/project-site-coordination.webp","/warehouse/warehouse-turnkey-contractor","Authority pathways for Dubai warehouse projects.","section photograph","project-site-coordination.webp","1920","1280","webp","cd9197528dbb538734f8115efdca5952004cce0152888935f914030a997fbd69","unsplash:photo-1742112125567-3e8967bad60f","196","true","Important content image","Missing distinct real replacement; inherited duplicate retained pending suitable photograph"
"/images/emitronix-logo.png","/warehouse/warehouse-utility-services","header","card","emitronix-logo.png","1728","404","png","0c588c75d70f3ec952c8f687709cd1eb2fb573955d446b39d6f7a1c6c625e08d","/images/emitronix-logo","516","false","Logo/brand asset","Retain permitted shared brand/UI asset"
"/images/emitronix-logo.png","/warehouse/warehouse-utility-services","Bring engineering clarity to your next Dubai build.","content image","emitronix-logo.png","1728","404","png","0c588c75d70f3ec952c8f687709cd1eb2fb573955d446b39d6f7a1c6c625e08d","/images/emitronix-logo","516","false","Logo/brand asset","Retain permitted shared brand/UI asset"
"/images/generated/services/design-build-contractor-dubai-desktop.webp","/warehouse/warehouse-utility-services","Warehouse Utility Services for Dubai and UAE industrial projects","hero","design-build-contractor-dubai-desktop.webp","1920","1080","webp","e16233fe99f6df8b3e0038eb70072789e37119b24b708fc5e8c4671509881a19","/images/generated/services/design-build-contractor-dubai","11","true","Important content image","Missing distinct real replacement; inherited duplicate retained pending suitable photograph"
"/images/project-warehouse-industrial-dubai.webp","/warehouse/warehouse-utility-services","Warehouse Utility Services","section photograph","project-warehouse-industrial-dubai.webp","1600","1067","webp","e4ef2024be4b8171e52da5857e3bf5568b5a04ee5a3ca041c5d30a1560ac9940","unsplash:photo-1592085198739-ffcad7f36b54","89","true","Important content image","Missing distinct real replacement; inherited duplicate retained pending suitable photograph"
"/images/project-authority-approvals-dubai.webp","/warehouse/warehouse-utility-services","What controls warehouse utility services before work reaches site.","section photograph","project-authority-approvals-dubai.webp","1600","1067","webp","9e6a366db121844fa3314f16050b33b077dcbcad8db4e5e18f35732dd43d074e","unsplash:photo-1581674662583-5e89b374fae6","172","true","Important content image","Missing distinct real replacement; inherited duplicate retained pending suitable photograph"
"/images/internal/industrial-steel-roof.webp","/warehouse/warehouse-utility-services","Documents and inputs that reduce delay.","section photograph","industrial-steel-roof.webp","1920","1280","webp","4af6a0eb63cd82e853bc16e10c68342823c19ecca46e608b0c58b793e26760bb","unsplash:photo-1662120399978-738d233edbec","98","true","Important content image","Missing distinct real replacement; inherited duplicate retained pending suitable photograph"
"/images/internal/project-site-coordination.webp","/warehouse/warehouse-utility-services","Authority pathways for Dubai warehouse projects.","section photograph","project-site-coordination.webp","1920","1280","webp","cd9197528dbb538734f8115efdca5952004cce0152888935f914030a997fbd69","unsplash:photo-1742112125567-3e8967bad60f","196","true","Important content image","Missing distinct real replacement; inherited duplicate retained pending suitable photograph"
"/images/emitronix-logo.png","/search","header","card","emitronix-logo.png","1728","404","png","0c588c75d70f3ec952c8f687709cd1eb2fb573955d446b39d6f7a1c6c625e08d","/images/emitronix-logo","516","false","Logo/brand asset","Retain permitted shared brand/UI asset"
"/images/emitronix-logo.png","/search","Bring engineering clarity to your next Dubai build.","content image","emitronix-logo.png","1728","404","png","0c588c75d70f3ec952c8f687709cd1eb2fb573955d446b39d6f7a1c6c625e08d","/images/emitronix-logo","516","false","Logo/brand asset","Retain permitted shared brand/UI asset"
"/images/internal/architectural-drawing-review.webp","/search","Search Emitronix services and approval resources. / Authority Approvals Dubai","hero","architectural-drawing-review.webp","1920","2768","webp","0242bd81c319b862ae61dd9d38bc8e4d8212b5ba25e6907ca56c07b1bf998804","unsplash:photo-1608303588026-884930af2559","95","true","Important content image","Missing distinct real replacement; inherited duplicate retained pending suitable photograph"
"/images/project-authority-approvals-dubai.webp","/search","Search Emitronix services and approval resources. / Dubai Municipality Approval","hero","project-authority-approvals-dubai.webp","1600","1067","webp","9e6a366db121844fa3314f16050b33b077dcbcad8db4e5e18f35732dd43d074e","unsplash:photo-1581674662583-5e89b374fae6","172","true","Important content image","Missing distinct real replacement; inherited duplicate retained pending suitable photograph"
"/images/internal/project-site-coordination.webp","/search","Search Emitronix services and approval resources. / DDA Approvals","hero","project-site-coordination.webp","1920","1280","webp","cd9197528dbb538734f8115efdca5952004cce0152888935f914030a997fbd69","unsplash:photo-1742112125567-3e8967bad60f","196","true","Important content image","Missing distinct real replacement; inherited duplicate retained pending suitable photograph"
"/images/project-mep-coordination-dubai.webp","/search","Search Emitronix services and approval resources. / DCD Approvals","hero","project-mep-coordination-dubai.webp","1600","1067","webp","43d0c568cd1d56ff412d73507931d1a606c38601caed94d7db5377f05003b49d","unsplash:photo-1778514825784-0659eaf8e7a2","27","true","Important content image","Missing distinct real replacement; inherited duplicate retained pending suitable photograph"
"/images/project-building-maintenance-dubai.webp","/search","Search Emitronix services and approval resources. / DEWA Approvals","hero","project-building-maintenance-dubai.webp","1600","1067","webp","9bdbd67da8c0986cbe0e34ec9fb0009184ecec09b1592a9adaec67eaa2eecabd","unsplash:photo-1621905251189-08b45d6a269e","9","true","Important content image","Missing distinct real replacement; inherited duplicate retained pending suitable photograph"
"/images/emitronix-logo.png","/cookie-policy","header","card","emitronix-logo.png","1728","404","png","0c588c75d70f3ec952c8f687709cd1eb2fb573955d446b39d6f7a1c6c625e08d","/images/emitronix-logo","516","false","Logo/brand asset","Retain permitted shared brand/UI asset"
"/images/emitronix-logo.png","/cookie-policy","Bring engineering clarity to your next Dubai build.","content image","emitronix-logo.png","1728","404","png","0c588c75d70f3ec952c8f687709cd1eb2fb573955d446b39d6f7a1c6c625e08d","/images/emitronix-logo","516","false","Logo/brand asset","Retain permitted shared brand/UI asset"
"/images/sections/office-laptop-work.webp","/cookie-policy","How we use cookies / Emitronix","card","office-laptop-work.webp","1600","1068","webp","145108f209999b4cb37fa2cced6e3521eb3533fca56b6c9009cc13cceea76537","pexels:6405641","18","true","Important content image","Missing distinct real replacement; inherited duplicate retained pending suitable photograph"
"/images/sections/document-binders.webp","/cookie-policy","Cookie categories","section photograph","document-binders.webp","1600","1067","webp","cfbbfadea410c6847c60cff1b15d76569906384ab19691d42f8c169d61ed9763","pexels:17018372","20","true","Important content image","Missing distinct real replacement; inherited duplicate retained pending suitable photograph"
"/images/sections/office-records-desk.webp","/cookie-policy","Live chat and visitor visibility","section photograph","office-records-desk.webp","1600","1068","webp","d6b58a32141aa1c8316b8d41b823e2e652c192a0875152e20590dd57092f2a82","pexels:8353764","50","true","Important content image","Missing distinct real replacement; inherited duplicate retained pending suitable photograph"
"/images/project-authority-approvals-dubai.webp","/cookie-policy","Consent record and duration","section photograph","project-authority-approvals-dubai.webp","1600","1067","webp","9e6a366db121844fa3314f16050b33b077dcbcad8db4e5e18f35732dd43d074e","unsplash:photo-1581674662583-5e89b374fae6","172","true","Important content image","Missing distinct real replacement; inherited duplicate retained pending suitable photograph"
"/images/project-fit-out-dubai.webp","/cookie-policy","Google Consent Mode v2","section photograph","project-fit-out-dubai.webp","1600","2400","webp","1ffcf3a0a7a0010ba6f10d8815d80782638f64ae25a00052bdf62f5191c6dfe4","unsplash:photo-1771918050103-57b5de00d960","22","true","Important content image","Missing distinct real replacement; inherited duplicate retained pending suitable photograph"
"/images/emitronix-logo.png","/privacy-policy","header","card","emitronix-logo.png","1728","404","png","0c588c75d70f3ec952c8f687709cd1eb2fb573955d446b39d6f7a1c6c625e08d","/images/emitronix-logo","516","false","Logo/brand asset","Retain permitted shared brand/UI asset"
"/images/emitronix-logo.png","/privacy-policy","Bring engineering clarity to your next Dubai build.","content image","emitronix-logo.png","1728","404","png","0c588c75d70f3ec952c8f687709cd1eb2fb573955d446b39d6f7a1c6c625e08d","/images/emitronix-logo","516","false","Logo/brand asset","Retain permitted shared brand/UI asset"
"/images/sections/office-laptop-work.webp","/privacy-policy","Personal data we collect / Emitronix","card","office-laptop-work.webp","1600","1068","webp","145108f209999b4cb37fa2cced6e3521eb3533fca56b6c9009cc13cceea76537","pexels:6405641","18","true","Important content image","Missing distinct real replacement; inherited duplicate retained pending suitable photograph"
"/images/sections/document-binders.webp","/privacy-policy","Purposes and consent","section photograph","document-binders.webp","1600","1067","webp","cfbbfadea410c6847c60cff1b15d76569906384ab19691d42f8c169d61ed9763","pexels:17018372","20","true","Important content image","Missing distinct real replacement; inherited duplicate retained pending suitable photograph"
"/images/sections/office-records-desk.webp","/privacy-policy","Career applications and CVs","section photograph","office-records-desk.webp","1600","1068","webp","d6b58a32141aa1c8316b8d41b823e2e652c192a0875152e20590dd57092f2a82","pexels:8353764","50","true","Important content image","Missing distinct real replacement; inherited duplicate retained pending suitable photograph"
"/images/project-authority-approvals-dubai.webp","/privacy-policy","Retention and deletion","section photograph","project-authority-approvals-dubai.webp","1600","1067","webp","9e6a366db121844fa3314f16050b33b077dcbcad8db4e5e18f35732dd43d074e","unsplash:photo-1581674662583-5e89b374fae6","172","true","Important content image","Missing distinct real replacement; inherited duplicate retained pending suitable photograph"
"/images/project-fit-out-dubai.webp","/privacy-policy","Requests and questions","section photograph","project-fit-out-dubai.webp","1600","2400","webp","1ffcf3a0a7a0010ba6f10d8815d80782638f64ae25a00052bdf62f5191c6dfe4","unsplash:photo-1771918050103-57b5de00d960","22","true","Important content image","Missing distinct real replacement; inherited duplicate retained pending suitable photograph"
"/images/emitronix-logo.png","/terms-and-conditions","header","card","emitronix-logo.png","1728","404","png","0c588c75d70f3ec952c8f687709cd1eb2fb573955d446b39d6f7a1c6c625e08d","/images/emitronix-logo","516","false","Logo/brand asset","Retain permitted shared brand/UI asset"
"/images/emitronix-logo.png","/terms-and-conditions","Bring engineering clarity to your next Dubai build.","content image","emitronix-logo.png","1728","404","png","0c588c75d70f3ec952c8f687709cd1eb2fb573955d446b39d6f7a1c6c625e08d","/images/emitronix-logo","516","false","Logo/brand asset","Retain permitted shared brand/UI asset"
"/images/sections/office-laptop-work.webp","/terms-and-conditions","Website use / Emitronix","card","office-laptop-work.webp","1600","1068","webp","145108f209999b4cb37fa2cced6e3521eb3533fca56b6c9009cc13cceea76537","pexels:6405641","18","true","Important content image","Missing distinct real replacement; inherited duplicate retained pending suitable photograph"
"/images/sections/document-binders.webp","/terms-and-conditions","Enquiries and proposals","section photograph","document-binders.webp","1600","1067","webp","cfbbfadea410c6847c60cff1b15d76569906384ab19691d42f8c169d61ed9763","pexels:17018372","20","true","Important content image","Missing distinct real replacement; inherited duplicate retained pending suitable photograph"
"/images/sections/office-records-desk.webp","/terms-and-conditions","Content accuracy","section photograph","office-records-desk.webp","1600","1068","webp","d6b58a32141aa1c8316b8d41b823e2e652c192a0875152e20590dd57092f2a82","pexels:8353764","50","true","Important content image","Missing distinct real replacement; inherited duplicate retained pending suitable photograph"
"/images/project-authority-approvals-dubai.webp","/terms-and-conditions","Intellectual property","section photograph","project-authority-approvals-dubai.webp","1600","1067","webp","9e6a366db121844fa3314f16050b33b077dcbcad8db4e5e18f35732dd43d074e","unsplash:photo-1581674662583-5e89b374fae6","172","true","Important content image","Missing distinct real replacement; inherited duplicate retained pending suitable photograph"
"/images/project-fit-out-dubai.webp","/terms-and-conditions","Legal review status","section photograph","project-fit-out-dubai.webp","1600","2400","webp","1ffcf3a0a7a0010ba6f10d8815d80782638f64ae25a00052bdf62f5191c6dfe4","unsplash:photo-1771918050103-57b5de00d960","22","true","Important content image","Missing distinct real replacement; inherited duplicate retained pending suitable photograph"
"/images/emitronix-logo.png","/ar/cookie-policy","header","card","emitronix-logo.png","1728","404","png","0c588c75d70f3ec952c8f687709cd1eb2fb573955d446b39d6f7a1c6c625e08d","/images/emitronix-logo","516","false","Logo/brand asset","Retain permitted shared brand/UI asset"
"/images/emitronix-logo.png","/ar/cookie-policy","امنح مشروعك القادم في دبي وضوحا هندسيا من البداية.","content image","emitronix-logo.png","1728","404","png","0c588c75d70f3ec952c8f687709cd1eb2fb573955d446b39d6f7a1c6c625e08d","/images/emitronix-logo","516","false","Logo/brand asset","Retain permitted shared brand/UI asset"
"/images/sections/office-laptop-work.webp","/ar/cookie-policy","كيفية استخدام ملفات الارتباط / Emitronix","card","office-laptop-work.webp","1600","1068","webp","145108f209999b4cb37fa2cced6e3521eb3533fca56b6c9009cc13cceea76537","pexels:6405641","18","true","Important content image","Missing distinct real replacement; inherited duplicate retained pending suitable photograph"
"/images/sections/document-binders.webp","/ar/cookie-policy","فئات ملفات الارتباط","section photograph","document-binders.webp","1600","1067","webp","cfbbfadea410c6847c60cff1b15d76569906384ab19691d42f8c169d61ed9763","pexels:17018372","20","true","Important content image","Missing distinct real replacement; inherited duplicate retained pending suitable photograph"
"/images/sections/office-records-desk.webp","/ar/cookie-policy","الدردشة المباشرة وظهور الزائر","section photograph","office-records-desk.webp","1600","1068","webp","d6b58a32141aa1c8316b8d41b823e2e652c192a0875152e20590dd57092f2a82","pexels:8353764","50","true","Important content image","Missing distinct real replacement; inherited duplicate retained pending suitable photograph"
"/images/project-authority-approvals-dubai.webp","/ar/cookie-policy","سجل الموافقة ومدته","section photograph","project-authority-approvals-dubai.webp","1600","1067","webp","9e6a366db121844fa3314f16050b33b077dcbcad8db4e5e18f35732dd43d074e","unsplash:photo-1581674662583-5e89b374fae6","172","true","Important content image","Missing distinct real replacement; inherited duplicate retained pending suitable photograph"
"/images/project-fit-out-dubai.webp","/ar/cookie-policy","وضع موافقة Google v2","section photograph","project-fit-out-dubai.webp","1600","2400","webp","1ffcf3a0a7a0010ba6f10d8815d80782638f64ae25a00052bdf62f5191c6dfe4","unsplash:photo-1771918050103-57b5de00d960","22","true","Important content image","Missing distinct real replacement; inherited duplicate retained pending suitable photograph"
"/images/emitronix-logo.png","/ar/privacy-policy","header","card","emitronix-logo.png","1728","404","png","0c588c75d70f3ec952c8f687709cd1eb2fb573955d446b39d6f7a1c6c625e08d","/images/emitronix-logo","516","false","Logo/brand asset","Retain permitted shared brand/UI asset"
"/images/emitronix-logo.png","/ar/privacy-policy","امنح مشروعك القادم في دبي وضوحا هندسيا من البداية.","content image","emitronix-logo.png","1728","404","png","0c588c75d70f3ec952c8f687709cd1eb2fb573955d446b39d6f7a1c6c625e08d","/images/emitronix-logo","516","false","Logo/brand asset","Retain permitted shared brand/UI asset"
"/images/sections/office-laptop-work.webp","/ar/privacy-policy","البيانات الشخصية التي نجمعها / Emitronix","card","office-laptop-work.webp","1600","1068","webp","145108f209999b4cb37fa2cced6e3521eb3533fca56b6c9009cc13cceea76537","pexels:6405641","18","true","Important content image","Missing distinct real replacement; inherited duplicate retained pending suitable photograph"
"/images/sections/document-binders.webp","/ar/privacy-policy","الأغراض والموافقة","section photograph","document-binders.webp","1600","1067","webp","cfbbfadea410c6847c60cff1b15d76569906384ab19691d42f8c169d61ed9763","pexels:17018372","20","true","Important content image","Missing distinct real replacement; inherited duplicate retained pending suitable photograph"
"/images/sections/office-records-desk.webp","/ar/privacy-policy","طلبات التوظيف والسير الذاتية","section photograph","office-records-desk.webp","1600","1068","webp","d6b58a32141aa1c8316b8d41b823e2e652c192a0875152e20590dd57092f2a82","pexels:8353764","50","true","Important content image","Missing distinct real replacement; inherited duplicate retained pending suitable photograph"
"/images/project-authority-approvals-dubai.webp","/ar/privacy-policy","الاحتفاظ والحذف","section photograph","project-authority-approvals-dubai.webp","1600","1067","webp","9e6a366db121844fa3314f16050b33b077dcbcad8db4e5e18f35732dd43d074e","unsplash:photo-1581674662583-5e89b374fae6","172","true","Important content image","Missing distinct real replacement; inherited duplicate retained pending suitable photograph"
"/images/project-fit-out-dubai.webp","/ar/privacy-policy","الطلبات والأسئلة","section photograph","project-fit-out-dubai.webp","1600","2400","webp","1ffcf3a0a7a0010ba6f10d8815d80782638f64ae25a00052bdf62f5191c6dfe4","unsplash:photo-1771918050103-57b5de00d960","22","true","Important content image","Missing distinct real replacement; inherited duplicate retained pending suitable photograph"
"/images/emitronix-logo.png","/ar/terms-and-conditions","header","card","emitronix-logo.png","1728","404","png","0c588c75d70f3ec952c8f687709cd1eb2fb573955d446b39d6f7a1c6c625e08d","/images/emitronix-logo","516","false","Logo/brand asset","Retain permitted shared brand/UI asset"
"/images/emitronix-logo.png","/ar/terms-and-conditions","امنح مشروعك القادم في دبي وضوحا هندسيا من البداية.","content image","emitronix-logo.png","1728","404","png","0c588c75d70f3ec952c8f687709cd1eb2fb573955d446b39d6f7a1c6c625e08d","/images/emitronix-logo","516","false","Logo/brand asset","Retain permitted shared brand/UI asset"
"/images/sections/office-laptop-work.webp","/ar/terms-and-conditions","استخدام الموقع / Emitronix","card","office-laptop-work.webp","1600","1068","webp","145108f209999b4cb37fa2cced6e3521eb3533fca56b6c9009cc13cceea76537","pexels:6405641","18","true","Important content image","Missing distinct real replacement; inherited duplicate retained pending suitable photograph"
"/images/sections/document-binders.webp","/ar/terms-and-conditions","Page content","section photograph","document-binders.webp","1600","1067","webp","cfbbfadea410c6847c60cff1b15d76569906384ab19691d42f8c169d61ed9763","pexels:17018372","20","true","Important content image","Missing distinct real replacement; inherited duplicate retained pending suitable photograph"
"/images/sections/office-records-desk.webp","/ar/terms-and-conditions","دقة المحتوى","section photograph","office-records-desk.webp","1600","1068","webp","d6b58a32141aa1c8316b8d41b823e2e652c192a0875152e20590dd57092f2a82","pexels:8353764","50","true","Important content image","Missing distinct real replacement; inherited duplicate retained pending suitable photograph"
"/images/project-authority-approvals-dubai.webp","/ar/terms-and-conditions","الملكية الفكرية","section photograph","project-authority-approvals-dubai.webp","1600","1067","webp","9e6a366db121844fa3314f16050b33b077dcbcad8db4e5e18f35732dd43d074e","unsplash:photo-1581674662583-5e89b374fae6","172","true","Important content image","Missing distinct real replacement; inherited duplicate retained pending suitable photograph"
"/images/project-fit-out-dubai.webp","/ar/terms-and-conditions","حالة المراجعة القانونية","section photograph","project-fit-out-dubai.webp","1600","2400","webp","1ffcf3a0a7a0010ba6f10d8815d80782638f64ae25a00052bdf62f5191c6dfe4","unsplash:photo-1771918050103-57b5de00d960","22","true","Important content image","Missing distinct real replacement; inherited duplicate retained pending suitable photograph"
"/images/emitronix-logo.png","/admin/cookie-consent","header","card","emitronix-logo.png","1728","404","png","0c588c75d70f3ec952c8f687709cd1eb2fb573955d446b39d6f7a1c6c625e08d","/images/emitronix-logo","516","false","Logo/brand asset","Retain permitted shared brand/UI asset"
"/images/emitronix-logo.png","/admin/cookie-consent","Bring engineering clarity to your next Dubai build.","content image","emitronix-logo.png","1728","404","png","0c588c75d70f3ec952c8f687709cd1eb2fb573955d446b39d6f7a1c6c625e08d","/images/emitronix-logo","516","false","Logo/brand asset","Retain permitted shared brand/UI asset"
"/images/sections/office-laptop-work.webp","/admin/cookie-consent","Page content","section photograph","office-laptop-work.webp","1600","1068","webp","145108f209999b4cb37fa2cced6e3521eb3533fca56b6c9009cc13cceea76537","pexels:6405641","18","true","Important content image","Missing distinct real replacement; inherited duplicate retained pending suitable photograph"
"/images/sections/office-records-desk.webp","/admin/cookie-consent","Page content","section photograph","office-records-desk.webp","1600","1068","webp","d6b58a32141aa1c8316b8d41b823e2e652c192a0875152e20590dd57092f2a82","pexels:8353764","50","true","Important content image","Missing distinct real replacement; inherited duplicate retained pending suitable photograph"
"/images/sections/document-binders.webp","/admin/cookie-consent","Page content","section photograph","document-binders.webp","1600","1067","webp","cfbbfadea410c6847c60cff1b15d76569906384ab19691d42f8c169d61ed9763","pexels:17018372","20","true","Important content image","Missing distinct real replacement; inherited duplicate retained pending suitable photograph"
"/images/project-fit-out-dubai.webp","/admin/cookie-consent","Page content","section photograph","project-fit-out-dubai.webp","1600","2400","webp","1ffcf3a0a7a0010ba6f10d8815d80782638f64ae25a00052bdf62f5191c6dfe4","unsplash:photo-1771918050103-57b5de00d960","22","true","Important content image","Missing distinct real replacement; inherited duplicate retained pending suitable photograph"
"/images/project-authority-approvals-dubai.webp","/admin/cookie-consent","Page content","section photograph","project-authority-approvals-dubai.webp","1600","1067","webp","9e6a366db121844fa3314f16050b33b077dcbcad8db4e5e18f35732dd43d074e","unsplash:photo-1581674662583-5e89b374fae6","172","true","Important content image","Missing distinct real replacement; inherited duplicate retained pending suitable photograph"
