placementId,imagePath,page,section,role,identity,requiredSubject,status,action
"/about#image-5","/images/internal/project-site-coordination.webp","/about","A delivery system that keeps complex Dubai scopes visible.","section photograph","unsplash:photo-1742112125567-3e8967bad60f","Two construction professionals reviewing a clipboard on site","Suitable distinct real photograph remains to be sourced and reviewed","Missing distinct real replacement; inherited duplicate retained pending suitable photograph"
"/about#image-6","/images/internal/warehouse-steel-frame.webp","/about","Page content","section photograph","unsplash:photo-1649587345666-0f4ad68aa723","Cranes and lifting equipment erecting a steel warehouse frame","Suitable distinct real photograph remains to be sourced and reviewed","Missing distinct real replacement; inherited duplicate retained pending suitable photograph"
"/about#image-7","/images/project-civil-works-dubai.webp","/about","Founder profile / Leadership functions","card","unsplash:photo-1504307651254-35680f356dfd","Construction workers preparing reinforcement and cutting steel at a building site","Suitable distinct real photograph remains to be sourced and reviewed","Missing distinct real replacement; inherited duplicate retained pending suitable photograph"
"/accessibility#image-3","/images/sections/office-laptop-work.webp","/accessibility","Our accessibility approach / Policy principles","card","pexels:6405641","Hands using a laptop at a desk with office stationery","Suitable distinct real photograph remains to be sourced and reviewed","Missing distinct real replacement; inherited duplicate retained pending suitable photograph"
"/accessibility#image-4","/images/sections/document-binders.webp","/accessibility","Content and interaction commitments / Policy principles","card","pexels:17018372","Labelled ring binders and an open document file on a desk","Suitable distinct real photograph remains to be sourced and reviewed","Missing distinct real replacement; inherited duplicate retained pending suitable photograph"
"/accessibility#image-5","/images/sections/office-records-desk.webp","/accessibility","Testing and maintenance / Policy principles","card","pexels:8353764","Paper documents, an open folder and computer monitors on an office desk","Suitable distinct real photograph remains to be sourced and reviewed","Missing distinct real replacement; inherited duplicate retained pending suitable photograph"
"/accessibility#image-6","/images/project-authority-approvals-dubai.webp","/accessibility","Request an accessible alternative / Policy principles","card","unsplash:photo-1581674662583-5e89b374fae6","Architectural plans and a notebook arranged on a worktable","Suitable distinct real photograph remains to be sourced and reviewed","Missing distinct real replacement; inherited duplicate retained pending suitable photograph"
"/accessibility#image-7","/images/project-fit-out-dubai.webp","/accessibility","Feedback is part of improvement / Policy principles","card","unsplash:photo-1771918050103-57b5de00d960","Office workstations below exposed ventilation ductwork and suspended lights","Suitable distinct real photograph remains to be sourced and reviewed","Missing distinct real replacement; inherited duplicate retained pending suitable photograph"
"/approval#image-4","/images/internal/architectural-drawing-review.webp","/approval","Choose the authority workflow you need.","section photograph","unsplash:photo-1608303588026-884930af2559","Hands reviewing architectural drawings with a ruler and calculator","Suitable distinct real photograph remains to be sourced and reviewed","Missing distinct real replacement; inherited duplicate retained pending suitable photograph"
"/approval#image-5","/images/project-authority-approvals-dubai.webp","/approval","Planning approval requirements before they affect site execution.","section photograph","unsplash:photo-1581674662583-5e89b374fae6","Architectural plans and a notebook arranged on a worktable","Suitable distinct real photograph remains to be sourced and reviewed","Missing distinct real replacement; inherited duplicate retained pending suitable photograph"
"/approval#image-6","/images/internal/project-site-coordination.webp","/approval","Page content","section photograph","unsplash:photo-1742112125567-3e8967bad60f","Two construction professionals reviewing a clipboard on site","Suitable distinct real photograph remains to be sourced and reviewed","Missing distinct real replacement; inherited duplicate retained pending suitable photograph"
"/approval#image-7","/images/sections/office-records-desk.webp","/approval","Page content","section photograph","pexels:8353764","Paper documents, an open folder and computer monitors on an office desk","Suitable distinct real photograph remains to be sourced and reviewed","Missing distinct real replacement; inherited duplicate retained pending suitable photograph"
"/ar/about#image-3","/images/generated/company/engineering-coordination-dubai-hero-desktop.webp","/ar/about","مقاول في دبي يعتمد على الوضوح والانضباط في التنفيذ. / تنفيذ مبني على الثقة والوضوح.","hero","/images/generated/company/engineering-coordination-dubai-hero","مهندسون يراجعون أعمال موقع إنشائي في دبي","Suitable distinct real photograph remains to be sourced and reviewed","Missing distinct real replacement; inherited duplicate retained pending suitable photograph"
"/ar/about#image-4","/images/internal/project-site-coordination.webp","/ar/about","section / تنفيذ مبني على الثقة والوضوح.","card","unsplash:photo-1742112125567-3e8967bad60f","مختصان في البناء يراجعان لوحة مستندات في الموقع","Suitable distinct real photograph remains to be sourced and reviewed","Missing distinct real replacement; inherited duplicate retained pending suitable photograph"
"/ar/about#image-5","/images/internal/warehouse-steel-frame.webp","/ar/about","تنفيذ مبني على الثقة والوضوح. / تنفيذ مبني على الثقة والوضوح.","card","unsplash:photo-1649587345666-0f4ad68aa723","رافعات ومعدات رفع أثناء تركيب هيكل فولاذي لمستودع","Suitable distinct real photograph remains to be sourced and reviewed","Missing distinct real replacement; inherited duplicate retained pending suitable photograph"
"/ar/about#image-6","/images/project-civil-works-dubai.webp","/ar/about","نظام هادئ للتعامل مع نطاقات دبي المعقدة. / تنفيذ مبني على الثقة والوضوح.","card","unsplash:photo-1504307651254-35680f356dfd","عمال بناء يجهزون حديد التسليح ويقطعون الفولاذ في موقع إنشائي","Suitable distinct real photograph remains to be sourced and reviewed","Missing distinct real replacement; inherited duplicate retained pending suitable photograph"
"/ar/about#image-7","/images/project-office-fit-out-dubai.webp","/ar/about","ملكية المحتوى والمراجعة / تنفيذ مبني على الثقة والوضوح.","card","unsplash:photo-1504297050568-910d24c426d3","ممر مكاتب بفواصل زجاجية وخدمات ظاهرة في السقف","Suitable distinct real photograph remains to be sourced and reviewed","Missing distinct real replacement; inherited duplicate retained pending suitable photograph"
"/ar/approval#image-3","/images/generated/approvals/dubai-authority-approvals-coordination-desktop.webp","/ar/approval","تنسيق موافقات دبي كجزء من مسار البناء. / مسارات موافقات مرتبطة بالأعمال المدنية والتشطيبات.","hero","/images/generated/approvals/dubai-authority-approvals-coordination","مراجعة رسومات ومستندات تنسيق موافقات البناء في دبي","Suitable distinct real photograph remains to be sourced and reviewed","Missing distinct real replacement; inherited duplicate retained pending suitable photograph"
"/ar/approval#image-4","/images/internal/architectural-drawing-review.webp","/ar/approval","section / مسارات موافقات مرتبطة بالأعمال المدنية والتشطيبات.","card","unsplash:photo-1608303588026-884930af2559","مراجعة مخططات معمارية باستخدام مسطرة وآلة حاسبة","Suitable distinct real photograph remains to be sourced and reviewed","Missing distinct real replacement; inherited duplicate retained pending suitable photograph"
"/ar/approval#image-5","/images/project-authority-approvals-dubai.webp","/ar/approval","مسارات موافقات مرتبطة بالأعمال المدنية والتشطيبات. / مسارات موافقات مرتبطة بالأعمال المدنية والتشطيبات.","card","unsplash:photo-1581674662583-5e89b374fae6","مخططات معمارية ودفتر ملاحظات على طاولة عمل","Suitable distinct real photograph remains to be sourced and reviewed","Missing distinct real replacement; inherited duplicate retained pending suitable photograph"
"/ar/approval#image-6","/images/internal/project-site-coordination.webp","/ar/approval","ملكية المحتوى والمراجعة / مسارات موافقات مرتبطة بالأعمال المدنية والتشطيبات.","card","unsplash:photo-1742112125567-3e8967bad60f","مختصان في البناء يراجعان لوحة مستندات في الموقع","Suitable distinct real photograph remains to be sourced and reviewed","Missing distinct real replacement; inherited duplicate retained pending suitable photograph"
"/ar/approval#image-7","/images/sections/office-records-desk.webp","/ar/approval","تحدث مع فريق Emitronix حول مشروعك في دبي. / مسارات موافقات مرتبطة بالأعمال المدنية والتشطيبات.","card","pexels:8353764","مستندات ورقية وملف مفتوح وشاشات حاسوب على مكتب","Suitable distinct real photograph remains to be sourced and reviewed","Missing distinct real replacement; inherited duplicate retained pending suitable photograph"
"/ar/blog#image-4","/images/project-civil-works-dubai.webp","/ar/blog","section / أدلة عملية لأصحاب المشاريع والاستشاريين.","card","unsplash:photo-1504307651254-35680f356dfd","عمال بناء يجهزون حديد التسليح ويقطعون الفولاذ في موقع إنشائي","Suitable distinct real photograph remains to be sourced and reviewed","Missing distinct real replacement; inherited duplicate retained pending suitable photograph"
"/ar/blog#image-5","/images/project-authority-approvals-dubai.webp","/ar/blog","أدلة عملية لأصحاب المشاريع والاستشاريين. / أدلة عملية لأصحاب المشاريع والاستشاريين.","card","unsplash:photo-1581674662583-5e89b374fae6","مخططات معمارية ودفتر ملاحظات على طاولة عمل","Suitable distinct real photograph remains to be sourced and reviewed","Missing distinct real replacement; inherited duplicate retained pending suitable photograph"
"/ar/blog#image-6","/images/internal/project-site-coordination.webp","/ar/blog","ملكية المحتوى والمراجعة / أدلة عملية لأصحاب المشاريع والاستشاريين.","card","unsplash:photo-1742112125567-3e8967bad60f","مختصان في البناء يراجعان لوحة مستندات في الموقع","Suitable distinct real photograph remains to be sourced and reviewed","Missing distinct real replacement; inherited duplicate retained pending suitable photograph"
"/ar/blog#image-7","/images/project-office-fit-out-dubai.webp","/ar/blog","تحدث مع فريق Emitronix حول مشروعك في دبي. / أدلة عملية لأصحاب المشاريع والاستشاريين.","card","unsplash:photo-1504297050568-910d24c426d3","ممر مكاتب بفواصل زجاجية وخدمات ظاهرة في السقف","Suitable distinct real photograph remains to be sourced and reviewed","Missing distinct real replacement; inherited duplicate retained pending suitable photograph"
"/ar/blog/choose-best-building-contractor-dubai#image-5","/images/project-authority-approvals-dubai.webp","/ar/blog/choose-best-building-contractor-dubai","لا تقارن المقاولين قبل توحيد الرسومات والنطاق والافتراضات. / لا تقارن المقاولين قبل توحيد الرسومات والنطاق والافتراضات.","card","unsplash:photo-1581674662583-5e89b374fae6","مخططات معمارية ودفتر ملاحظات على طاولة عمل","Suitable distinct real photograph remains to be sourced and reviewed","Missing distinct real replacement; inherited duplicate retained pending suitable photograph"
"/ar/blog/choose-best-building-contractor-dubai#image-7","/images/internal/architectural-drawing-review.webp","/ar/blog/choose-best-building-contractor-dubai","ملكية المحتوى والمراجعة / لا تقارن المقاولين قبل توحيد الرسومات والنطاق والافتراضات.","card","unsplash:photo-1608303588026-884930af2559","مراجعة مخططات معمارية باستخدام مسطرة وآلة حاسبة","Suitable distinct real photograph remains to be sourced and reviewed","Missing distinct real replacement; inherited duplicate retained pending suitable photograph"
"/ar/blog/complete-guide-civil-construction-dubai-2026#image-3","/images/generated/blog/civil-construction-dubai-guide-2026-desktop.webp","/ar/blog/complete-guide-civil-construction-dubai-2026","الدليل الشامل للمقاولات المدنية في دبي 2026 / نطاق يجمع الموقع والهيكل والخدمات والموافقات والتسليم.","hero","/images/generated/blog/civil-construction-dubai-guide-2026","صورة مرافقة لمقال «الدليل الشامل للمقاولات المدنية في دبي 2026»","Suitable distinct real photograph remains to be sourced and reviewed","Missing distinct real replacement; inherited duplicate retained pending suitable photograph"
"/ar/blog/complete-guide-civil-construction-dubai-2026#image-4","/images/civil-contractor-dubai-construction-site.webp","/ar/blog/complete-guide-civil-construction-dubai-2026","section / نطاق يجمع الموقع والهيكل والخدمات والموافقات والتسليم.","card","unsplash:photo-1541888946425-d81bb19240f5","فريق بناء يقف بجوار بلاطة أساس كبيرة من الخرسانة المسلحة","Suitable distinct real photograph remains to be sourced and reviewed","Missing distinct real replacement; inherited duplicate retained pending suitable photograph"
"/ar/blog/complete-guide-civil-construction-dubai-2026#image-5","/images/internal/architectural-drawing-review.webp","/ar/blog/complete-guide-civil-construction-dubai-2026","نطاق يجمع الموقع والهيكل والخدمات والموافقات والتسليم. / نطاق يجمع الموقع والهيكل والخدمات والموافقات والتسليم.","card","unsplash:photo-1608303588026-884930af2559","مراجعة مخططات معمارية باستخدام مسطرة وآلة حاسبة","Suitable distinct real photograph remains to be sourced and reviewed","Missing distinct real replacement; inherited duplicate retained pending suitable photograph"
"/ar/blog/complete-guide-civil-construction-dubai-2026#image-7","/images/internal/project-site-coordination.webp","/ar/blog/complete-guide-civil-construction-dubai-2026","ملكية المحتوى والمراجعة / نطاق يجمع الموقع والهيكل والخدمات والموافقات والتسليم.","card","unsplash:photo-1742112125567-3e8967bad60f","مختصان في البناء يراجعان لوحة مستندات في الموقع","Suitable distinct real photograph remains to be sourced and reviewed","Missing distinct real replacement; inherited duplicate retained pending suitable photograph"
"/ar/blog/dubai-authority-approvals-dewa-dubai-municipality-dcd-trakhees#image-5","/images/internal/architectural-drawing-review.webp","/ar/blog/dubai-authority-approvals-dewa-dubai-municipality-dcd-trakhees","الموقع والاستخدام ونوع الأعمال يحدد الجهات ذات الصلة. / الموقع والاستخدام ونوع الأعمال يحدد الجهات ذات الصلة.","card","unsplash:photo-1608303588026-884930af2559","مراجعة مخططات معمارية باستخدام مسطرة وآلة حاسبة","Suitable distinct real photograph remains to be sourced and reviewed","Missing distinct real replacement; inherited duplicate retained pending suitable photograph"
"/ar/blog/dubai-authority-approvals-dewa-dubai-municipality-dcd-trakhees#image-7","/images/internal/project-site-coordination.webp","/ar/blog/dubai-authority-approvals-dewa-dubai-municipality-dcd-trakhees","ملكية المحتوى والمراجعة / الموقع والاستخدام ونوع الأعمال يحدد الجهات ذات الصلة.","card","unsplash:photo-1742112125567-3e8967bad60f","مختصان في البناء يراجعان لوحة مستندات في الموقع","Suitable distinct real photograph remains to be sourced and reviewed","Missing distinct real replacement; inherited duplicate retained pending suitable photograph"
"/ar/blog/warehouse-construction-dubai-planning-design-authority-approvals#image-4","/images/internal/architectural-drawing-review.webp","/ar/blog/warehouse-construction-dubai-planning-design-authority-approvals","section / ابدأ بالاستخدام وحركة المركبات والتخزين والوصول والتوسع.","card","unsplash:photo-1608303588026-884930af2559","مراجعة مخططات معمارية باستخدام مسطرة وآلة حاسبة","Suitable distinct real photograph remains to be sourced and reviewed","Missing distinct real replacement; inherited duplicate retained pending suitable photograph"
"/ar/blog/warehouse-construction-dubai-planning-design-authority-approvals#image-5","/images/project-authority-approvals-dubai.webp","/ar/blog/warehouse-construction-dubai-planning-design-authority-approvals","ابدأ بالاستخدام وحركة المركبات والتخزين والوصول والتوسع. / ابدأ بالاستخدام وحركة المركبات والتخزين والوصول والتوسع.","card","unsplash:photo-1581674662583-5e89b374fae6","مخططات معمارية ودفتر ملاحظات على طاولة عمل","Suitable distinct real photograph remains to be sourced and reviewed","Missing distinct real replacement; inherited duplicate retained pending suitable photograph"
"/ar/blog/warehouse-construction-dubai-planning-design-authority-approvals#image-6","/images/internal/project-site-coordination.webp","/ar/blog/warehouse-construction-dubai-planning-design-authority-approvals","ربط DCD وDEWA ومسار المنطقة بالرسومات. / ابدأ بالاستخدام وحركة المركبات والتخزين والوصول والتوسع.","card","unsplash:photo-1742112125567-3e8967bad60f","مختصان في البناء يراجعان لوحة مستندات في الموقع","Suitable distinct real photograph remains to be sourced and reviewed","Missing distinct real replacement; inherited duplicate retained pending suitable photograph"
"/ar/blog/warehouse-construction-dubai-planning-design-authority-approvals#image-7","/images/sections/office-records-desk.webp","/ar/blog/warehouse-construction-dubai-planning-design-authority-approvals","ملكية المحتوى والمراجعة / ابدأ بالاستخدام وحركة المركبات والتخزين والوصول والتوسع.","card","pexels:8353764","مستندات ورقية وملف مفتوح وشاشات حاسوب على مكتب","Suitable distinct real photograph remains to be sourced and reviewed","Missing distinct real replacement; inherited duplicate retained pending suitable photograph"
"/ar/building-renovation#image-4","/images/project-office-fit-out-dubai.webp","/ar/building-renovation","section / مسح الحالة الحالية قبل اعتماد التعديل أو السعر.","card","unsplash:photo-1504297050568-910d24c426d3","ممر مكاتب بفواصل زجاجية وخدمات ظاهرة في السقف","Suitable distinct real photograph remains to be sourced and reviewed","Missing distinct real replacement; inherited duplicate retained pending suitable photograph"
"/ar/building-renovation#image-5","/images/internal/architectural-drawing-review.webp","/ar/building-renovation","مسح الحالة الحالية قبل اعتماد التعديل أو السعر. / مسح الحالة الحالية قبل اعتماد التعديل أو السعر.","card","unsplash:photo-1608303588026-884930af2559","مراجعة مخططات معمارية باستخدام مسطرة وآلة حاسبة","Suitable distinct real photograph remains to be sourced and reviewed","Missing distinct real replacement; inherited duplicate retained pending suitable photograph"
"/ar/building-renovation#image-6","/images/project-mep-coordination-dubai.webp","/ar/building-renovation","تسلسل للهدم والحماية والبناء والتشطيب ومعالجة الملاحظات. / مسح الحالة الحالية قبل اعتماد التعديل أو السعر.","card","unsplash:photo-1778514825784-0659eaf8e7a2","أنابيب مياه وقنوات كهربائية أثناء تركيب خدمات المبنى","Suitable distinct real photograph remains to be sourced and reviewed","Missing distinct real replacement; inherited duplicate retained pending suitable photograph"
"/ar/building-renovation#image-7","/images/internal/project-site-coordination.webp","/ar/building-renovation","ملكية المحتوى والمراجعة / مسح الحالة الحالية قبل اعتماد التعديل أو السعر.","card","unsplash:photo-1742112125567-3e8967bad60f","مختصان في البناء يراجعان لوحة مستندات في الموقع","Suitable distinct real photograph remains to be sourced and reviewed","Missing distinct real replacement; inherited duplicate retained pending suitable photograph"
"/ar/careers#image-4","/images/internal/project-site-coordination.webp","/ar/careers","section / بيئة مقاولات مهنية للأشخاص الذين يقدرون الوضوح.","card","unsplash:photo-1742112125567-3e8967bad60f","مختصان في البناء يراجعان لوحة مستندات في الموقع","Suitable distinct real photograph remains to be sourced and reviewed","Missing distinct real replacement; inherited duplicate retained pending suitable photograph"
"/ar/careers#image-5","/images/project-authority-approvals-dubai.webp","/ar/careers","بيئة مقاولات مهنية للأشخاص الذين يقدرون الوضوح. / بيئة مقاولات مهنية للأشخاص الذين يقدرون الوضوح.","card","unsplash:photo-1581674662583-5e89b374fae6","مخططات معمارية ودفتر ملاحظات على طاولة عمل","Suitable distinct real photograph remains to be sourced and reviewed","Missing distinct real replacement; inherited duplicate retained pending suitable photograph"
"/ar/careers#image-6","/images/home/construction-workers-sunset.webp","/ar/careers","ملكية المحتوى والمراجعة / بيئة مقاولات مهنية للأشخاص الذين يقدرون الوضوح.","card","pexels:28964677","ظلال عمال بناء فوق مبنى عند غروب الشمس","Suitable distinct real photograph remains to be sourced and reviewed","Missing distinct real replacement; inherited duplicate retained pending suitable photograph"
"/ar/careers#image-7","/images/project-fit-out-dubai.webp","/ar/careers","أرسل طلبك إلى Emitronix. / بيئة مقاولات مهنية للأشخاص الذين يقدرون الوضوح.","card","unsplash:photo-1771918050103-57b5de00d960","محطات عمل مكتبية تحت قنوات تهوية وإضاءة معلقة","Suitable distinct real photograph remains to be sourced and reviewed","Missing distinct real replacement; inherited duplicate retained pending suitable photograph"
"/ar/civil#image-3","/images/project-civil-works-dubai.webp","/ar/civil","المقاولات المدنية في دبي / أعمال مدنية للمباني والفلل والمستودعات والمنشآت التجارية والصناعية.","hero","unsplash:photo-1504307651254-35680f356dfd","عمال بناء يجهزون حديد التسليح ويقطعون الفولاذ في موقع إنشائي","Suitable distinct real photograph remains to be sourced and reviewed","Missing distinct real replacement; inherited duplicate retained pending suitable photograph"
"/ar/civil#image-4","/images/civil-contractor-dubai-construction-site.webp","/ar/civil","section / أعمال مدنية للمباني والفلل والمستودعات والمنشآت التجارية والصناعية.","card","unsplash:photo-1541888946425-d81bb19240f5","فريق بناء يقف بجوار بلاطة أساس كبيرة من الخرسانة المسلحة","Suitable distinct real photograph remains to be sourced and reviewed","Missing distinct real replacement; inherited duplicate retained pending suitable photograph"
"/ar/civil#image-5","/images/internal/architectural-drawing-review.webp","/ar/civil","أعمال مدنية للمباني والفلل والمستودعات والمنشآت التجارية والصناعية. / أعمال مدنية للمباني والفلل والمستودعات والمنشآت التجارية والصناعية.","card","unsplash:photo-1608303588026-884930af2559","مراجعة مخططات معمارية باستخدام مسطرة وآلة حاسبة","Suitable distinct real photograph remains to be sourced and reviewed","Missing distinct real replacement; inherited duplicate retained pending suitable photograph"
"/ar/civil#image-6","/images/internal/structural-reinforcement.webp","/ar/civil","تسلسل مرتبط بالوصول والتفتيش والتوريد ومستندات الإغلاق. / أعمال مدنية للمباني والفلل والمستودعات والمنشآت التجارية والصناعية.","card","unsplash:photo-1768677903496-becc4be07258","عامل بناء يفحص شبكة كثيفة من حديد التسليح قبل صب الخرسانة","Suitable distinct real photograph remains to be sourced and reviewed","Missing distinct real replacement; inherited duplicate retained pending suitable photograph"
"/ar/civil#image-7","/images/internal/project-site-coordination.webp","/ar/civil","ملكية المحتوى والمراجعة / أعمال مدنية للمباني والفلل والمستودعات والمنشآت التجارية والصناعية.","card","unsplash:photo-1742112125567-3e8967bad60f","مختصان في البناء يراجعان لوحة مستندات في الموقع","Suitable distinct real photograph remains to be sourced and reviewed","Missing distinct real replacement; inherited duplicate retained pending suitable photograph"
"/ar/commercial-buildings#image-4","/images/project-office-fit-out-dubai.webp","/ar/commercial-buildings","section / مبان للمكاتب وصالات العرض والتجزئة ومرافق الأعمال.","card","unsplash:photo-1504297050568-910d24c426d3","ممر مكاتب بفواصل زجاجية وخدمات ظاهرة في السقف","Suitable distinct real photograph remains to be sourced and reviewed","Missing distinct real replacement; inherited duplicate retained pending suitable photograph"
"/ar/commercial-buildings#image-5","/images/internal/architectural-drawing-review.webp","/ar/commercial-buildings","مبان للمكاتب وصالات العرض والتجزئة ومرافق الأعمال. / مبان للمكاتب وصالات العرض والتجزئة ومرافق الأعمال.","card","unsplash:photo-1608303588026-884930af2559","مراجعة مخططات معمارية باستخدام مسطرة وآلة حاسبة","Suitable distinct real photograph remains to be sourced and reviewed","Missing distinct real replacement; inherited duplicate retained pending suitable photograph"
"/ar/commercial-buildings#image-6","/images/project-commercial-renovation-dubai.webp","/ar/commercial-buildings","تنفيذ يربط جودة التشطيب بالتفتيش ومستندات الإكمال. / مبان للمكاتب وصالات العرض والتجزئة ومرافق الأعمال.","card","unsplash:photo-1739700712159-550519327ca7","ممر تجاري مكتمل مع قنوات تهوية وخدمات مبنى ظاهرة","Suitable distinct real photograph remains to be sourced and reviewed","Missing distinct real replacement; inherited duplicate retained pending suitable photograph"
"/ar/commercial-buildings#image-7","/images/internal/project-site-coordination.webp","/ar/commercial-buildings","ملكية المحتوى والمراجعة / مبان للمكاتب وصالات العرض والتجزئة ومرافق الأعمال.","card","unsplash:photo-1742112125567-3e8967bad60f","مختصان في البناء يراجعان لوحة مستندات في الموقع","Suitable distinct real photograph remains to be sourced and reviewed","Missing distinct real replacement; inherited duplicate retained pending suitable photograph"
"/ar/concordia-dmcc-approvals#image-3","/images/internal/commercial-office-corridor.webp","/ar/concordia-dmcc-approvals","موافقات كونكورديا ومركز دبي للسلع المتعددة / تنسيق كونكورديا وDMCC والمالك للمكاتب والتجزئة في JLT.","hero","unsplash:photo-1554232456-8727aae0cfa4","ممر مكاتب مكتمل بفواصل زجاجية وخدمات سقف","Suitable distinct real photograph remains to be sourced and reviewed","Missing distinct real replacement; inherited duplicate retained pending suitable photograph"
"/ar/concordia-dmcc-approvals#image-4","/images/project-office-fit-out-dubai.webp","/ar/concordia-dmcc-approvals","section / تنسيق كونكورديا وDMCC والمالك للمكاتب والتجزئة في JLT.","card","unsplash:photo-1504297050568-910d24c426d3","ممر مكاتب بفواصل زجاجية وخدمات ظاهرة في السقف","Suitable distinct real photograph remains to be sourced and reviewed","Missing distinct real replacement; inherited duplicate retained pending suitable photograph"
"/ar/concordia-dmcc-approvals#image-5","/images/internal/architectural-drawing-review.webp","/ar/concordia-dmcc-approvals","تنسيق كونكورديا وDMCC والمالك للمكاتب والتجزئة في JLT. / تنسيق كونكورديا وDMCC والمالك للمكاتب والتجزئة في JLT.","card","unsplash:photo-1608303588026-884930af2559","مراجعة مخططات معمارية باستخدام مسطرة وآلة حاسبة","Suitable distinct real photograph remains to be sourced and reviewed","Missing distinct real replacement; inherited duplicate retained pending suitable photograph"
"/ar/concordia-dmcc-approvals#image-6","/images/project-mep-coordination-dubai.webp","/ar/concordia-dmcc-approvals","متابعة الملاحظات من التقديم حتى جاهزية الإغلاق. / تنسيق كونكورديا وDMCC والمالك للمكاتب والتجزئة في JLT.","card","unsplash:photo-1778514825784-0659eaf8e7a2","أنابيب مياه وقنوات كهربائية أثناء تركيب خدمات المبنى","Suitable distinct real photograph remains to be sourced and reviewed","Missing distinct real replacement; inherited duplicate retained pending suitable photograph"
"/ar/concordia-dmcc-approvals#image-7","/images/internal/project-site-coordination.webp","/ar/concordia-dmcc-approvals","ملكية المحتوى والمراجعة / تنسيق كونكورديا وDMCC والمالك للمكاتب والتجزئة في JLT.","card","unsplash:photo-1742112125567-3e8967bad60f","مختصان في البناء يراجعان لوحة مستندات في الموقع","Suitable distinct real photograph remains to be sourced and reviewed","Missing distinct real replacement; inherited duplicate retained pending suitable photograph"
"/ar/contact#image-4","/images/about-construction-coordination-dubai.webp","/ar/contact","section / تواصل مع Emitronix.","card","unsplash:photo-1626885930974-4b69aa21bbf9","مختصون في البناء يتابعون أعمال الخرسانة المسلحة في الموقع","Suitable distinct real photograph remains to be sourced and reviewed","Missing distinct real replacement; inherited duplicate retained pending suitable photograph"
"/ar/contact#image-5","/images/project-authority-approvals-dubai.webp","/ar/contact","تواصل مع Emitronix. / تواصل مع Emitronix.","card","unsplash:photo-1581674662583-5e89b374fae6","مخططات معمارية ودفتر ملاحظات على طاولة عمل","Suitable distinct real photograph remains to be sourced and reviewed","Missing distinct real replacement; inherited duplicate retained pending suitable photograph"
"/ar/contact#image-6","/images/about-civil-works-dubai.webp","/ar/contact","ملكية المحتوى والمراجعة / تواصل مع Emitronix.","card","unsplash:photo-1742112125630-dd2955dd6120","مختصان في البناء يرتديان خوذتي حماية ويراجعان العمل بجوار مواد مخزنة","Suitable distinct real photograph remains to be sourced and reviewed","Missing distinct real replacement; inherited duplicate retained pending suitable photograph"
"/ar/contact#image-7","/images/internal/architectural-drawing-review.webp","/ar/contact","أرسل تفاصيل مشروعك. / تواصل مع Emitronix.","card","unsplash:photo-1608303588026-884930af2559","مراجعة مخططات معمارية باستخدام مسطرة وآلة حاسبة","Suitable distinct real photograph remains to be sourced and reviewed","Missing distinct real replacement; inherited duplicate retained pending suitable photograph"
"/ar/dcd-approvals#image-3","/images/internal/fire-sprinkler-pipework.webp","/ar/dcd-approvals","موافقات الدفاع المدني دبي / مراجعة استخدام المبنى والإشغال والتخطيط ومتطلبات الحياة والسلامة.","hero","pexels:37352142","أنابيب رشاشات حريق حمراء مع صمامات تحكم ومقاييس على مبنى صناعي","Suitable distinct real photograph remains to be sourced and reviewed","Missing distinct real replacement; inherited duplicate retained pending suitable photograph"
"/ar/dcd-approvals#image-4","/images/internal/architectural-drawing-review.webp","/ar/dcd-approvals","section / مراجعة استخدام المبنى والإشغال والتخطيط ومتطلبات الحياة والسلامة.","card","unsplash:photo-1608303588026-884930af2559","مراجعة مخططات معمارية باستخدام مسطرة وآلة حاسبة","Suitable distinct real photograph remains to be sourced and reviewed","Missing distinct real replacement; inherited duplicate retained pending suitable photograph"
"/ar/dcd-approvals#image-5","/images/project-mep-coordination-dubai.webp","/ar/dcd-approvals","مراجعة استخدام المبنى والإشغال والتخطيط ومتطلبات الحياة والسلامة. / مراجعة استخدام المبنى والإشغال والتخطيط ومتطلبات الحياة والسلامة.","card","unsplash:photo-1778514825784-0659eaf8e7a2","أنابيب مياه وقنوات كهربائية أثناء تركيب خدمات المبنى","Suitable distinct real photograph remains to be sourced and reviewed","Missing distinct real replacement; inherited duplicate retained pending suitable photograph"
"/ar/dcd-approvals#image-6","/images/internal/project-site-coordination.webp","/ar/dcd-approvals","تتبع التعليقات وربط الرسومات المعدلة بجاهزية الموقع. / مراجعة استخدام المبنى والإشغال والتخطيط ومتطلبات الحياة والسلامة.","card","unsplash:photo-1742112125567-3e8967bad60f","مختصان في البناء يراجعان لوحة مستندات في الموقع","Suitable distinct real photograph remains to be sourced and reviewed","Missing distinct real replacement; inherited duplicate retained pending suitable photograph"
"/ar/dcd-approvals#image-7","/images/project-warehouse-industrial-dubai.webp","/ar/dcd-approvals","ملكية المحتوى والمراجعة / مراجعة استخدام المبنى والإشغال والتخطيط ومتطلبات الحياة والسلامة.","card","unsplash:photo-1592085198739-ffcad7f36b54","رفوف منصات نقالة وبضائع مخزنة داخل مستودع صناعي","Suitable distinct real photograph remains to be sourced and reviewed","Missing distinct real replacement; inherited duplicate retained pending suitable photograph"
"/ar/dda-approvals#image-3","/images/home/jumeirah-village-circle-construction.webp","/ar/dda-approvals","موافقات سلطة دبي للتطوير / مسار للمشاريع الواقعة ضمن المجتمعات الخاضعة لسلطة دبي للتطوير.","hero","unsplash:photo-1743819344477-3b67c19621e9","رافعات برجية وهياكل خرسانية قيد الإنشاء في قرية جميرا الدائرية بدبي","Suitable distinct real photograph remains to be sourced and reviewed","Missing distinct real replacement; inherited duplicate retained pending suitable photograph"
"/ar/dda-approvals#image-4","/images/internal/architectural-drawing-review.webp","/ar/dda-approvals","section / مسار للمشاريع الواقعة ضمن المجتمعات الخاضعة لسلطة دبي للتطوير.","card","unsplash:photo-1608303588026-884930af2559","مراجعة مخططات معمارية باستخدام مسطرة وآلة حاسبة","Suitable distinct real photograph remains to be sourced and reviewed","Missing distinct real replacement; inherited duplicate retained pending suitable photograph"
"/ar/dda-approvals#image-5","/images/project-authority-approvals-dubai.webp","/ar/dda-approvals","مسار للمشاريع الواقعة ضمن المجتمعات الخاضعة لسلطة دبي للتطوير. / مسار للمشاريع الواقعة ضمن المجتمعات الخاضعة لسلطة دبي للتطوير.","card","unsplash:photo-1581674662583-5e89b374fae6","مخططات معمارية ودفتر ملاحظات على طاولة عمل","Suitable distinct real photograph remains to be sourced and reviewed","Missing distinct real replacement; inherited duplicate retained pending suitable photograph"
"/ar/dda-approvals#image-6","/images/internal/project-site-coordination.webp","/ar/dda-approvals","تنسيق التعليقات والتحديثات والتفتيش وفق المسار الخاص بالموقع. / مسار للمشاريع الواقعة ضمن المجتمعات الخاضعة لسلطة دبي للتطوير.","card","unsplash:photo-1742112125567-3e8967bad60f","مختصان في البناء يراجعان لوحة مستندات في الموقع","Suitable distinct real photograph remains to be sourced and reviewed","Missing distinct real replacement; inherited duplicate retained pending suitable photograph"
"/ar/dda-approvals#image-7","/images/sections/office-records-desk.webp","/ar/dda-approvals","ملكية المحتوى والمراجعة / مسار للمشاريع الواقعة ضمن المجتمعات الخاضعة لسلطة دبي للتطوير.","card","pexels:8353764","مستندات ورقية وملف مفتوح وشاشات حاسوب على مكتب","Suitable distinct real photograph remains to be sourced and reviewed","Missing distinct real replacement; inherited duplicate retained pending suitable photograph"
"/ar/design-build#image-3","/images/project-authority-approvals-dubai.webp","/ar/design-build","التصميم والبناء في دبي / ربط احتياجات المالك بالرسومات والميزانية ومسار الموافقات.","hero","unsplash:photo-1581674662583-5e89b374fae6","مخططات معمارية ودفتر ملاحظات على طاولة عمل","Suitable distinct real photograph remains to be sourced and reviewed","Missing distinct real replacement; inherited duplicate retained pending suitable photograph"
"/ar/design-build#image-4","/images/about-construction-coordination-dubai.webp","/ar/design-build","section / ربط احتياجات المالك بالرسومات والميزانية ومسار الموافقات.","card","unsplash:photo-1626885930974-4b69aa21bbf9","مختصون في البناء يتابعون أعمال الخرسانة المسلحة في الموقع","Suitable distinct real photograph remains to be sourced and reviewed","Missing distinct real replacement; inherited duplicate retained pending suitable photograph"
"/ar/design-build#image-5","/images/about-civil-works-dubai.webp","/ar/design-build","ربط احتياجات المالك بالرسومات والميزانية ومسار الموافقات. / ربط احتياجات المالك بالرسومات والميزانية ومسار الموافقات.","card","unsplash:photo-1742112125630-dd2955dd6120","مختصان في البناء يرتديان خوذتي حماية ويراجعان العمل بجوار مواد مخزنة","Suitable distinct real photograph remains to be sourced and reviewed","Missing distinct real replacement; inherited duplicate retained pending suitable photograph"
"/ar/design-build#image-6","/images/internal/architectural-drawing-review.webp","/ar/design-build","تنسيق تطور التصميم مع التخطيط الإنشائي والقرارات التجارية. / ربط احتياجات المالك بالرسومات والميزانية ومسار الموافقات.","card","unsplash:photo-1608303588026-884930af2559","مراجعة مخططات معمارية باستخدام مسطرة وآلة حاسبة","Suitable distinct real photograph remains to be sourced and reviewed","Missing distinct real replacement; inherited duplicate retained pending suitable photograph"
"/ar/design-build#image-7","/images/internal/project-site-coordination.webp","/ar/design-build","ملكية المحتوى والمراجعة / ربط احتياجات المالك بالرسومات والميزانية ومسار الموافقات.","card","unsplash:photo-1742112125567-3e8967bad60f","مختصان في البناء يراجعان لوحة مستندات في الموقع","Suitable distinct real photograph remains to be sourced and reviewed","Missing distinct real replacement; inherited duplicate retained pending suitable photograph"
"/ar/dewa-approvals#image-4","/images/internal/architectural-drawing-review.webp","/ar/dewa-approvals","section / تحديد متطلبات DEWA المرتبطة بالطاقة والمياه والموقع.","card","unsplash:photo-1608303588026-884930af2559","مراجعة مخططات معمارية باستخدام مسطرة وآلة حاسبة","Suitable distinct real photograph remains to be sourced and reviewed","Missing distinct real replacement; inherited duplicate retained pending suitable photograph"
"/ar/dewa-approvals#image-5","/images/project-building-maintenance-dubai.webp","/ar/dewa-approvals","تحديد متطلبات DEWA المرتبطة بالطاقة والمياه والموقع. / تحديد متطلبات DEWA المرتبطة بالطاقة والمياه والموقع.","card","unsplash:photo-1621905251189-08b45d6a269e","فني يعمل على تمديدات كهربائية مثبتة على جدار","Suitable distinct real photograph remains to be sourced and reviewed","Missing distinct real replacement; inherited duplicate retained pending suitable photograph"
"/ar/difc-approvals#image-3","/images/project-fit-out-dubai.webp","/ar/difc-approvals","موافقات مركز دبي المالي العالمي / تنسيق تصاريح للمكاتب والتجهيزات والتعديلات التجارية.","hero","unsplash:photo-1771918050103-57b5de00d960","محطات عمل مكتبية تحت قنوات تهوية وإضاءة معلقة","Suitable distinct real photograph remains to be sourced and reviewed","Missing distinct real replacement; inherited duplicate retained pending suitable photograph"
"/ar/difc-approvals#image-4","/images/project-office-fit-out-dubai.webp","/ar/difc-approvals","section / تنسيق تصاريح للمكاتب والتجهيزات والتعديلات التجارية.","card","unsplash:photo-1504297050568-910d24c426d3","ممر مكاتب بفواصل زجاجية وخدمات ظاهرة في السقف","Suitable distinct real photograph remains to be sourced and reviewed","Missing distinct real replacement; inherited duplicate retained pending suitable photograph"
"/ar/difc-approvals#image-5","/images/internal/architectural-drawing-review.webp","/ar/difc-approvals","تنسيق تصاريح للمكاتب والتجهيزات والتعديلات التجارية. / تنسيق تصاريح للمكاتب والتجهيزات والتعديلات التجارية.","card","unsplash:photo-1608303588026-884930af2559","مراجعة مخططات معمارية باستخدام مسطرة وآلة حاسبة","Suitable distinct real photograph remains to be sourced and reviewed","Missing distinct real replacement; inherited duplicate retained pending suitable photograph"
"/ar/difc-approvals#image-6","/images/project-commercial-renovation-dubai.webp","/ar/difc-approvals","ربط تعليقات المراجعة بجاهزية التفتيش ووثائق النهاية. / تنسيق تصاريح للمكاتب والتجهيزات والتعديلات التجارية.","card","unsplash:photo-1739700712159-550519327ca7","ممر تجاري مكتمل مع قنوات تهوية وخدمات مبنى ظاهرة","Suitable distinct real photograph remains to be sourced and reviewed","Missing distinct real replacement; inherited duplicate retained pending suitable photograph"
"/ar/difc-approvals#image-7","/images/internal/project-site-coordination.webp","/ar/difc-approvals","ملكية المحتوى والمراجعة / تنسيق تصاريح للمكاتب والتجهيزات والتعديلات التجارية.","card","unsplash:photo-1742112125567-3e8967bad60f","مختصان في البناء يراجعان لوحة مستندات في الموقع","Suitable distinct real photograph remains to be sourced and reviewed","Missing distinct real replacement; inherited duplicate retained pending suitable photograph"
"/ar/dubai-municipality-approval#image-3","/images/internal/architectural-drawing-review.webp","/ar/dubai-municipality-approval","موافقة بلدية دبي / تنسيق تصاريح البناء ومراجعة الرسومات والتفتيش والإكمال.","hero","unsplash:photo-1608303588026-884930af2559","مراجعة مخططات معمارية باستخدام مسطرة وآلة حاسبة","Suitable distinct real photograph remains to be sourced and reviewed","Missing distinct real replacement; inherited duplicate retained pending suitable photograph"
"/ar/dubai-municipality-approval#image-4","/images/project-authority-approvals-dubai.webp","/ar/dubai-municipality-approval","section / تنسيق تصاريح البناء ومراجعة الرسومات والتفتيش والإكمال.","card","unsplash:photo-1581674662583-5e89b374fae6","مخططات معمارية ودفتر ملاحظات على طاولة عمل","Suitable distinct real photograph remains to be sourced and reviewed","Missing distinct real replacement; inherited duplicate retained pending suitable photograph"
"/ar/dubai-municipality-approval#image-5","/images/internal/project-site-coordination.webp","/ar/dubai-municipality-approval","تنسيق تصاريح البناء ومراجعة الرسومات والتفتيش والإكمال. / تنسيق تصاريح البناء ومراجعة الرسومات والتفتيش والإكمال.","card","unsplash:photo-1742112125567-3e8967bad60f","مختصان في البناء يراجعان لوحة مستندات في الموقع","Suitable distinct real photograph remains to be sourced and reviewed","Missing distinct real replacement; inherited duplicate retained pending suitable photograph"
"/ar/dubai-municipality-approval#image-6","/images/sections/office-records-desk.webp","/ar/dubai-municipality-approval","ربط ملاحظات الجهة بتعديلات الاستشاري وجاهزية الموقع. / تنسيق تصاريح البناء ومراجعة الرسومات والتفتيش والإكمال.","card","pexels:8353764","مستندات ورقية وملف مفتوح وشاشات حاسوب على مكتب","Suitable distinct real photograph remains to be sourced and reviewed","Missing distinct real replacement; inherited duplicate retained pending suitable photograph"
"/ar/dubai-municipality-approval#image-7","/images/sections/document-binders.webp","/ar/dubai-municipality-approval","ملكية المحتوى والمراجعة / تنسيق تصاريح البناء ومراجعة الرسومات والتفتيش والإكمال.","card","pexels:17018372","ملفات حلقية بعلامات وملف مستندات مفتوح على مكتب","Suitable distinct real photograph remains to be sourced and reviewed","Missing distinct real replacement; inherited duplicate retained pending suitable photograph"
"/ar/emitronix-route-not-found#image-4","/images/sections/office-laptop-work.webp","/ar/emitronix-route-not-found","مسار المشروع المطلوب غير متاح.","hero","pexels:6405641","يدان تستخدمان حاسوباً محمولاً على مكتب مع أدوات مكتبية","Suitable distinct real photograph remains to be sourced and reviewed","Missing distinct real replacement; inherited duplicate retained pending suitable photograph"
"/ar/emitronix-route-not-found#image-5","/images/sections/office-records-desk.webp","/ar/emitronix-route-not-found","Page content","section photograph","pexels:8353764","مستندات ورقية وملف مفتوح وشاشات حاسوب على مكتب","Suitable distinct real photograph remains to be sourced and reviewed","Missing distinct real replacement; inherited duplicate retained pending suitable photograph"
"/ar/emitronix-route-not-found#image-6","/images/sections/document-binders.webp","/ar/emitronix-route-not-found","Page content","section photograph","pexels:17018372","ملفات حلقية بعلامات وملف مستندات مفتوح على مكتب","Suitable distinct real photograph remains to be sourced and reviewed","Missing distinct real replacement; inherited duplicate retained pending suitable photograph"
"/ar/emitronix-route-not-found#image-7","/images/project-fit-out-dubai.webp","/ar/emitronix-route-not-found","Page content","section photograph","unsplash:photo-1771918050103-57b5de00d960","محطات عمل مكتبية تحت قنوات تهوية وإضاءة معلقة","Suitable distinct real photograph remains to be sourced and reviewed","Missing distinct real replacement; inherited duplicate retained pending suitable photograph"
"/ar/emitronix-route-not-found#image-8","/images/project-authority-approvals-dubai.webp","/ar/emitronix-route-not-found","Page content","section photograph","unsplash:photo-1581674662583-5e89b374fae6","مخططات معمارية ودفتر ملاحظات على طاولة عمل","Suitable distinct real photograph remains to be sourced and reviewed","Missing distinct real replacement; inherited duplicate retained pending suitable photograph"
"/ar/guest-post#image-4","/images/sections/office-laptop-work.webp","/ar/guest-post","section / موضوعات عملية مرتبطة بالبناء في دبي.","card","pexels:6405641","يدان تستخدمان حاسوباً محمولاً على مكتب مع أدوات مكتبية","Suitable distinct real photograph remains to be sourced and reviewed","Missing distinct real replacement; inherited duplicate retained pending suitable photograph"
"/ar/guest-post#image-5","/images/sections/office-records-desk.webp","/ar/guest-post","موضوعات عملية مرتبطة بالبناء في دبي. / موضوعات عملية مرتبطة بالبناء في دبي.","card","pexels:8353764","مستندات ورقية وملف مفتوح وشاشات حاسوب على مكتب","Suitable distinct real photograph remains to be sourced and reviewed","Missing distinct real replacement; inherited duplicate retained pending suitable photograph"
"/ar/guest-post#image-6","/images/sections/document-binders.webp","/ar/guest-post","ملكية المحتوى والمراجعة / موضوعات عملية مرتبطة بالبناء في دبي.","card","pexels:17018372","ملفات حلقية بعلامات وملف مستندات مفتوح على مكتب","Suitable distinct real photograph remains to be sourced and reviewed","Missing distinct real replacement; inherited duplicate retained pending suitable photograph"
"/ar/guest-post#image-7","/images/project-fit-out-dubai.webp","/ar/guest-post","تحدث مع فريق Emitronix حول مشروعك في دبي. / موضوعات عملية مرتبطة بالبناء في دبي.","card","unsplash:photo-1771918050103-57b5de00d960","محطات عمل مكتبية تحت قنوات تهوية وإضاءة معلقة","Suitable distinct real photograph remains to be sourced and reviewed","Missing distinct real replacement; inherited duplicate retained pending suitable photograph"
"/ar/html-sitemap#image-3","/images/generated/company/construction-technical-resources-dubai-hero-desktop.webp","/ar/html-sitemap","خريطة روابط Emitronix. / كل صفحات الموقع العربية.","hero","/images/generated/company/construction-technical-resources-dubai-hero","رسومات وأدوات تنسيق فني لموارد البناء في دبي","Suitable distinct real photograph remains to be sourced and reviewed","Missing distinct real replacement; inherited duplicate retained pending suitable photograph"
"/ar/html-sitemap#image-4","/images/sections/office-laptop-work.webp","/ar/html-sitemap","section / كل صفحات الموقع العربية.","card","pexels:6405641","يدان تستخدمان حاسوباً محمولاً على مكتب مع أدوات مكتبية","Suitable distinct real photograph remains to be sourced and reviewed","Missing distinct real replacement; inherited duplicate retained pending suitable photograph"
"/ar/html-sitemap#image-5","/images/sections/office-records-desk.webp","/ar/html-sitemap","كل صفحات الموقع العربية. / كل صفحات الموقع العربية.","card","pexels:8353764","مستندات ورقية وملف مفتوح وشاشات حاسوب على مكتب","Suitable distinct real photograph remains to be sourced and reviewed","Missing distinct real replacement; inherited duplicate retained pending suitable photograph"
"/ar/html-sitemap#image-6","/images/sections/document-binders.webp","/ar/html-sitemap","ملكية المحتوى والمراجعة / كل صفحات الموقع العربية.","card","pexels:17018372","ملفات حلقية بعلامات وملف مستندات مفتوح على مكتب","Suitable distinct real photograph remains to be sourced and reviewed","Missing distinct real replacement; inherited duplicate retained pending suitable photograph"
"/ar/html-sitemap#image-7","/images/project-fit-out-dubai.webp","/ar/html-sitemap","تحدث مع فريق Emitronix حول مشروعك في دبي. / كل صفحات الموقع العربية.","card","unsplash:photo-1771918050103-57b5de00d960","محطات عمل مكتبية تحت قنوات تهوية وإضاءة معلقة","Suitable distinct real photograph remains to be sourced and reviewed","Missing distinct real replacement; inherited duplicate retained pending suitable photograph"
"/ar/industrial-buildings#image-3","/images/internal/industrial-steel-roof.webp","/ar/industrial-buildings","المباني الصناعية في دبي / تخطيط للمصانع والورش والمرافق اللوجستية والتشغيلية.","hero","unsplash:photo-1662120399978-738d233edbec","عمال على منصة رفع مقصية يركبون جمالونات سقف فولاذية","Suitable distinct real photograph remains to be sourced and reviewed","Missing distinct real replacement; inherited duplicate retained pending suitable photograph"
"/ar/industrial-buildings#image-4","/images/internal/warehouse-steel-frame.webp","/ar/industrial-buildings","section / تخطيط للمصانع والورش والمرافق اللوجستية والتشغيلية.","card","unsplash:photo-1649587345666-0f4ad68aa723","رافعات ومعدات رفع أثناء تركيب هيكل فولاذي لمستودع","Suitable distinct real photograph remains to be sourced and reviewed","Missing distinct real replacement; inherited duplicate retained pending suitable photograph"
"/ar/industrial-buildings#image-5","/images/internal/architectural-drawing-review.webp","/ar/industrial-buildings","تخطيط للمصانع والورش والمرافق اللوجستية والتشغيلية. / تخطيط للمصانع والورش والمرافق اللوجستية والتشغيلية.","card","unsplash:photo-1608303588026-884930af2559","مراجعة مخططات معمارية باستخدام مسطرة وآلة حاسبة","Suitable distinct real photograph remains to be sourced and reviewed","Missing distinct real replacement; inherited duplicate retained pending suitable photograph"
"/ar/industrial-buildings#image-6","/images/internal/project-site-coordination.webp","/ar/industrial-buildings","برنامج يراعي الوصول الآمن والتوريد والتفتيش والتشغيل. / تخطيط للمصانع والورش والمرافق اللوجستية والتشغيلية.","card","unsplash:photo-1742112125567-3e8967bad60f","مختصان في البناء يراجعان لوحة مستندات في الموقع","Suitable distinct real photograph remains to be sourced and reviewed","Missing distinct real replacement; inherited duplicate retained pending suitable photograph"
"/ar/industrial-buildings#image-7","/images/internal/structural-reinforcement.webp","/ar/industrial-buildings","ملكية المحتوى والمراجعة / تخطيط للمصانع والورش والمرافق اللوجستية والتشغيلية.","card","unsplash:photo-1768677903496-becc4be07258","عامل بناء يفحص شبكة كثيفة من حديد التسليح قبل صب الخرسانة","Suitable distinct real photograph remains to be sourced and reviewed","Missing distinct real replacement; inherited duplicate retained pending suitable photograph"
"/ar/industries#image-4","/images/project-civil-works-dubai.webp","/ar/industries","section / كل قطاع يحتاج تسلسلا واضحا للموقع والموافقات والتسليم.","card","unsplash:photo-1504307651254-35680f356dfd","عمال بناء يجهزون حديد التسليح ويقطعون الفولاذ في موقع إنشائي","Suitable distinct real photograph remains to be sourced and reviewed","Missing distinct real replacement; inherited duplicate retained pending suitable photograph"
"/ar/industries#image-5","/images/project-authority-approvals-dubai.webp","/ar/industries","كل قطاع يحتاج تسلسلا واضحا للموقع والموافقات والتسليم. / كل قطاع يحتاج تسلسلا واضحا للموقع والموافقات والتسليم.","card","unsplash:photo-1581674662583-5e89b374fae6","مخططات معمارية ودفتر ملاحظات على طاولة عمل","Suitable distinct real photograph remains to be sourced and reviewed","Missing distinct real replacement; inherited duplicate retained pending suitable photograph"
"/ar/industries#image-6","/images/internal/project-site-coordination.webp","/ar/industries","ملكية المحتوى والمراجعة / كل قطاع يحتاج تسلسلا واضحا للموقع والموافقات والتسليم.","card","unsplash:photo-1742112125567-3e8967bad60f","مختصان في البناء يراجعان لوحة مستندات في الموقع","Suitable distinct real photograph remains to be sourced and reviewed","Missing distinct real replacement; inherited duplicate retained pending suitable photograph"
"/ar/industries#image-7","/images/project-office-fit-out-dubai.webp","/ar/industries","تحدث مع فريق Emitronix حول مشروعك في دبي. / كل قطاع يحتاج تسلسلا واضحا للموقع والموافقات والتسليم.","card","unsplash:photo-1504297050568-910d24c426d3","ممر مكاتب بفواصل زجاجية وخدمات ظاهرة في السقف","Suitable distinct real photograph remains to be sourced and reviewed","Missing distinct real replacement; inherited duplicate retained pending suitable photograph"
"/ar/interior#image-3","/images/project-office-fit-out-dubai.webp","/ar/interior","أعمال التصميم والتنفيذ الداخلي في دبي / مساحات داخلية للمكاتب والتجزئة والضيافة وصالات العرض والفلل.","hero","unsplash:photo-1504297050568-910d24c426d3","ممر مكاتب بفواصل زجاجية وخدمات ظاهرة في السقف","Suitable distinct real photograph remains to be sourced and reviewed","Missing distinct real replacement; inherited duplicate retained pending suitable photograph"
"/ar/interior#image-4","/images/internal/architectural-drawing-review.webp","/ar/interior","section / مساحات داخلية للمكاتب والتجزئة والضيافة وصالات العرض والفلل.","card","unsplash:photo-1608303588026-884930af2559","مراجعة مخططات معمارية باستخدام مسطرة وآلة حاسبة","Suitable distinct real photograph remains to be sourced and reviewed","Missing distinct real replacement; inherited duplicate retained pending suitable photograph"
"/ar/interior#image-5","/images/project-mep-coordination-dubai.webp","/ar/interior","مساحات داخلية للمكاتب والتجزئة والضيافة وصالات العرض والفلل. / مساحات داخلية للمكاتب والتجزئة والضيافة وصالات العرض والفلل.","card","unsplash:photo-1778514825784-0659eaf8e7a2","أنابيب مياه وقنوات كهربائية أثناء تركيب خدمات المبنى","Suitable distinct real photograph remains to be sourced and reviewed","Missing distinct real replacement; inherited duplicate retained pending suitable photograph"
"/ar/interior#image-6","/images/internal/project-site-coordination.webp","/ar/interior","معالجة الملاحظات وإغلاق متطلبات المالك والجهات. / مساحات داخلية للمكاتب والتجزئة والضيافة وصالات العرض والفلل.","card","unsplash:photo-1742112125567-3e8967bad60f","مختصان في البناء يراجعان لوحة مستندات في الموقع","Suitable distinct real photograph remains to be sourced and reviewed","Missing distinct real replacement; inherited duplicate retained pending suitable photograph"
"/ar/interior#image-7","/images/internal/commercial-office-corridor.webp","/ar/interior","ملكية المحتوى والمراجعة / مساحات داخلية للمكاتب والتجزئة والضيافة وصالات العرض والفلل.","card","unsplash:photo-1554232456-8727aae0cfa4","ممر مكاتب مكتمل بفواصل زجاجية وخدمات سقف","Suitable distinct real photograph remains to be sourced and reviewed","Missing distinct real replacement; inherited duplicate retained pending suitable photograph"
"/ar/main-contracting#image-3","/images/about-civil-works-dubai.webp","/ar/main-contracting","المقاولات الرئيسية في دبي / تنسيق واحد للأعمال المدنية والإنشائية وMEP والتشطيبات.","hero","unsplash:photo-1742112125630-dd2955dd6120","مختصان في البناء يرتديان خوذتي حماية ويراجعان العمل بجوار مواد مخزنة","Suitable distinct real photograph remains to be sourced and reviewed","Missing distinct real replacement; inherited duplicate retained pending suitable photograph"
"/ar/main-contracting#image-4","/images/about-construction-coordination-dubai.webp","/ar/main-contracting","section / تنسيق واحد للأعمال المدنية والإنشائية وMEP والتشطيبات.","card","unsplash:photo-1626885930974-4b69aa21bbf9","مختصون في البناء يتابعون أعمال الخرسانة المسلحة في الموقع","Suitable distinct real photograph remains to be sourced and reviewed","Missing distinct real replacement; inherited duplicate retained pending suitable photograph"
"/ar/main-contracting#image-5","/images/project-authority-approvals-dubai.webp","/ar/main-contracting","تنسيق واحد للأعمال المدنية والإنشائية وMEP والتشطيبات. / تنسيق واحد للأعمال المدنية والإنشائية وMEP والتشطيبات.","card","unsplash:photo-1581674662583-5e89b374fae6","مخططات معمارية ودفتر ملاحظات على طاولة عمل","Suitable distinct real photograph remains to be sourced and reviewed","Missing distinct real replacement; inherited duplicate retained pending suitable photograph"
"/ar/main-contracting#image-6","/images/internal/architectural-drawing-review.webp","/ar/main-contracting","التفتيش وإغلاق الملاحظات وأدلة الإكمال عناصر مخططة. / تنسيق واحد للأعمال المدنية والإنشائية وMEP والتشطيبات.","card","unsplash:photo-1608303588026-884930af2559","مراجعة مخططات معمارية باستخدام مسطرة وآلة حاسبة","Suitable distinct real photograph remains to be sourced and reviewed","Missing distinct real replacement; inherited duplicate retained pending suitable photograph"
"/ar/main-contracting#image-7","/images/internal/project-site-coordination.webp","/ar/main-contracting","ملكية المحتوى والمراجعة / تنسيق واحد للأعمال المدنية والإنشائية وMEP والتشطيبات.","card","unsplash:photo-1742112125567-3e8967bad60f","مختصان في البناء يراجعان لوحة مستندات في الموقع","Suitable distinct real photograph remains to be sourced and reviewed","Missing distinct real replacement; inherited duplicate retained pending suitable photograph"
"/ar/project-management#image-3","/images/internal/project-site-coordination.webp","/ar/project-management","إدارة المشاريع في دبي / تحويل النطاق والبرنامج والمستندات إلى قائمة إجراءات قابلة للمتابعة.","hero","unsplash:photo-1742112125567-3e8967bad60f","مختصان في البناء يراجعان لوحة مستندات في الموقع","Suitable distinct real photograph remains to be sourced and reviewed","Missing distinct real replacement; inherited duplicate retained pending suitable photograph"
"/ar/project-management#image-4","/images/about-construction-coordination-dubai.webp","/ar/project-management","section / تحويل النطاق والبرنامج والمستندات إلى قائمة إجراءات قابلة للمتابعة.","card","unsplash:photo-1626885930974-4b69aa21bbf9","مختصون في البناء يتابعون أعمال الخرسانة المسلحة في الموقع","Suitable distinct real photograph remains to be sourced and reviewed","Missing distinct real replacement; inherited duplicate retained pending suitable photograph"
"/ar/project-management#image-5","/images/project-authority-approvals-dubai.webp","/ar/project-management","تحويل النطاق والبرنامج والمستندات إلى قائمة إجراءات قابلة للمتابعة. / تحويل النطاق والبرنامج والمستندات إلى قائمة إجراءات قابلة للمتابعة.","card","unsplash:photo-1581674662583-5e89b374fae6","مخططات معمارية ودفتر ملاحظات على طاولة عمل","Suitable distinct real photograph remains to be sourced and reviewed","Missing distinct real replacement; inherited duplicate retained pending suitable photograph"
"/ar/project-management#image-6","/images/about-civil-works-dubai.webp","/ar/project-management","متابعة التفتيش وإغلاق الملاحظات والمستندات قبل ضغط النهاية. / تحويل النطاق والبرنامج والمستندات إلى قائمة إجراءات قابلة للمتابعة.","card","unsplash:photo-1742112125630-dd2955dd6120","مختصان في البناء يرتديان خوذتي حماية ويراجعان العمل بجوار مواد مخزنة","Suitable distinct real photograph remains to be sourced and reviewed","Missing distinct real replacement; inherited duplicate retained pending suitable photograph"
"/ar/project-management#image-7","/images/internal/architectural-drawing-review.webp","/ar/project-management","ملكية المحتوى والمراجعة / تحويل النطاق والبرنامج والمستندات إلى قائمة إجراءات قابلة للمتابعة.","card","unsplash:photo-1608303588026-884930af2559","مراجعة مخططات معمارية باستخدام مسطرة وآلة حاسبة","Suitable distinct real photograph remains to be sourced and reviewed","Missing distinct real replacement; inherited duplicate retained pending suitable photograph"
"/ar/resources#image-3","/images/generated/company/construction-technical-resources-dubai-hero-desktop.webp","/ar/resources","موارد تساعدك على تجهيز متطلبات المشروع. / ابدأ من نقطة المشكلة التي تحتاج حلها.","hero","/images/generated/company/construction-technical-resources-dubai-hero","رسومات وأدوات تنسيق فني في مكتب مشروع بدبي","Suitable distinct real photograph remains to be sourced and reviewed","Missing distinct real replacement; inherited duplicate retained pending suitable photograph"
"/ar/resources#image-4","/images/project-civil-works-dubai.webp","/ar/resources","section / ابدأ من نقطة المشكلة التي تحتاج حلها.","card","unsplash:photo-1504307651254-35680f356dfd","عمال بناء يجهزون حديد التسليح ويقطعون الفولاذ في موقع إنشائي","Suitable distinct real photograph remains to be sourced and reviewed","Missing distinct real replacement; inherited duplicate retained pending suitable photograph"
"/ar/resources#image-5","/images/project-authority-approvals-dubai.webp","/ar/resources","ابدأ من نقطة المشكلة التي تحتاج حلها. / ابدأ من نقطة المشكلة التي تحتاج حلها.","card","unsplash:photo-1581674662583-5e89b374fae6","مخططات معمارية ودفتر ملاحظات على طاولة عمل","Suitable distinct real photograph remains to be sourced and reviewed","Missing distinct real replacement; inherited duplicate retained pending suitable photograph"
"/ar/resources#image-6","/images/internal/project-site-coordination.webp","/ar/resources","ملكية المحتوى والمراجعة / ابدأ من نقطة المشكلة التي تحتاج حلها.","card","unsplash:photo-1742112125567-3e8967bad60f","مختصان في البناء يراجعان لوحة مستندات في الموقع","Suitable distinct real photograph remains to be sourced and reviewed","Missing distinct real replacement; inherited duplicate retained pending suitable photograph"
"/ar/resources#image-7","/images/project-office-fit-out-dubai.webp","/ar/resources","تحدث مع فريق Emitronix حول مشروعك في دبي. / ابدأ من نقطة المشكلة التي تحتاج حلها.","card","unsplash:photo-1504297050568-910d24c426d3","ممر مكاتب بفواصل زجاجية وخدمات ظاهرة في السقف","Suitable distinct real photograph remains to be sourced and reviewed","Missing distinct real replacement; inherited duplicate retained pending suitable photograph"
"/ar/rta-approval#image-4","/images/internal/architectural-drawing-review.webp","/ar/rta-approval","section / تحديد أثر المشروع في الوصول والحركة ومناطق العمل واللوجستيات.","card","unsplash:photo-1608303588026-884930af2559","مراجعة مخططات معمارية باستخدام مسطرة وآلة حاسبة","Suitable distinct real photograph remains to be sourced and reviewed","Missing distinct real replacement; inherited duplicate retained pending suitable photograph"
"/ar/rta-approval#image-5","/images/civil-contractor-dubai-construction-site.webp","/ar/rta-approval","تحديد أثر المشروع في الوصول والحركة ومناطق العمل واللوجستيات. / تحديد أثر المشروع في الوصول والحركة ومناطق العمل واللوجستيات.","card","unsplash:photo-1541888946425-d81bb19240f5","فريق بناء يقف بجوار بلاطة أساس كبيرة من الخرسانة المسلحة","Suitable distinct real photograph remains to be sourced and reviewed","Missing distinct real replacement; inherited duplicate retained pending suitable photograph"
"/ar/rta-approval#image-6","/images/internal/project-site-coordination.webp","/ar/rta-approval","تنسيق التعليقات والتعديلات والإغلاق مع خطة الموقع. / تحديد أثر المشروع في الوصول والحركة ومناطق العمل واللوجستيات.","card","unsplash:photo-1742112125567-3e8967bad60f","مختصان في البناء يراجعان لوحة مستندات في الموقع","Suitable distinct real photograph remains to be sourced and reviewed","Missing distinct real replacement; inherited duplicate retained pending suitable photograph"
"/ar/rta-approval#image-7","/images/project-authority-approvals-dubai.webp","/ar/rta-approval","ملكية المحتوى والمراجعة / تحديد أثر المشروع في الوصول والحركة ومناطق العمل واللوجستيات.","card","unsplash:photo-1581674662583-5e89b374fae6","مخططات معمارية ودفتر ملاحظات على طاولة عمل","Suitable distinct real photograph remains to be sourced and reviewed","Missing distinct real replacement; inherited duplicate retained pending suitable photograph"
"/ar/services#image-4","/images/project-civil-works-dubai.webp","/ar/services","section / أعمال مدنية، مقاولات رئيسية، مستودعات، فلل وتشطيبات ضمن مسار واحد.","card","unsplash:photo-1504307651254-35680f356dfd","عمال بناء يجهزون حديد التسليح ويقطعون الفولاذ في موقع إنشائي","Suitable distinct real photograph remains to be sourced and reviewed","Missing distinct real replacement; inherited duplicate retained pending suitable photograph"
"/ar/services#image-5","/images/project-authority-approvals-dubai.webp","/ar/services","أعمال مدنية، مقاولات رئيسية، مستودعات، فلل وتشطيبات ضمن مسار واحد. / أعمال مدنية، مقاولات رئيسية، مستودعات، فلل وتشطيبات ضمن مسار واحد.","card","unsplash:photo-1581674662583-5e89b374fae6","مخططات معمارية ودفتر ملاحظات على طاولة عمل","Suitable distinct real photograph remains to be sourced and reviewed","Missing distinct real replacement; inherited duplicate retained pending suitable photograph"
"/ar/services#image-6","/images/internal/project-site-coordination.webp","/ar/services","خدمات موافقات الجهات مدمجة في تخطيط المشروع. / أعمال مدنية، مقاولات رئيسية، مستودعات، فلل وتشطيبات ضمن مسار واحد.","card","unsplash:photo-1742112125567-3e8967bad60f","مختصان في البناء يراجعان لوحة مستندات في الموقع","Suitable distinct real photograph remains to be sourced and reviewed","Missing distinct real replacement; inherited duplicate retained pending suitable photograph"
"/ar/services#image-7","/images/project-office-fit-out-dubai.webp","/ar/services","ملكية المحتوى والمراجعة / أعمال مدنية، مقاولات رئيسية، مستودعات، فلل وتشطيبات ضمن مسار واحد.","card","unsplash:photo-1504297050568-910d24c426d3","ممر مكاتب بفواصل زجاجية وخدمات ظاهرة في السقف","Suitable distinct real photograph remains to be sourced and reviewed","Missing distinct real replacement; inherited duplicate retained pending suitable photograph"
"/ar/structural-works#image-3","/images/internal/structural-reinforcement.webp","/ar/structural-works","الأعمال الإنشائية في دبي / خرسانة وحديد وتقوية وتعديلات إنشائية للمباني القائمة والجديدة.","hero","unsplash:photo-1768677903496-becc4be07258","عامل بناء يفحص شبكة كثيفة من حديد التسليح قبل صب الخرسانة","Suitable distinct real photograph remains to be sourced and reviewed","Missing distinct real replacement; inherited duplicate retained pending suitable photograph"
"/ar/structural-works#image-4","/images/civil-contractor-dubai-construction-site.webp","/ar/structural-works","section / خرسانة وحديد وتقوية وتعديلات إنشائية للمباني القائمة والجديدة.","card","unsplash:photo-1541888946425-d81bb19240f5","فريق بناء يقف بجوار بلاطة أساس كبيرة من الخرسانة المسلحة","Suitable distinct real photograph remains to be sourced and reviewed","Missing distinct real replacement; inherited duplicate retained pending suitable photograph"
"/ar/structural-works#image-5","/images/internal/architectural-drawing-review.webp","/ar/structural-works","خرسانة وحديد وتقوية وتعديلات إنشائية للمباني القائمة والجديدة. / خرسانة وحديد وتقوية وتعديلات إنشائية للمباني القائمة والجديدة.","card","unsplash:photo-1608303588026-884930af2559","مراجعة مخططات معمارية باستخدام مسطرة وآلة حاسبة","Suitable distinct real photograph remains to be sourced and reviewed","Missing distinct real replacement; inherited duplicate retained pending suitable photograph"
"/ar/structural-works#image-6","/images/internal/project-site-coordination.webp","/ar/structural-works","تسلسل هندسي يحافظ على وضوح الفحص والمسؤولية. / خرسانة وحديد وتقوية وتعديلات إنشائية للمباني القائمة والجديدة.","card","unsplash:photo-1742112125567-3e8967bad60f","مختصان في البناء يراجعان لوحة مستندات في الموقع","Suitable distinct real photograph remains to be sourced and reviewed","Missing distinct real replacement; inherited duplicate retained pending suitable photograph"
"/ar/structural-works#image-7","/images/project-civil-works-dubai.webp","/ar/structural-works","ملكية المحتوى والمراجعة / خرسانة وحديد وتقوية وتعديلات إنشائية للمباني القائمة والجديدة.","card","unsplash:photo-1504307651254-35680f356dfd","عمال بناء يجهزون حديد التسليح ويقطعون الفولاذ في موقع إنشائي","Suitable distinct real photograph remains to be sourced and reviewed","Missing distinct real replacement; inherited duplicate retained pending suitable photograph"
"/ar/trakhees-approvals#image-3","/images/project-warehouse-industrial-dubai.webp","/ar/trakhees-approvals","موافقات تراخيص / تحديد فئة المشروع ومسار تراخيص في المنطقة المنظمة.","hero","unsplash:photo-1592085198739-ffcad7f36b54","رفوف منصات نقالة وبضائع مخزنة داخل مستودع صناعي","Suitable distinct real photograph remains to be sourced and reviewed","Missing distinct real replacement; inherited duplicate retained pending suitable photograph"
"/ar/trakhees-approvals#image-4","/images/project-authority-approvals-dubai.webp","/ar/trakhees-approvals","section / تحديد فئة المشروع ومسار تراخيص في المنطقة المنظمة.","card","unsplash:photo-1581674662583-5e89b374fae6","مخططات معمارية ودفتر ملاحظات على طاولة عمل","Suitable distinct real photograph remains to be sourced and reviewed","Missing distinct real replacement; inherited duplicate retained pending suitable photograph"
"/ar/trakhees-approvals#image-5","/images/internal/industrial-steel-roof.webp","/ar/trakhees-approvals","تحديد فئة المشروع ومسار تراخيص في المنطقة المنظمة. / تحديد فئة المشروع ومسار تراخيص في المنطقة المنظمة.","card","unsplash:photo-1662120399978-738d233edbec","عمال على منصة رفع مقصية يركبون جمالونات سقف فولاذية","Suitable distinct real photograph remains to be sourced and reviewed","Missing distinct real replacement; inherited duplicate retained pending suitable photograph"
"/ar/trakhees-approvals#image-6","/images/internal/project-site-coordination.webp","/ar/trakhees-approvals","متابعة التعليقات والنسخ المعدلة ومستندات الإغلاق. / تحديد فئة المشروع ومسار تراخيص في المنطقة المنظمة.","card","unsplash:photo-1742112125567-3e8967bad60f","مختصان في البناء يراجعان لوحة مستندات في الموقع","Suitable distinct real photograph remains to be sourced and reviewed","Missing distinct real replacement; inherited duplicate retained pending suitable photograph"
"/ar/trakhees-approvals#image-7","/images/internal/warehouse-steel-frame.webp","/ar/trakhees-approvals","ملكية المحتوى والمراجعة / تحديد فئة المشروع ومسار تراخيص في المنطقة المنظمة.","card","unsplash:photo-1649587345666-0f4ad68aa723","رافعات ومعدات رفع أثناء تركيب هيكل فولاذي لمستودع","Suitable distinct real photograph remains to be sourced and reviewed","Missing distinct real replacement; inherited duplicate retained pending suitable photograph"
"/ar/turnkey-construction#image-3","/images/project-commercial-renovation-dubai.webp","/ar/turnkey-construction","مشاريع تسليم المفتاح في دبي / تحديد ما يشمله المسار المتكامل وما يبقى خارج النطاق.","hero","unsplash:photo-1739700712159-550519327ca7","ممر تجاري مكتمل مع قنوات تهوية وخدمات مبنى ظاهرة","Suitable distinct real photograph remains to be sourced and reviewed","Missing distinct real replacement; inherited duplicate retained pending suitable photograph"
"/ar/turnkey-construction#image-4","/images/project-office-fit-out-dubai.webp","/ar/turnkey-construction","section / تحديد ما يشمله المسار المتكامل وما يبقى خارج النطاق.","card","unsplash:photo-1504297050568-910d24c426d3","ممر مكاتب بفواصل زجاجية وخدمات ظاهرة في السقف","Suitable distinct real photograph remains to be sourced and reviewed","Missing distinct real replacement; inherited duplicate retained pending suitable photograph"
"/ar/turnkey-construction#image-5","/images/internal/architectural-drawing-review.webp","/ar/turnkey-construction","تحديد ما يشمله المسار المتكامل وما يبقى خارج النطاق. / تحديد ما يشمله المسار المتكامل وما يبقى خارج النطاق.","card","unsplash:photo-1608303588026-884930af2559","مراجعة مخططات معمارية باستخدام مسطرة وآلة حاسبة","Suitable distinct real photograph remains to be sourced and reviewed","Missing distinct real replacement; inherited duplicate retained pending suitable photograph"
"/ar/turnkey-construction#image-6","/images/internal/project-site-coordination.webp","/ar/turnkey-construction","تخطيط مبكر للملاحظات والمستندات وجاهزية التشغيل. / تحديد ما يشمله المسار المتكامل وما يبقى خارج النطاق.","card","unsplash:photo-1742112125567-3e8967bad60f","مختصان في البناء يراجعان لوحة مستندات في الموقع","Suitable distinct real photograph remains to be sourced and reviewed","Missing distinct real replacement; inherited duplicate retained pending suitable photograph"
"/ar/turnkey-construction#image-7","/images/home/dubai-commercial-towers.webp","/ar/turnkey-construction","ملكية المحتوى والمراجعة / تحديد ما يشمله المسار المتكامل وما يبقى خارج النطاق.","card","pexels:14309391","مباني أبراج الإمارات المكتملة في دبي من زاوية منخفضة","Suitable distinct real photograph remains to be sourced and reviewed","Missing distinct real replacement; inherited duplicate retained pending suitable photograph"
"/blog#image-3","/images/generated/blog/civil-construction-dubai-guide-2026-desktop.webp","/blog","Dubai construction insights for better project decisions.","hero","/images/generated/blog/civil-construction-dubai-guide-2026","Civil construction planning scene in Dubai","Suitable distinct real photograph remains to be sourced and reviewed","Missing distinct real replacement; inherited duplicate retained pending suitable photograph"
"/blog#image-4","/images/project-civil-works-dubai.webp","/blog","Complete Guide to Civil Construction in Dubai (2026)","section photograph","unsplash:photo-1504307651254-35680f356dfd","Construction workers preparing reinforcement and cutting steel at a building site","Suitable distinct real photograph remains to be sourced and reviewed","Missing distinct real replacement; inherited duplicate retained pending suitable photograph"
"/blog#image-5","/images/generated/blog/civil-construction-dubai-guide-2026-desktop.webp","/blog","Complete Guide to Civil Construction in Dubai (2026) / Complete Guide to Civil Construction in Dubai (2026)","card","/images/generated/blog/civil-construction-dubai-guide-2026","Civil construction planning scene in Dubai","Suitable distinct real photograph remains to be sourced and reviewed","Missing distinct real replacement; inherited duplicate retained pending suitable photograph"
"/blog#image-6","/images/generated/blog/dubai-authority-approvals-guide-desktop.webp","/blog","Complete Guide to Civil Construction in Dubai (2026) / Dubai Authority Approvals Explained: DEWA, Dubai Municipality, DCD & Trakhees","card","/images/generated/blog/dubai-authority-approvals-guide","Dubai authority approvals document coordination","Suitable distinct real photograph remains to be sourced and reviewed","Missing distinct real replacement; inherited duplicate retained pending suitable photograph"
"/blog#image-7","/images/generated/blog/warehouse-construction-planning-guide-desktop.webp","/blog","Complete Guide to Civil Construction in Dubai (2026) / Warehouse Construction in Dubai: Planning, Design & Authority Approvals","card","/images/generated/blog/warehouse-construction-planning-guide","Warehouse construction planning scene in Dubai","Suitable distinct real photograph remains to be sourced and reviewed","Missing distinct real replacement; inherited duplicate retained pending suitable photograph"
"/blog#image-8","/images/generated/blog/choosing-building-contractor-dubai-desktop.webp","/blog","Complete Guide to Civil Construction in Dubai (2026) / How to Choose the Best Building Contractor in Dubai","card","/images/generated/blog/choosing-building-contractor-dubai","Building contractor selection meeting in Dubai","Suitable distinct real photograph remains to be sourced and reviewed","Missing distinct real replacement; inherited duplicate retained pending suitable photograph"
"/blog#image-9","/images/generated/blog/warehouse-construction-planning-guide-desktop.webp","/blog","Complete Guide to Civil Construction in Dubai (2026) / Warehouse Construction Dubai: Planning Guide","card","/images/generated/blog/warehouse-construction-planning-guide","Warehouse construction planning and contractor coordination in Dubai","Suitable distinct real photograph remains to be sourced and reviewed","Missing distinct real replacement; inherited duplicate retained pending suitable photograph"
"/blog#image-10","/images/generated/blog/civil-construction-dubai-guide-2026-desktop.webp","/blog","Complete Guide to Civil Construction in Dubai (2026) / Warehouse Construction Dubai: Approval Checklist","card","/images/generated/blog/civil-construction-dubai-guide-2026","Civil contractor Dubai planning for warehouse and industrial construction","Suitable distinct real photograph remains to be sourced and reviewed","Missing distinct real replacement; inherited duplicate retained pending suitable photograph"
"/blog#image-11","/images/generated/blog/dubai-authority-approvals-guide-desktop.webp","/blog","Complete Guide to Civil Construction in Dubai (2026) / Warehouse Construction Dubai: Cost Factors","card","/images/generated/blog/dubai-authority-approvals-guide","Dubai authority approval documents for warehouse construction projects","Suitable distinct real photograph remains to be sourced and reviewed","Missing distinct real replacement; inherited duplicate retained pending suitable photograph"
"/blog#image-12","/images/generated/blog/choosing-building-contractor-dubai-desktop.webp","/blog","Complete Guide to Civil Construction in Dubai (2026) / Warehouse Construction Dubai: Timeline and Process","card","/images/generated/blog/choosing-building-contractor-dubai","Construction company Dubai team reviewing warehouse contractor scope","Suitable distinct real photograph remains to be sourced and reviewed","Missing distinct real replacement; inherited duplicate retained pending suitable photograph"
"/blog#image-13","/images/generated/blog/warehouse-construction-planning-guide-desktop.webp","/blog","Complete Guide to Civil Construction in Dubai (2026) / Warehouse Construction Dubai: Contractor Selection","card","/images/generated/blog/warehouse-construction-planning-guide","Warehouse construction planning and contractor coordination in Dubai","Suitable distinct real photograph remains to be sourced and reviewed","Missing distinct real replacement; inherited duplicate retained pending suitable photograph"
"/blog#image-14","/images/generated/blog/civil-construction-dubai-guide-2026-desktop.webp","/blog","Complete Guide to Civil Construction in Dubai (2026) / Warehouse Contractors Dubai: Planning Guide","card","/images/generated/blog/civil-construction-dubai-guide-2026","Civil contractor Dubai planning for warehouse and industrial construction","Suitable distinct real photograph remains to be sourced and reviewed","Missing distinct real replacement; inherited duplicate retained pending suitable photograph"
"/blog#image-15","/images/generated/blog/dubai-authority-approvals-guide-desktop.webp","/blog","Complete Guide to Civil Construction in Dubai (2026) / Warehouse Contractors Dubai: Approval Checklist","card","/images/generated/blog/dubai-authority-approvals-guide","Dubai authority approval documents for warehouse construction projects","Suitable distinct real photograph remains to be sourced and reviewed","Missing distinct real replacement; inherited duplicate retained pending suitable photograph"
"/blog#image-16","/images/generated/blog/choosing-building-contractor-dubai-desktop.webp","/blog","Complete Guide to Civil Construction in Dubai (2026) / Warehouse Contractors Dubai: Cost Factors","card","/images/generated/blog/choosing-building-contractor-dubai","Construction company Dubai team reviewing warehouse contractor scope","Suitable distinct real photograph remains to be sourced and reviewed","Missing distinct real replacement; inherited duplicate retained pending suitable photograph"
"/blog#image-17","/images/generated/blog/warehouse-construction-planning-guide-desktop.webp","/blog","Complete Guide to Civil Construction in Dubai (2026) / Warehouse Contractors Dubai: Timeline and Process","card","/images/generated/blog/warehouse-construction-planning-guide","Warehouse construction planning and contractor coordination in Dubai","Suitable distinct real photograph remains to be sourced and reviewed","Missing distinct real replacement; inherited duplicate retained pending suitable photograph"
"/blog#image-18","/images/generated/blog/civil-construction-dubai-guide-2026-desktop.webp","/blog","Complete Guide to Civil Construction in Dubai (2026) / Warehouse Contractors Dubai: Contractor Selection","card","/images/generated/blog/civil-construction-dubai-guide-2026","Civil contractor Dubai planning for warehouse and industrial construction","Suitable distinct real photograph remains to be sourced and reviewed","Missing distinct real replacement; inherited duplicate retained pending suitable photograph"
"/blog#image-19","/images/generated/blog/dubai-authority-approvals-guide-desktop.webp","/blog","Complete Guide to Civil Construction in Dubai (2026) / Industrial Warehouse Construction UAE: Planning Guide","card","/images/generated/blog/dubai-authority-approvals-guide","Dubai authority approval documents for warehouse construction projects","Suitable distinct real photograph remains to be sourced and reviewed","Missing distinct real replacement; inherited duplicate retained pending suitable photograph"
"/blog#image-20","/images/generated/blog/choosing-building-contractor-dubai-desktop.webp","/blog","Complete Guide to Civil Construction in Dubai (2026) / Industrial Warehouse Construction UAE: Approval Checklist","card","/images/generated/blog/choosing-building-contractor-dubai","Construction company Dubai team reviewing warehouse contractor scope","Suitable distinct real photograph remains to be sourced and reviewed","Missing distinct real replacement; inherited duplicate retained pending suitable photograph"
"/blog#image-21","/images/generated/blog/warehouse-construction-planning-guide-desktop.webp","/blog","Complete Guide to Civil Construction in Dubai (2026) / Industrial Warehouse Construction UAE: Cost Factors","card","/images/generated/blog/warehouse-construction-planning-guide","Warehouse construction planning and contractor coordination in Dubai","Suitable distinct real photograph remains to be sourced and reviewed","Missing distinct real replacement; inherited duplicate retained pending suitable photograph"
"/blog#image-22","/images/generated/blog/civil-construction-dubai-guide-2026-desktop.webp","/blog","Complete Guide to Civil Construction in Dubai (2026) / Industrial Warehouse Construction UAE: Timeline and Process","card","/images/generated/blog/civil-construction-dubai-guide-2026","Civil contractor Dubai planning for warehouse and industrial construction","Suitable distinct real photograph remains to be sourced and reviewed","Missing distinct real replacement; inherited duplicate retained pending suitable photograph"
"/blog#image-23","/images/generated/blog/dubai-authority-approvals-guide-desktop.webp","/blog","Complete Guide to Civil Construction in Dubai (2026) / Industrial Warehouse Construction UAE: Contractor Selection","card","/images/generated/blog/dubai-authority-approvals-guide","Dubai authority approval documents for warehouse construction projects","Suitable distinct real photograph remains to be sourced and reviewed","Missing distinct real replacement; inherited duplicate retained pending suitable photograph"
"/blog#image-24","/images/generated/blog/choosing-building-contractor-dubai-desktop.webp","/blog","Complete Guide to Civil Construction in Dubai (2026) / Steel Warehouse Construction Dubai: Planning Guide","card","/images/generated/blog/choosing-building-contractor-dubai","Construction company Dubai team reviewing warehouse contractor scope","Suitable distinct real photograph remains to be sourced and reviewed","Missing distinct real replacement; inherited duplicate retained pending suitable photograph"
"/blog#image-25","/images/generated/blog/warehouse-construction-planning-guide-desktop.webp","/blog","Complete Guide to Civil Construction in Dubai (2026) / Steel Warehouse Construction Dubai: Approval Checklist","card","/images/generated/blog/warehouse-construction-planning-guide","Warehouse construction planning and contractor coordination in Dubai","Suitable distinct real photograph remains to be sourced and reviewed","Missing distinct real replacement; inherited duplicate retained pending suitable photograph"
"/blog#image-26","/images/generated/blog/civil-construction-dubai-guide-2026-desktop.webp","/blog","Complete Guide to Civil Construction in Dubai (2026) / Steel Warehouse Construction Dubai: Cost Factors","card","/images/generated/blog/civil-construction-dubai-guide-2026","Civil contractor Dubai planning for warehouse and industrial construction","Suitable distinct real photograph remains to be sourced and reviewed","Missing distinct real replacement; inherited duplicate retained pending suitable photograph"
"/blog#image-27","/images/generated/blog/dubai-authority-approvals-guide-desktop.webp","/blog","Complete Guide to Civil Construction in Dubai (2026) / Steel Warehouse Construction Dubai: Timeline and Process","card","/images/generated/blog/dubai-authority-approvals-guide","Dubai authority approval documents for warehouse construction projects","Suitable distinct real photograph remains to be sourced and reviewed","Missing distinct real replacement; inherited duplicate retained pending suitable photograph"
"/blog#image-28","/images/generated/blog/choosing-building-contractor-dubai-desktop.webp","/blog","Complete Guide to Civil Construction in Dubai (2026) / Steel Warehouse Construction Dubai: Contractor Selection","card","/images/generated/blog/choosing-building-contractor-dubai","Construction company Dubai team reviewing warehouse contractor scope","Suitable distinct real photograph remains to be sourced and reviewed","Missing distinct real replacement; inherited duplicate retained pending suitable photograph"
"/blog#image-29","/images/generated/blog/warehouse-construction-planning-guide-desktop.webp","/blog","Complete Guide to Civil Construction in Dubai (2026) / Warehouse Design and Build Dubai: Planning Guide","card","/images/generated/blog/warehouse-construction-planning-guide","Warehouse construction planning and contractor coordination in Dubai","Suitable distinct real photograph remains to be sourced and reviewed","Missing distinct real replacement; inherited duplicate retained pending suitable photograph"
"/blog#image-30","/images/generated/blog/civil-construction-dubai-guide-2026-desktop.webp","/blog","Complete Guide to Civil Construction in Dubai (2026) / Warehouse Design and Build Dubai: Approval Checklist","card","/images/generated/blog/civil-construction-dubai-guide-2026","Civil contractor Dubai planning for warehouse and industrial construction","Suitable distinct real photograph remains to be sourced and reviewed","Missing distinct real replacement; inherited duplicate retained pending suitable photograph"
"/blog#image-31","/images/generated/blog/dubai-authority-approvals-guide-desktop.webp","/blog","Complete Guide to Civil Construction in Dubai (2026) / Warehouse Design and Build Dubai: Cost Factors","card","/images/generated/blog/dubai-authority-approvals-guide","Dubai authority approval documents for warehouse construction projects","Suitable distinct real photograph remains to be sourced and reviewed","Missing distinct real replacement; inherited duplicate retained pending suitable photograph"
"/blog#image-32","/images/generated/blog/choosing-building-contractor-dubai-desktop.webp","/blog","Complete Guide to Civil Construction in Dubai (2026) / Warehouse Design and Build Dubai: Timeline and Process","card","/images/generated/blog/choosing-building-contractor-dubai","Construction company Dubai team reviewing warehouse contractor scope","Suitable distinct real photograph remains to be sourced and reviewed","Missing distinct real replacement; inherited duplicate retained pending suitable photograph"
"/blog#image-33","/images/generated/blog/warehouse-construction-planning-guide-desktop.webp","/blog","Complete Guide to Civil Construction in Dubai (2026) / Warehouse Design and Build Dubai: Contractor Selection","card","/images/generated/blog/warehouse-construction-planning-guide","Warehouse construction planning and contractor coordination in Dubai","Suitable distinct real photograph remains to be sourced and reviewed","Missing distinct real replacement; inherited duplicate retained pending suitable photograph"
"/blog#image-34","/images/generated/blog/civil-construction-dubai-guide-2026-desktop.webp","/blog","Complete Guide to Civil Construction in Dubai (2026) / Warehouse Authority Approvals Dubai: Planning Guide","card","/images/generated/blog/civil-construction-dubai-guide-2026","Civil contractor Dubai planning for warehouse and industrial construction","Suitable distinct real photograph remains to be sourced and reviewed","Missing distinct real replacement; inherited duplicate retained pending suitable photograph"
"/blog#image-35","/images/generated/blog/dubai-authority-approvals-guide-desktop.webp","/blog","Complete Guide to Civil Construction in Dubai (2026) / Warehouse Authority Approvals Dubai: Approval Checklist","card","/images/generated/blog/dubai-authority-approvals-guide","Dubai authority approval documents for warehouse construction projects","Suitable distinct real photograph remains to be sourced and reviewed","Missing distinct real replacement; inherited duplicate retained pending suitable photograph"
"/blog#image-36","/images/generated/blog/choosing-building-contractor-dubai-desktop.webp","/blog","Complete Guide to Civil Construction in Dubai (2026) / Warehouse Authority Approvals Dubai: Cost Factors","card","/images/generated/blog/choosing-building-contractor-dubai","Construction company Dubai team reviewing warehouse contractor scope","Suitable distinct real photograph remains to be sourced and reviewed","Missing distinct real replacement; inherited duplicate retained pending suitable photograph"
"/blog#image-37","/images/generated/blog/warehouse-construction-planning-guide-desktop.webp","/blog","Complete Guide to Civil Construction in Dubai (2026) / Warehouse Authority Approvals Dubai: Timeline and Process","card","/images/generated/blog/warehouse-construction-planning-guide","Warehouse construction planning and contractor coordination in Dubai","Suitable distinct real photograph remains to be sourced and reviewed","Missing distinct real replacement; inherited duplicate retained pending suitable photograph"
"/blog#image-38","/images/generated/blog/civil-construction-dubai-guide-2026-desktop.webp","/blog","Complete Guide to Civil Construction in Dubai (2026) / Warehouse Authority Approvals Dubai: Contractor Selection","card","/images/generated/blog/civil-construction-dubai-guide-2026","Civil contractor Dubai planning for warehouse and industrial construction","Suitable distinct real photograph remains to be sourced and reviewed","Missing distinct real replacement; inherited duplicate retained pending suitable photograph"
"/blog#image-39","/images/generated/blog/dubai-authority-approvals-guide-desktop.webp","/blog","Complete Guide to Civil Construction in Dubai (2026) / Warehouse DEWA Approvals: Planning Guide","card","/images/generated/blog/dubai-authority-approvals-guide","Dubai authority approval documents for warehouse construction projects","Suitable distinct real photograph remains to be sourced and reviewed","Missing distinct real replacement; inherited duplicate retained pending suitable photograph"
"/blog#image-40","/images/generated/blog/choosing-building-contractor-dubai-desktop.webp","/blog","Complete Guide to Civil Construction in Dubai (2026) / Warehouse DEWA Approvals: Approval Checklist","card","/images/generated/blog/choosing-building-contractor-dubai","Construction company Dubai team reviewing warehouse contractor scope","Suitable distinct real photograph remains to be sourced and reviewed","Missing distinct real replacement; inherited duplicate retained pending suitable photograph"
"/blog#image-41","/images/generated/blog/warehouse-construction-planning-guide-desktop.webp","/blog","Complete Guide to Civil Construction in Dubai (2026) / Warehouse DEWA Approvals: Cost Factors","card","/images/generated/blog/warehouse-construction-planning-guide","Warehouse construction planning and contractor coordination in Dubai","Suitable distinct real photograph remains to be sourced and reviewed","Missing distinct real replacement; inherited duplicate retained pending suitable photograph"
"/blog#image-42","/images/generated/blog/civil-construction-dubai-guide-2026-desktop.webp","/blog","Complete Guide to Civil Construction in Dubai (2026) / Warehouse DEWA Approvals: Timeline and Process","card","/images/generated/blog/civil-construction-dubai-guide-2026","Civil contractor Dubai planning for warehouse and industrial construction","Suitable distinct real photograph remains to be sourced and reviewed","Missing distinct real replacement; inherited duplicate retained pending suitable photograph"
"/blog#image-43","/images/generated/blog/dubai-authority-approvals-guide-desktop.webp","/blog","Complete Guide to Civil Construction in Dubai (2026) / Warehouse DEWA Approvals: Contractor Selection","card","/images/generated/blog/dubai-authority-approvals-guide","Dubai authority approval documents for warehouse construction projects","Suitable distinct real photograph remains to be sourced and reviewed","Missing distinct real replacement; inherited duplicate retained pending suitable photograph"
"/blog#image-44","/images/generated/blog/choosing-building-contractor-dubai-desktop.webp","/blog","Complete Guide to Civil Construction in Dubai (2026) / Warehouse DCD Approvals: Planning Guide","card","/images/generated/blog/choosing-building-contractor-dubai","Construction company Dubai team reviewing warehouse contractor scope","Suitable distinct real photograph remains to be sourced and reviewed","Missing distinct real replacement; inherited duplicate retained pending suitable photograph"
"/blog#image-45","/images/generated/blog/warehouse-construction-planning-guide-desktop.webp","/blog","Complete Guide to Civil Construction in Dubai (2026) / Warehouse DCD Approvals: Approval Checklist","card","/images/generated/blog/warehouse-construction-planning-guide","Warehouse construction planning and contractor coordination in Dubai","Suitable distinct real photograph remains to be sourced and reviewed","Missing distinct real replacement; inherited duplicate retained pending suitable photograph"
"/blog#image-46","/images/generated/blog/civil-construction-dubai-guide-2026-desktop.webp","/blog","Complete Guide to Civil Construction in Dubai (2026) / Warehouse DCD Approvals: Cost Factors","card","/images/generated/blog/civil-construction-dubai-guide-2026","Civil contractor Dubai planning for warehouse and industrial construction","Suitable distinct real photograph remains to be sourced and reviewed","Missing distinct real replacement; inherited duplicate retained pending suitable photograph"
"/blog#image-47","/images/generated/blog/dubai-authority-approvals-guide-desktop.webp","/blog","Complete Guide to Civil Construction in Dubai (2026) / Warehouse DCD Approvals: Timeline and Process","card","/images/generated/blog/dubai-authority-approvals-guide","Dubai authority approval documents for warehouse construction projects","Suitable distinct real photograph remains to be sourced and reviewed","Missing distinct real replacement; inherited duplicate retained pending suitable photograph"
"/blog#image-48","/images/generated/blog/choosing-building-contractor-dubai-desktop.webp","/blog","Complete Guide to Civil Construction in Dubai (2026) / Warehouse DCD Approvals: Contractor Selection","card","/images/generated/blog/choosing-building-contractor-dubai","Construction company Dubai team reviewing warehouse contractor scope","Suitable distinct real photograph remains to be sourced and reviewed","Missing distinct real replacement; inherited duplicate retained pending suitable photograph"
"/blog#image-49","/images/generated/blog/warehouse-construction-planning-guide-desktop.webp","/blog","Complete Guide to Civil Construction in Dubai (2026) / Warehouse Dubai Municipality Approvals: Planning Guide","card","/images/generated/blog/warehouse-construction-planning-guide","Warehouse construction planning and contractor coordination in Dubai","Suitable distinct real photograph remains to be sourced and reviewed","Missing distinct real replacement; inherited duplicate retained pending suitable photograph"
"/blog#image-50","/images/generated/blog/civil-construction-dubai-guide-2026-desktop.webp","/blog","Complete Guide to Civil Construction in Dubai (2026) / Warehouse Dubai Municipality Approvals: Approval Checklist","card","/images/generated/blog/civil-construction-dubai-guide-2026","Civil contractor Dubai planning for warehouse and industrial construction","Suitable distinct real photograph remains to be sourced and reviewed","Missing distinct real replacement; inherited duplicate retained pending suitable photograph"
"/blog#image-51","/images/generated/blog/dubai-authority-approvals-guide-desktop.webp","/blog","Complete Guide to Civil Construction in Dubai (2026) / Warehouse Dubai Municipality Approvals: Cost Factors","card","/images/generated/blog/dubai-authority-approvals-guide","Dubai authority approval documents for warehouse construction projects","Suitable distinct real photograph remains to be sourced and reviewed","Missing distinct real replacement; inherited duplicate retained pending suitable photograph"
"/blog#image-52","/images/generated/blog/choosing-building-contractor-dubai-desktop.webp","/blog","Complete Guide to Civil Construction in Dubai (2026) / Warehouse Dubai Municipality Approvals: Timeline and Process","card","/images/generated/blog/choosing-building-contractor-dubai","Construction company Dubai team reviewing warehouse contractor scope","Suitable distinct real photograph remains to be sourced and reviewed","Missing distinct real replacement; inherited duplicate retained pending suitable photograph"
"/blog#image-53","/images/generated/blog/warehouse-construction-planning-guide-desktop.webp","/blog","Complete Guide to Civil Construction in Dubai (2026) / Warehouse Dubai Municipality Approvals: Contractor Selection","card","/images/generated/blog/warehouse-construction-planning-guide","Warehouse construction planning and contractor coordination in Dubai","Suitable distinct real photograph remains to be sourced and reviewed","Missing distinct real replacement; inherited duplicate retained pending suitable photograph"
"/blog#image-54","/images/generated/blog/civil-construction-dubai-guide-2026-desktop.webp","/blog","Complete Guide to Civil Construction in Dubai (2026) / Cold Storage Warehouse Construction: Planning Guide","card","/images/generated/blog/civil-construction-dubai-guide-2026","Civil contractor Dubai planning for warehouse and industrial construction","Suitable distinct real photograph remains to be sourced and reviewed","Missing distinct real replacement; inherited duplicate retained pending suitable photograph"
"/blog#image-55","/images/generated/blog/dubai-authority-approvals-guide-desktop.webp","/blog","Complete Guide to Civil Construction in Dubai (2026) / Cold Storage Warehouse Construction: Approval Checklist","card","/images/generated/blog/dubai-authority-approvals-guide","Dubai authority approval documents for warehouse construction projects","Suitable distinct real photograph remains to be sourced and reviewed","Missing distinct real replacement; inherited duplicate retained pending suitable photograph"
"/blog#image-56","/images/generated/blog/choosing-building-contractor-dubai-desktop.webp","/blog","Complete Guide to Civil Construction in Dubai (2026) / Cold Storage Warehouse Construction: Cost Factors","card","/images/generated/blog/choosing-building-contractor-dubai","Construction company Dubai team reviewing warehouse contractor scope","Suitable distinct real photograph remains to be sourced and reviewed","Missing distinct real replacement; inherited duplicate retained pending suitable photograph"
"/blog#image-57","/images/generated/blog/warehouse-construction-planning-guide-desktop.webp","/blog","Complete Guide to Civil Construction in Dubai (2026) / Cold Storage Warehouse Construction: Timeline and Process","card","/images/generated/blog/warehouse-construction-planning-guide","Warehouse construction planning and contractor coordination in Dubai","Suitable distinct real photograph remains to be sourced and reviewed","Missing distinct real replacement; inherited duplicate retained pending suitable photograph"
"/blog#image-58","/images/generated/blog/civil-construction-dubai-guide-2026-desktop.webp","/blog","Complete Guide to Civil Construction in Dubai (2026) / Cold Storage Warehouse Construction: Contractor Selection","card","/images/generated/blog/civil-construction-dubai-guide-2026","Civil contractor Dubai planning for warehouse and industrial construction","Suitable distinct real photograph remains to be sourced and reviewed","Missing distinct real replacement; inherited duplicate retained pending suitable photograph"
"/blog#image-59","/images/generated/blog/dubai-authority-approvals-guide-desktop.webp","/blog","Complete Guide to Civil Construction in Dubai (2026) / Logistics Warehouse Construction: Planning Guide","card","/images/generated/blog/dubai-authority-approvals-guide","Dubai authority approval documents for warehouse construction projects","Suitable distinct real photograph remains to be sourced and reviewed","Missing distinct real replacement; inherited duplicate retained pending suitable photograph"
"/blog#image-60","/images/generated/blog/choosing-building-contractor-dubai-desktop.webp","/blog","Complete Guide to Civil Construction in Dubai (2026) / Logistics Warehouse Construction: Approval Checklist","card","/images/generated/blog/choosing-building-contractor-dubai","Construction company Dubai team reviewing warehouse contractor scope","Suitable distinct real photograph remains to be sourced and reviewed","Missing distinct real replacement; inherited duplicate retained pending suitable photograph"
"/blog#image-61","/images/generated/blog/warehouse-construction-planning-guide-desktop.webp","/blog","Complete Guide to Civil Construction in Dubai (2026) / Logistics Warehouse Construction: Cost Factors","card","/images/generated/blog/warehouse-construction-planning-guide","Warehouse construction planning and contractor coordination in Dubai","Suitable distinct real photograph remains to be sourced and reviewed","Missing distinct real replacement; inherited duplicate retained pending suitable photograph"
"/blog#image-62","/images/generated/blog/civil-construction-dubai-guide-2026-desktop.webp","/blog","Complete Guide to Civil Construction in Dubai (2026) / Logistics Warehouse Construction: Timeline and Process","card","/images/generated/blog/civil-construction-dubai-guide-2026","Civil contractor Dubai planning for warehouse and industrial construction","Suitable distinct real photograph remains to be sourced and reviewed","Missing distinct real replacement; inherited duplicate retained pending suitable photograph"
"/blog#image-63","/images/generated/blog/dubai-authority-approvals-guide-desktop.webp","/blog","Complete Guide to Civil Construction in Dubai (2026) / Logistics Warehouse Construction: Contractor Selection","card","/images/generated/blog/dubai-authority-approvals-guide","Dubai authority approval documents for warehouse construction projects","Suitable distinct real photograph remains to be sourced and reviewed","Missing distinct real replacement; inherited duplicate retained pending suitable photograph"
"/blog#image-64","/images/generated/blog/choosing-building-contractor-dubai-desktop.webp","/blog","Complete Guide to Civil Construction in Dubai (2026) / Warehouse Fit Out Dubai: Planning Guide","card","/images/generated/blog/choosing-building-contractor-dubai","Construction company Dubai team reviewing warehouse contractor scope","Suitable distinct real photograph remains to be sourced and reviewed","Missing distinct real replacement; inherited duplicate retained pending suitable photograph"
"/blog#image-65","/images/generated/blog/warehouse-construction-planning-guide-desktop.webp","/blog","Complete Guide to Civil Construction in Dubai (2026) / Warehouse Fit Out Dubai: Approval Checklist","card","/images/generated/blog/warehouse-construction-planning-guide","Warehouse construction planning and contractor coordination in Dubai","Suitable distinct real photograph remains to be sourced and reviewed","Missing distinct real replacement; inherited duplicate retained pending suitable photograph"
"/blog#image-66","/images/generated/blog/civil-construction-dubai-guide-2026-desktop.webp","/blog","Complete Guide to Civil Construction in Dubai (2026) / Warehouse Fit Out Dubai: Cost Factors","card","/images/generated/blog/civil-construction-dubai-guide-2026","Civil contractor Dubai planning for warehouse and industrial construction","Suitable distinct real photograph remains to be sourced and reviewed","Missing distinct real replacement; inherited duplicate retained pending suitable photograph"
"/blog#image-67","/images/generated/blog/dubai-authority-approvals-guide-desktop.webp","/blog","Complete Guide to Civil Construction in Dubai (2026) / Warehouse Fit Out Dubai: Timeline and Process","card","/images/generated/blog/dubai-authority-approvals-guide","Dubai authority approval documents for warehouse construction projects","Suitable distinct real photograph remains to be sourced and reviewed","Missing distinct real replacement; inherited duplicate retained pending suitable photograph"
"/blog#image-68","/images/generated/blog/choosing-building-contractor-dubai-desktop.webp","/blog","Complete Guide to Civil Construction in Dubai (2026) / Warehouse Fit Out Dubai: Contractor Selection","card","/images/generated/blog/choosing-building-contractor-dubai","Construction company Dubai team reviewing warehouse contractor scope","Suitable distinct real photograph remains to be sourced and reviewed","Missing distinct real replacement; inherited duplicate retained pending suitable photograph"
"/blog#image-69","/images/generated/blog/warehouse-construction-planning-guide-desktop.webp","/blog","Complete Guide to Civil Construction in Dubai (2026) / Warehouse Renovation Dubai: Planning Guide","card","/images/generated/blog/warehouse-construction-planning-guide","Warehouse construction planning and contractor coordination in Dubai","Suitable distinct real photograph remains to be sourced and reviewed","Missing distinct real replacement; inherited duplicate retained pending suitable photograph"
"/blog#image-70","/images/generated/blog/civil-construction-dubai-guide-2026-desktop.webp","/blog","Complete Guide to Civil Construction in Dubai (2026) / Warehouse Renovation Dubai: Approval Checklist","card","/images/generated/blog/civil-construction-dubai-guide-2026","Civil contractor Dubai planning for warehouse and industrial construction","Suitable distinct real photograph remains to be sourced and reviewed","Missing distinct real replacement; inherited duplicate retained pending suitable photograph"
"/blog#image-71","/images/generated/blog/dubai-authority-approvals-guide-desktop.webp","/blog","Complete Guide to Civil Construction in Dubai (2026) / Warehouse Renovation Dubai: Cost Factors","card","/images/generated/blog/dubai-authority-approvals-guide","Dubai authority approval documents for warehouse construction projects","Suitable distinct real photograph remains to be sourced and reviewed","Missing distinct real replacement; inherited duplicate retained pending suitable photograph"
"/blog#image-72","/images/generated/blog/choosing-building-contractor-dubai-desktop.webp","/blog","Complete Guide to Civil Construction in Dubai (2026) / Warehouse Renovation Dubai: Timeline and Process","card","/images/generated/blog/choosing-building-contractor-dubai","Construction company Dubai team reviewing warehouse contractor scope","Suitable distinct real photograph remains to be sourced and reviewed","Missing distinct real replacement; inherited duplicate retained pending suitable photograph"
"/blog#image-73","/images/generated/blog/warehouse-construction-planning-guide-desktop.webp","/blog","Complete Guide to Civil Construction in Dubai (2026) / Warehouse Renovation Dubai: Contractor Selection","card","/images/generated/blog/warehouse-construction-planning-guide","Warehouse construction planning and contractor coordination in Dubai","Suitable distinct real photograph remains to be sourced and reviewed","Missing distinct real replacement; inherited duplicate retained pending suitable photograph"
"/blog#image-74","/images/generated/blog/civil-construction-dubai-guide-2026-desktop.webp","/blog","Complete Guide to Civil Construction in Dubai (2026) / Warehouse Flooring Dubai: Planning Guide","card","/images/generated/blog/civil-construction-dubai-guide-2026","Civil contractor Dubai planning for warehouse and industrial construction","Suitable distinct real photograph remains to be sourced and reviewed","Missing distinct real replacement; inherited duplicate retained pending suitable photograph"
"/blog#image-75","/images/generated/blog/dubai-authority-approvals-guide-desktop.webp","/blog","Complete Guide to Civil Construction in Dubai (2026) / Warehouse Flooring Dubai: Approval Checklist","card","/images/generated/blog/dubai-authority-approvals-guide","Dubai authority approval documents for warehouse construction projects","Suitable distinct real photograph remains to be sourced and reviewed","Missing distinct real replacement; inherited duplicate retained pending suitable photograph"
"/blog#image-76","/images/generated/blog/choosing-building-contractor-dubai-desktop.webp","/blog","Complete Guide to Civil Construction in Dubai (2026) / Warehouse Flooring Dubai: Cost Factors","card","/images/generated/blog/choosing-building-contractor-dubai","Construction company Dubai team reviewing warehouse contractor scope","Suitable distinct real photograph remains to be sourced and reviewed","Missing distinct real replacement; inherited duplicate retained pending suitable photograph"
"/blog#image-77","/images/generated/blog/warehouse-construction-planning-guide-desktop.webp","/blog","Complete Guide to Civil Construction in Dubai (2026) / Warehouse Flooring Dubai: Timeline and Process","card","/images/generated/blog/warehouse-construction-planning-guide","Warehouse construction planning and contractor coordination in Dubai","Suitable distinct real photograph remains to be sourced and reviewed","Missing distinct real replacement; inherited duplicate retained pending suitable photograph"
"/blog#image-78","/images/generated/blog/civil-construction-dubai-guide-2026-desktop.webp","/blog","Complete Guide to Civil Construction in Dubai (2026) / Warehouse Flooring Dubai: Contractor Selection","card","/images/generated/blog/civil-construction-dubai-guide-2026","Civil contractor Dubai planning for warehouse and industrial construction","Suitable distinct real photograph remains to be sourced and reviewed","Missing distinct real replacement; inherited duplicate retained pending suitable photograph"
"/blog#image-79","/images/generated/blog/dubai-authority-approvals-guide-desktop.webp","/blog","Complete Guide to Civil Construction in Dubai (2026) / Warehouse Fire Fighting Dubai: Planning Guide","card","/images/generated/blog/dubai-authority-approvals-guide","Dubai authority approval documents for warehouse construction projects","Suitable distinct real photograph remains to be sourced and reviewed","Missing distinct real replacement; inherited duplicate retained pending suitable photograph"
"/blog#image-80","/images/generated/blog/choosing-building-contractor-dubai-desktop.webp","/blog","Complete Guide to Civil Construction in Dubai (2026) / Warehouse Fire Fighting Dubai: Approval Checklist","card","/images/generated/blog/choosing-building-contractor-dubai","Construction company Dubai team reviewing warehouse contractor scope","Suitable distinct real photograph remains to be sourced and reviewed","Missing distinct real replacement; inherited duplicate retained pending suitable photograph"
"/blog#image-81","/images/generated/blog/warehouse-construction-planning-guide-desktop.webp","/blog","Complete Guide to Civil Construction in Dubai (2026) / Warehouse Fire Fighting Dubai: Cost Factors","card","/images/generated/blog/warehouse-construction-planning-guide","Warehouse construction planning and contractor coordination in Dubai","Suitable distinct real photograph remains to be sourced and reviewed","Missing distinct real replacement; inherited duplicate retained pending suitable photograph"
"/blog#image-82","/images/generated/blog/civil-construction-dubai-guide-2026-desktop.webp","/blog","Complete Guide to Civil Construction in Dubai (2026) / Warehouse Fire Fighting Dubai: Timeline and Process","card","/images/generated/blog/civil-construction-dubai-guide-2026","Civil contractor Dubai planning for warehouse and industrial construction","Suitable distinct real photograph remains to be sourced and reviewed","Missing distinct real replacement; inherited duplicate retained pending suitable photograph"
"/blog#image-83","/images/generated/blog/dubai-authority-approvals-guide-desktop.webp","/blog","Complete Guide to Civil Construction in Dubai (2026) / Warehouse Fire Fighting Dubai: Contractor Selection","card","/images/generated/blog/dubai-authority-approvals-guide","Dubai authority approval documents for warehouse construction projects","Suitable distinct real photograph remains to be sourced and reviewed","Missing distinct real replacement; inherited duplicate retained pending suitable photograph"
"/blog#image-84","/images/generated/blog/choosing-building-contractor-dubai-desktop.webp","/blog","Complete Guide to Civil Construction in Dubai (2026) / Warehouse MEP Coordination Dubai: Planning Guide","card","/images/generated/blog/choosing-building-contractor-dubai","Construction company Dubai team reviewing warehouse contractor scope","Suitable distinct real photograph remains to be sourced and reviewed","Missing distinct real replacement; inherited duplicate retained pending suitable photograph"
"/blog#image-85","/images/generated/blog/warehouse-construction-planning-guide-desktop.webp","/blog","Complete Guide to Civil Construction in Dubai (2026) / Warehouse MEP Coordination Dubai: Approval Checklist","card","/images/generated/blog/warehouse-construction-planning-guide","Warehouse construction planning and contractor coordination in Dubai","Suitable distinct real photograph remains to be sourced and reviewed","Missing distinct real replacement; inherited duplicate retained pending suitable photograph"
"/blog#image-86","/images/generated/blog/civil-construction-dubai-guide-2026-desktop.webp","/blog","Complete Guide to Civil Construction in Dubai (2026) / Warehouse MEP Coordination Dubai: Cost Factors","card","/images/generated/blog/civil-construction-dubai-guide-2026","Civil contractor Dubai planning for warehouse and industrial construction","Suitable distinct real photograph remains to be sourced and reviewed","Missing distinct real replacement; inherited duplicate retained pending suitable photograph"
"/blog#image-87","/images/generated/blog/dubai-authority-approvals-guide-desktop.webp","/blog","Complete Guide to Civil Construction in Dubai (2026) / Warehouse MEP Coordination Dubai: Timeline and Process","card","/images/generated/blog/dubai-authority-approvals-guide","Dubai authority approval documents for warehouse construction projects","Suitable distinct real photograph remains to be sourced and reviewed","Missing distinct real replacement; inherited duplicate retained pending suitable photograph"
"/blog#image-88","/images/generated/blog/choosing-building-contractor-dubai-desktop.webp","/blog","Complete Guide to Civil Construction in Dubai (2026) / Warehouse MEP Coordination Dubai: Contractor Selection","card","/images/generated/blog/choosing-building-contractor-dubai","Construction company Dubai team reviewing warehouse contractor scope","Suitable distinct real photograph remains to be sourced and reviewed","Missing distinct real replacement; inherited duplicate retained pending suitable photograph"
"/blog#image-89","/images/generated/blog/warehouse-construction-planning-guide-desktop.webp","/blog","Complete Guide to Civil Construction in Dubai (2026) / Factory Construction UAE: Planning Guide","card","/images/generated/blog/warehouse-construction-planning-guide","Warehouse construction planning and contractor coordination in Dubai","Suitable distinct real photograph remains to be sourced and reviewed","Missing distinct real replacement; inherited duplicate retained pending suitable photograph"
"/blog#image-90","/images/generated/blog/civil-construction-dubai-guide-2026-desktop.webp","/blog","Complete Guide to Civil Construction in Dubai (2026) / Factory Construction UAE: Approval Checklist","card","/images/generated/blog/civil-construction-dubai-guide-2026","Civil contractor Dubai planning for warehouse and industrial construction","Suitable distinct real photograph remains to be sourced and reviewed","Missing distinct real replacement; inherited duplicate retained pending suitable photograph"
"/blog#image-91","/images/generated/blog/dubai-authority-approvals-guide-desktop.webp","/blog","Complete Guide to Civil Construction in Dubai (2026) / Factory Construction UAE: Cost Factors","card","/images/generated/blog/dubai-authority-approvals-guide","Dubai authority approval documents for warehouse construction projects","Suitable distinct real photograph remains to be sourced and reviewed","Missing distinct real replacement; inherited duplicate retained pending suitable photograph"
"/blog#image-92","/images/generated/blog/choosing-building-contractor-dubai-desktop.webp","/blog","Complete Guide to Civil Construction in Dubai (2026) / Factory Construction UAE: Timeline and Process","card","/images/generated/blog/choosing-building-contractor-dubai","Construction company Dubai team reviewing warehouse contractor scope","Suitable distinct real photograph remains to be sourced and reviewed","Missing distinct real replacement; inherited duplicate retained pending suitable photograph"
"/blog#image-93","/images/generated/blog/warehouse-construction-planning-guide-desktop.webp","/blog","Complete Guide to Civil Construction in Dubai (2026) / Factory Construction UAE: Contractor Selection","card","/images/generated/blog/warehouse-construction-planning-guide","Warehouse construction planning and contractor coordination in Dubai","Suitable distinct real photograph remains to be sourced and reviewed","Missing distinct real replacement; inherited duplicate retained pending suitable photograph"
"/blog#image-94","/images/generated/blog/civil-construction-dubai-guide-2026-desktop.webp","/blog","Complete Guide to Civil Construction in Dubai (2026) / Industrial Building Construction Dubai: Planning Guide","card","/images/generated/blog/civil-construction-dubai-guide-2026","Civil contractor Dubai planning for warehouse and industrial construction","Suitable distinct real photograph remains to be sourced and reviewed","Missing distinct real replacement; inherited duplicate retained pending suitable photograph"
"/blog#image-95","/images/generated/blog/dubai-authority-approvals-guide-desktop.webp","/blog","Complete Guide to Civil Construction in Dubai (2026) / Industrial Building Construction Dubai: Approval Checklist","card","/images/generated/blog/dubai-authority-approvals-guide","Dubai authority approval documents for warehouse construction projects","Suitable distinct real photograph remains to be sourced and reviewed","Missing distinct real replacement; inherited duplicate retained pending suitable photograph"
"/blog#image-96","/images/generated/blog/choosing-building-contractor-dubai-desktop.webp","/blog","Complete Guide to Civil Construction in Dubai (2026) / Industrial Building Construction Dubai: Cost Factors","card","/images/generated/blog/choosing-building-contractor-dubai","Construction company Dubai team reviewing warehouse contractor scope","Suitable distinct real photograph remains to be sourced and reviewed","Missing distinct real replacement; inherited duplicate retained pending suitable photograph"
"/blog#image-97","/images/generated/blog/warehouse-construction-planning-guide-desktop.webp","/blog","Complete Guide to Civil Construction in Dubai (2026) / Industrial Building Construction Dubai: Timeline and Process","card","/images/generated/blog/warehouse-construction-planning-guide","Warehouse construction planning and contractor coordination in Dubai","Suitable distinct real photograph remains to be sourced and reviewed","Missing distinct real replacement; inherited duplicate retained pending suitable photograph"
"/blog#image-98","/images/generated/blog/civil-construction-dubai-guide-2026-desktop.webp","/blog","Complete Guide to Civil Construction in Dubai (2026) / Industrial Building Construction Dubai: Contractor Selection","card","/images/generated/blog/civil-construction-dubai-guide-2026","Civil contractor Dubai planning for warehouse and industrial construction","Suitable distinct real photograph remains to be sourced and reviewed","Missing distinct real replacement; inherited duplicate retained pending suitable photograph"
"/blog#image-99","/images/generated/blog/dubai-authority-approvals-guide-desktop.webp","/blog","Complete Guide to Civil Construction in Dubai (2026) / Warehouse Cost Planning Dubai: Planning Guide","card","/images/generated/blog/dubai-authority-approvals-guide","Dubai authority approval documents for warehouse construction projects","Suitable distinct real photograph remains to be sourced and reviewed","Missing distinct real replacement; inherited duplicate retained pending suitable photograph"
"/blog#image-100","/images/generated/blog/choosing-building-contractor-dubai-desktop.webp","/blog","Complete Guide to Civil Construction in Dubai (2026) / Warehouse Cost Planning Dubai: Approval Checklist","card","/images/generated/blog/choosing-building-contractor-dubai","Construction company Dubai team reviewing warehouse contractor scope","Suitable distinct real photograph remains to be sourced and reviewed","Missing distinct real replacement; inherited duplicate retained pending suitable photograph"
"/blog#image-101","/images/generated/blog/warehouse-construction-planning-guide-desktop.webp","/blog","Complete Guide to Civil Construction in Dubai (2026) / Warehouse Cost Planning Dubai: Cost Factors","card","/images/generated/blog/warehouse-construction-planning-guide","Warehouse construction planning and contractor coordination in Dubai","Suitable distinct real photograph remains to be sourced and reviewed","Missing distinct real replacement; inherited duplicate retained pending suitable photograph"
"/blog#image-102","/images/generated/blog/civil-construction-dubai-guide-2026-desktop.webp","/blog","Complete Guide to Civil Construction in Dubai (2026) / Warehouse Cost Planning Dubai: Timeline and Process","card","/images/generated/blog/civil-construction-dubai-guide-2026","Civil contractor Dubai planning for warehouse and industrial construction","Suitable distinct real photograph remains to be sourced and reviewed","Missing distinct real replacement; inherited duplicate retained pending suitable photograph"
"/blog#image-103","/images/generated/blog/dubai-authority-approvals-guide-desktop.webp","/blog","Complete Guide to Civil Construction in Dubai (2026) / Warehouse Cost Planning Dubai: Contractor Selection","card","/images/generated/blog/dubai-authority-approvals-guide","Dubai authority approval documents for warehouse construction projects","Suitable distinct real photograph remains to be sourced and reviewed","Missing distinct real replacement; inherited duplicate retained pending suitable photograph"
"/blog#image-104","/images/generated/blog/choosing-building-contractor-dubai-desktop.webp","/blog","Complete Guide to Civil Construction in Dubai (2026) / Warehouse Project Management Dubai: Planning Guide","card","/images/generated/blog/choosing-building-contractor-dubai","Construction company Dubai team reviewing warehouse contractor scope","Suitable distinct real photograph remains to be sourced and reviewed","Missing distinct real replacement; inherited duplicate retained pending suitable photograph"
"/blog#image-105","/images/generated/blog/warehouse-construction-planning-guide-desktop.webp","/blog","Complete Guide to Civil Construction in Dubai (2026) / Warehouse Project Management Dubai: Approval Checklist","card","/images/generated/blog/warehouse-construction-planning-guide","Warehouse construction planning and contractor coordination in Dubai","Suitable distinct real photograph remains to be sourced and reviewed","Missing distinct real replacement; inherited duplicate retained pending suitable photograph"
"/blog#image-106","/images/generated/blog/civil-construction-dubai-guide-2026-desktop.webp","/blog","Complete Guide to Civil Construction in Dubai (2026) / Warehouse Project Management Dubai: Cost Factors","card","/images/generated/blog/civil-construction-dubai-guide-2026","Civil contractor Dubai planning for warehouse and industrial construction","Suitable distinct real photograph remains to be sourced and reviewed","Missing distinct real replacement; inherited duplicate retained pending suitable photograph"
"/blog#image-107","/images/generated/blog/dubai-authority-approvals-guide-desktop.webp","/blog","Complete Guide to Civil Construction in Dubai (2026) / Warehouse Project Management Dubai: Timeline and Process","card","/images/generated/blog/dubai-authority-approvals-guide","Dubai authority approval documents for warehouse construction projects","Suitable distinct real photograph remains to be sourced and reviewed","Missing distinct real replacement; inherited duplicate retained pending suitable photograph"
"/blog#image-108","/images/generated/blog/choosing-building-contractor-dubai-desktop.webp","/blog","Complete Guide to Civil Construction in Dubai (2026) / Warehouse Project Management Dubai: Contractor Selection","card","/images/generated/blog/choosing-building-contractor-dubai","Construction company Dubai team reviewing warehouse contractor scope","Suitable distinct real photograph remains to be sourced and reviewed","Missing distinct real replacement; inherited duplicate retained pending suitable photograph"
"/blog#image-109","/images/project-authority-approvals-dubai.webp","/blog","Need a construction, fit-out or authority approval route for Dubai?","section photograph","unsplash:photo-1581674662583-5e89b374fae6","Architectural plans and a notebook arranged on a worktable","Suitable distinct real photograph remains to be sourced and reviewed","Missing distinct real replacement; inherited duplicate retained pending suitable photograph"
"/blog/choose-best-building-contractor-dubai#image-3","/images/generated/blog/choosing-building-contractor-dubai-desktop.webp","/blog/choose-best-building-contractor-dubai","How to Choose the Best Building Contractor in Dubai / Transparent editorial ownership","hero","/images/generated/blog/choosing-building-contractor-dubai","Building contractor selection meeting in Dubai","Suitable distinct real photograph remains to be sourced and reviewed","Missing distinct real replacement; inherited duplicate retained pending suitable photograph"
"/blog/choose-best-building-contractor-dubai#image-4","/images/about-construction-coordination-dubai.webp","/blog/choose-best-building-contractor-dubai","Check Licensing, Authority and Compliance Readiness / Transparent editorial ownership","card","unsplash:photo-1626885930974-4b69aa21bbf9","Construction professionals overlooking reinforced concrete work on site","Suitable distinct real photograph remains to be sourced and reviewed","Missing distinct real replacement; inherited duplicate retained pending suitable photograph"
"/blog/choose-best-building-contractor-dubai#image-5","/images/project-authority-approvals-dubai.webp","/blog/choose-best-building-contractor-dubai","Look for Quality Control and Handover Discipline / Transparent editorial ownership","card","unsplash:photo-1581674662583-5e89b374fae6","Architectural plans and a notebook arranged on a worktable","Suitable distinct real photograph remains to be sourced and reviewed","Missing distinct real replacement; inherited duplicate retained pending suitable photograph"
"/blog/choose-best-building-contractor-dubai#image-6","/images/about-civil-works-dubai.webp","/blog/choose-best-building-contractor-dubai","Evaluate Project Management Communication / Transparent editorial ownership","card","unsplash:photo-1742112125630-dd2955dd6120","Two construction professionals in hard hats reviewing work beside stored materials","Suitable distinct real photograph remains to be sourced and reviewed","Missing distinct real replacement; inherited duplicate retained pending suitable photograph"
"/blog/choose-best-building-contractor-dubai#image-7","/images/internal/architectural-drawing-review.webp","/blog/choose-best-building-contractor-dubai","Why Speak With Emitronix / Transparent editorial ownership","card","unsplash:photo-1608303588026-884930af2559","Hands reviewing architectural drawings with a ruler and calculator","Suitable distinct real photograph remains to be sourced and reviewed","Missing distinct real replacement; inherited duplicate retained pending suitable photograph"
"/blog/cold-storage-warehouse-construction-approval-checklist#image-3","/images/generated/blog/dubai-authority-approvals-guide-desktop.webp","/blog/cold-storage-warehouse-construction-approval-checklist","Cold Storage Warehouse Construction: Approval Checklist / Transparent editorial ownership","hero","/images/generated/blog/dubai-authority-approvals-guide","Dubai authority approval documents for warehouse construction projects","Suitable distinct real photograph remains to be sourced and reviewed","Missing distinct real replacement; inherited duplicate retained pending suitable photograph"
"/blog/cold-storage-warehouse-construction-approval-checklist#image-4","/images/internal/architectural-drawing-review.webp","/blog/cold-storage-warehouse-construction-approval-checklist","Authority sequence and document ownership / Transparent editorial ownership","card","unsplash:photo-1608303588026-884930af2559","Hands reviewing architectural drawings with a ruler and calculator","Suitable distinct real photograph remains to be sourced and reviewed","Missing distinct real replacement; inherited duplicate retained pending suitable photograph"
"/blog/cold-storage-warehouse-construction-approval-checklist#image-5","/images/project-authority-approvals-dubai.webp","/blog/cold-storage-warehouse-construction-approval-checklist","Cost and programme reasoning for the approval checklist decision / Transparent editorial ownership","card","unsplash:photo-1581674662583-5e89b374fae6","Architectural plans and a notebook arranged on a worktable","Suitable distinct real photograph remains to be sourced and reviewed","Missing distinct real replacement; inherited duplicate retained pending suitable photograph"
"/blog/cold-storage-warehouse-construction-approval-checklist#image-6","/images/internal/project-site-coordination.webp","/blog/cold-storage-warehouse-construction-approval-checklist","What a useful first technical meeting should produce / Transparent editorial ownership","card","unsplash:photo-1742112125567-3e8967bad60f","Two construction professionals reviewing a clipboard on site","Suitable distinct real photograph remains to be sourced and reviewed","Missing distinct real replacement; inherited duplicate retained pending suitable photograph"
"/blog/cold-storage-warehouse-construction-approval-checklist#image-7","/images/sections/office-records-desk.webp","/blog/cold-storage-warehouse-construction-approval-checklist","Follow a changed cold-room brief through the approval record / Transparent editorial ownership","card","pexels:8353764","Paper documents, an open folder and computer monitors on an office desk","Suitable distinct real photograph remains to be sourced and reviewed","Missing distinct real replacement; inherited duplicate retained pending suitable photograph"
"/blog/cold-storage-warehouse-construction-contractor-selection#image-3","/images/generated/blog/civil-construction-dubai-guide-2026-desktop.webp","/blog/cold-storage-warehouse-construction-contractor-selection","Cold Storage Warehouse Construction: Contractor Selection / Transparent editorial ownership","hero","/images/generated/blog/civil-construction-dubai-guide-2026","Civil contractor Dubai planning for warehouse and industrial construction","Suitable distinct real photograph remains to be sourced and reviewed","Missing distinct real replacement; inherited duplicate retained pending suitable photograph"
"/blog/cold-storage-warehouse-construction-contractor-selection#image-4","/images/project-warehouse-industrial-dubai.webp","/blog/cold-storage-warehouse-construction-contractor-selection","Contractor Selection: define the scope before it becomes a price / Transparent editorial ownership","card","unsplash:photo-1592085198739-ffcad7f36b54","Pallet racks and stored goods inside an industrial warehouse","Suitable distinct real photograph remains to be sourced and reviewed","Missing distinct real replacement; inherited duplicate retained pending suitable photograph"
"/blog/cold-storage-warehouse-construction-contractor-selection#image-5","/images/project-authority-approvals-dubai.webp","/blog/cold-storage-warehouse-construction-contractor-selection","Engineering interfaces that control cold storage warehouse construction / Transparent editorial ownership","card","unsplash:photo-1581674662583-5e89b374fae6","Architectural plans and a notebook arranged on a worktable","Suitable distinct real photograph remains to be sourced and reviewed","Missing distinct real replacement; inherited duplicate retained pending suitable photograph"
"/blog/cold-storage-warehouse-construction-contractor-selection#image-6","/images/internal/industrial-steel-roof.webp","/blog/cold-storage-warehouse-construction-contractor-selection","How to challenge a contractor proposal / Transparent editorial ownership","card","unsplash:photo-1662120399978-738d233edbec","Workers on a scissor lift installing industrial steel roof trusses","Suitable distinct real photograph remains to be sourced and reviewed","Missing distinct real replacement; inherited duplicate retained pending suitable photograph"
"/blog/cold-storage-warehouse-construction-contractor-selection#image-7","/images/internal/project-site-coordination.webp","/blog/cold-storage-warehouse-construction-contractor-selection","What a useful first technical meeting should produce / Transparent editorial ownership","card","unsplash:photo-1742112125567-3e8967bad60f","Two construction professionals reviewing a clipboard on site","Suitable distinct real photograph remains to be sourced and reviewed","Missing distinct real replacement; inherited duplicate retained pending suitable photograph"
"/blog/cold-storage-warehouse-construction-cost-factors#image-3","/images/generated/blog/choosing-building-contractor-dubai-desktop.webp","/blog/cold-storage-warehouse-construction-cost-factors","Cold Storage Warehouse Construction: Cost Factors / Transparent editorial ownership","hero","/images/generated/blog/choosing-building-contractor-dubai","Construction company Dubai team reviewing warehouse contractor scope","Suitable distinct real photograph remains to be sourced and reviewed","Missing distinct real replacement; inherited duplicate retained pending suitable photograph"
"/blog/cold-storage-warehouse-construction-cost-factors#image-4","/images/project-warehouse-industrial-dubai.webp","/blog/cold-storage-warehouse-construction-cost-factors","Cost Factors: define the scope before it becomes a price / Transparent editorial ownership","card","unsplash:photo-1592085198739-ffcad7f36b54","Pallet racks and stored goods inside an industrial warehouse","Suitable distinct real photograph remains to be sourced and reviewed","Missing distinct real replacement; inherited duplicate retained pending suitable photograph"
"/blog/cold-storage-warehouse-construction-cost-factors#image-5","/images/project-authority-approvals-dubai.webp","/blog/cold-storage-warehouse-construction-cost-factors","Engineering interfaces that control cold storage warehouse construction / Transparent editorial ownership","card","unsplash:photo-1581674662583-5e89b374fae6","Architectural plans and a notebook arranged on a worktable","Suitable distinct real photograph remains to be sourced and reviewed","Missing distinct real replacement; inherited duplicate retained pending suitable photograph"
"/blog/cold-storage-warehouse-construction-cost-factors#image-6","/images/internal/industrial-steel-roof.webp","/blog/cold-storage-warehouse-construction-cost-factors","How to challenge a contractor proposal / Transparent editorial ownership","card","unsplash:photo-1662120399978-738d233edbec","Workers on a scissor lift installing industrial steel roof trusses","Suitable distinct real photograph remains to be sourced and reviewed","Missing distinct real replacement; inherited duplicate retained pending suitable photograph"
"/blog/cold-storage-warehouse-construction-cost-factors#image-7","/images/internal/project-site-coordination.webp","/blog/cold-storage-warehouse-construction-cost-factors","What a useful first technical meeting should produce / Transparent editorial ownership","card","unsplash:photo-1742112125567-3e8967bad60f","Two construction professionals reviewing a clipboard on site","Suitable distinct real photograph remains to be sourced and reviewed","Missing distinct real replacement; inherited duplicate retained pending suitable photograph"
"/blog/cold-storage-warehouse-construction-planning-guide#image-3","/images/generated/blog/civil-construction-dubai-guide-2026-desktop.webp","/blog/cold-storage-warehouse-construction-planning-guide","Cold Storage Warehouse Construction: Planning Guide / Transparent editorial ownership","hero","/images/generated/blog/civil-construction-dubai-guide-2026","Civil contractor Dubai planning for warehouse and industrial construction","Suitable distinct real photograph remains to be sourced and reviewed","Missing distinct real replacement; inherited duplicate retained pending suitable photograph"
"/blog/cold-storage-warehouse-construction-planning-guide#image-4","/images/project-warehouse-industrial-dubai.webp","/blog/cold-storage-warehouse-construction-planning-guide","Planning Guide: define the scope before it becomes a price / Transparent editorial ownership","card","unsplash:photo-1592085198739-ffcad7f36b54","Pallet racks and stored goods inside an industrial warehouse","Suitable distinct real photograph remains to be sourced and reviewed","Missing distinct real replacement; inherited duplicate retained pending suitable photograph"
"/blog/cold-storage-warehouse-construction-planning-guide#image-5","/images/project-authority-approvals-dubai.webp","/blog/cold-storage-warehouse-construction-planning-guide","Engineering interfaces that control cold storage warehouse construction / Transparent editorial ownership","card","unsplash:photo-1581674662583-5e89b374fae6","Architectural plans and a notebook arranged on a worktable","Suitable distinct real photograph remains to be sourced and reviewed","Missing distinct real replacement; inherited duplicate retained pending suitable photograph"
"/blog/cold-storage-warehouse-construction-planning-guide#image-6","/images/internal/industrial-steel-roof.webp","/blog/cold-storage-warehouse-construction-planning-guide","How to challenge a contractor proposal / Transparent editorial ownership","card","unsplash:photo-1662120399978-738d233edbec","Workers on a scissor lift installing industrial steel roof trusses","Suitable distinct real photograph remains to be sourced and reviewed","Missing distinct real replacement; inherited duplicate retained pending suitable photograph"
"/blog/cold-storage-warehouse-construction-planning-guide#image-7","/images/internal/project-site-coordination.webp","/blog/cold-storage-warehouse-construction-planning-guide","What a useful first technical meeting should produce / Transparent editorial ownership","card","unsplash:photo-1742112125567-3e8967bad60f","Two construction professionals reviewing a clipboard on site","Suitable distinct real photograph remains to be sourced and reviewed","Missing distinct real replacement; inherited duplicate retained pending suitable photograph"
"/blog/cold-storage-warehouse-construction-timeline-process#image-3","/images/generated/blog/warehouse-construction-planning-guide-desktop.webp","/blog/cold-storage-warehouse-construction-timeline-process","Cold Storage Warehouse Construction: Timeline and Process / Transparent editorial ownership","hero","/images/generated/blog/warehouse-construction-planning-guide","Warehouse construction planning and contractor coordination in Dubai","Suitable distinct real photograph remains to be sourced and reviewed","Missing distinct real replacement; inherited duplicate retained pending suitable photograph"
"/blog/cold-storage-warehouse-construction-timeline-process#image-4","/images/project-warehouse-industrial-dubai.webp","/blog/cold-storage-warehouse-construction-timeline-process","Authority sequence and document ownership / Transparent editorial ownership","card","unsplash:photo-1592085198739-ffcad7f36b54","Pallet racks and stored goods inside an industrial warehouse","Suitable distinct real photograph remains to be sourced and reviewed","Missing distinct real replacement; inherited duplicate retained pending suitable photograph"
"/blog/cold-storage-warehouse-construction-timeline-process#image-5","/images/project-authority-approvals-dubai.webp","/blog/cold-storage-warehouse-construction-timeline-process","Cost and programme reasoning for the timeline and process decision / Transparent editorial ownership","card","unsplash:photo-1581674662583-5e89b374fae6","Architectural plans and a notebook arranged on a worktable","Suitable distinct real photograph remains to be sourced and reviewed","Missing distinct real replacement; inherited duplicate retained pending suitable photograph"
"/blog/cold-storage-warehouse-construction-timeline-process#image-6","/images/internal/industrial-steel-roof.webp","/blog/cold-storage-warehouse-construction-timeline-process","What a useful first technical meeting should produce / Transparent editorial ownership","card","unsplash:photo-1662120399978-738d233edbec","Workers on a scissor lift installing industrial steel roof trusses","Suitable distinct real photograph remains to be sourced and reviewed","Missing distinct real replacement; inherited duplicate retained pending suitable photograph"
"/blog/cold-storage-warehouse-construction-timeline-process#image-7","/images/internal/project-site-coordination.webp","/blog/cold-storage-warehouse-construction-timeline-process","Distinguish installation completion from operational handover / Transparent editorial ownership","card","unsplash:photo-1742112125567-3e8967bad60f","Two construction professionals reviewing a clipboard on site","Suitable distinct real photograph remains to be sourced and reviewed","Missing distinct real replacement; inherited duplicate retained pending suitable photograph"
"/blog/complete-guide-civil-construction-dubai-2026#image-3","/images/generated/blog/civil-construction-dubai-guide-2026-desktop.webp","/blog/complete-guide-civil-construction-dubai-2026","Complete Guide to Civil Construction in Dubai (2026) / Transparent editorial ownership","hero","/images/generated/blog/civil-construction-dubai-guide-2026","Civil construction planning scene in Dubai","Suitable distinct real photograph remains to be sourced and reviewed","Missing distinct real replacement; inherited duplicate retained pending suitable photograph"
"/blog/complete-guide-civil-construction-dubai-2026#image-4","/images/civil-contractor-dubai-construction-site.webp","/blog/complete-guide-civil-construction-dubai-2026","The 2026 Civil Construction Process / Transparent editorial ownership","card","unsplash:photo-1541888946425-d81bb19240f5","Construction team standing beside a large reinforced foundation slab","Suitable distinct real photograph remains to be sourced and reviewed","Missing distinct real replacement; inherited duplicate retained pending suitable photograph"
"/blog/complete-guide-civil-construction-dubai-2026#image-5","/images/internal/architectural-drawing-review.webp","/blog/complete-guide-civil-construction-dubai-2026","Planning Information Owners Should Prepare / Transparent editorial ownership","card","unsplash:photo-1608303588026-884930af2559","Hands reviewing architectural drawings with a ruler and calculator","Suitable distinct real photograph remains to be sourced and reviewed","Missing distinct real replacement; inherited duplicate retained pending suitable photograph"
"/blog/complete-guide-civil-construction-dubai-2026#image-6","/images/internal/structural-reinforcement.webp","/blog/complete-guide-civil-construction-dubai-2026","Timeline Factors and Common Delay Points / Transparent editorial ownership","card","unsplash:photo-1768677903496-becc4be07258","Construction worker inspecting a dense reinforcement grid before concrete placement","Suitable distinct real photograph remains to be sourced and reviewed","Missing distinct real replacement; inherited duplicate retained pending suitable photograph"
"/blog/complete-guide-civil-construction-dubai-2026#image-7","/images/internal/project-site-coordination.webp","/blog/complete-guide-civil-construction-dubai-2026","Why Owners Speak With Emitronix / Transparent editorial ownership","card","unsplash:photo-1742112125567-3e8967bad60f","Two construction professionals reviewing a clipboard on site","Suitable distinct real photograph remains to be sourced and reviewed","Missing distinct real replacement; inherited duplicate retained pending suitable photograph"
"/blog/dubai-authority-approvals-dewa-dubai-municipality-dcd-trakhees#image-3","/images/generated/blog/dubai-authority-approvals-guide-desktop.webp","/blog/dubai-authority-approvals-dewa-dubai-municipality-dcd-trakhees","Dubai Authority Approvals Explained: DEWA, Dubai Municipality, DCD & Trakhees / Transparent editorial ownership","hero","/images/generated/blog/dubai-authority-approvals-guide","Dubai authority approvals document coordination","Suitable distinct real photograph remains to be sourced and reviewed","Missing distinct real replacement; inherited duplicate retained pending suitable photograph"
"/blog/dubai-authority-approvals-dewa-dubai-municipality-dcd-trakhees#image-4","/images/internal/fire-sprinkler-pipework.webp","/blog/dubai-authority-approvals-dewa-dubai-municipality-dcd-trakhees","DEWA Approval and Utility Coordination / Transparent editorial ownership","card","pexels:37352142","Red sprinkler risers with control valves and gauges on an industrial building","Suitable distinct real photograph remains to be sourced and reviewed","Missing distinct real replacement; inherited duplicate retained pending suitable photograph"
"/blog/dubai-authority-approvals-dewa-dubai-municipality-dcd-trakhees#image-5","/images/internal/architectural-drawing-review.webp","/blog/dubai-authority-approvals-dewa-dubai-municipality-dcd-trakhees","Trakhees and Free Zone Approval Workflows / Transparent editorial ownership","card","unsplash:photo-1608303588026-884930af2559","Hands reviewing architectural drawings with a ruler and calculator","Suitable distinct real photograph remains to be sourced and reviewed","Missing distinct real replacement; inherited duplicate retained pending suitable photograph"
"/blog/dubai-authority-approvals-dewa-dubai-municipality-dcd-trakhees#image-6","/images/project-mep-coordination-dubai.webp","/blog/dubai-authority-approvals-dewa-dubai-municipality-dcd-trakhees","Common Approval Mistakes / Transparent editorial ownership","card","unsplash:photo-1778514825784-0659eaf8e7a2","Water pipes and electrical conduits during building services installation","Suitable distinct real photograph remains to be sourced and reviewed","Missing distinct real replacement; inherited duplicate retained pending suitable photograph"
"/blog/dubai-authority-approvals-dewa-dubai-municipality-dcd-trakhees#image-7","/images/internal/project-site-coordination.webp","/blog/dubai-authority-approvals-dewa-dubai-municipality-dcd-trakhees","Expert Tips for Faster Approval Readiness / Transparent editorial ownership","card","unsplash:photo-1742112125567-3e8967bad60f","Two construction professionals reviewing a clipboard on site","Suitable distinct real photograph remains to be sourced and reviewed","Missing distinct real replacement; inherited duplicate retained pending suitable photograph"
"/blog/factory-construction-uae-approval-checklist#image-3","/images/generated/blog/civil-construction-dubai-guide-2026-desktop.webp","/blog/factory-construction-uae-approval-checklist","Factory Construction UAE: Approval Checklist / Transparent editorial ownership","hero","/images/generated/blog/civil-construction-dubai-guide-2026","Civil contractor Dubai planning for warehouse and industrial construction","Suitable distinct real photograph remains to be sourced and reviewed","Missing distinct real replacement; inherited duplicate retained pending suitable photograph"
"/blog/factory-construction-uae-approval-checklist#image-4","/images/internal/architectural-drawing-review.webp","/blog/factory-construction-uae-approval-checklist","Authority sequence and document ownership / Transparent editorial ownership","card","unsplash:photo-1608303588026-884930af2559","Hands reviewing architectural drawings with a ruler and calculator","Suitable distinct real photograph remains to be sourced and reviewed","Missing distinct real replacement; inherited duplicate retained pending suitable photograph"
"/blog/factory-construction-uae-approval-checklist#image-5","/images/project-authority-approvals-dubai.webp","/blog/factory-construction-uae-approval-checklist","Cost and programme reasoning for the approval checklist decision / Transparent editorial ownership","card","unsplash:photo-1581674662583-5e89b374fae6","Architectural plans and a notebook arranged on a worktable","Suitable distinct real photograph remains to be sourced and reviewed","Missing distinct real replacement; inherited duplicate retained pending suitable photograph"
"/blog/factory-construction-uae-approval-checklist#image-6","/images/internal/project-site-coordination.webp","/blog/factory-construction-uae-approval-checklist","What a useful first technical meeting should produce / Transparent editorial ownership","card","unsplash:photo-1742112125567-3e8967bad60f","Two construction professionals reviewing a clipboard on site","Suitable distinct real photograph remains to be sourced and reviewed","Missing distinct real replacement; inherited duplicate retained pending suitable photograph"
"/blog/factory-construction-uae-approval-checklist#image-7","/images/sections/office-records-desk.webp","/blog/factory-construction-uae-approval-checklist","Resolve the UAE location before assigning submission responsibilities / Transparent editorial ownership","card","pexels:8353764","Paper documents, an open folder and computer monitors on an office desk","Suitable distinct real photograph remains to be sourced and reviewed","Missing distinct real replacement; inherited duplicate retained pending suitable photograph"
"/blog/factory-construction-uae-contractor-selection#image-3","/images/generated/blog/warehouse-construction-planning-guide-desktop.webp","/blog/factory-construction-uae-contractor-selection","Factory Construction UAE: Contractor Selection / Transparent editorial ownership","hero","/images/generated/blog/warehouse-construction-planning-guide","Warehouse construction planning and contractor coordination in Dubai","Suitable distinct real photograph remains to be sourced and reviewed","Missing distinct real replacement; inherited duplicate retained pending suitable photograph"
"/blog/factory-construction-uae-contractor-selection#image-4","/images/project-warehouse-industrial-dubai.webp","/blog/factory-construction-uae-contractor-selection","Contractor Selection: define the scope before it becomes a price / Transparent editorial ownership","card","unsplash:photo-1592085198739-ffcad7f36b54","Pallet racks and stored goods inside an industrial warehouse","Suitable distinct real photograph remains to be sourced and reviewed","Missing distinct real replacement; inherited duplicate retained pending suitable photograph"
"/blog/factory-construction-uae-contractor-selection#image-5","/images/project-authority-approvals-dubai.webp","/blog/factory-construction-uae-contractor-selection","Engineering interfaces that control factory construction uae / Transparent editorial ownership","card","unsplash:photo-1581674662583-5e89b374fae6","Architectural plans and a notebook arranged on a worktable","Suitable distinct real photograph remains to be sourced and reviewed","Missing distinct real replacement; inherited duplicate retained pending suitable photograph"
"/blog/factory-construction-uae-contractor-selection#image-6","/images/internal/industrial-steel-roof.webp","/blog/factory-construction-uae-contractor-selection","How to challenge a contractor proposal / Transparent editorial ownership","card","unsplash:photo-1662120399978-738d233edbec","Workers on a scissor lift installing industrial steel roof trusses","Suitable distinct real photograph remains to be sourced and reviewed","Missing distinct real replacement; inherited duplicate retained pending suitable photograph"
"/blog/factory-construction-uae-contractor-selection#image-7","/images/internal/project-site-coordination.webp","/blog/factory-construction-uae-contractor-selection","What a useful first technical meeting should produce / Transparent editorial ownership","card","unsplash:photo-1742112125567-3e8967bad60f","Two construction professionals reviewing a clipboard on site","Suitable distinct real photograph remains to be sourced and reviewed","Missing distinct real replacement; inherited duplicate retained pending suitable photograph"
"/blog/factory-construction-uae-cost-factors#image-3","/images/generated/blog/dubai-authority-approvals-guide-desktop.webp","/blog/factory-construction-uae-cost-factors","Factory Construction UAE: Cost Factors / Transparent editorial ownership","hero","/images/generated/blog/dubai-authority-approvals-guide","Dubai authority approval documents for warehouse construction projects","Suitable distinct real photograph remains to be sourced and reviewed","Missing distinct real replacement; inherited duplicate retained pending suitable photograph"
"/blog/factory-construction-uae-cost-factors#image-4","/images/project-warehouse-industrial-dubai.webp","/blog/factory-construction-uae-cost-factors","Cost Factors: define the scope before it becomes a price / Transparent editorial ownership","card","unsplash:photo-1592085198739-ffcad7f36b54","Pallet racks and stored goods inside an industrial warehouse","Suitable distinct real photograph remains to be sourced and reviewed","Missing distinct real replacement; inherited duplicate retained pending suitable photograph"
"/blog/factory-construction-uae-cost-factors#image-5","/images/project-authority-approvals-dubai.webp","/blog/factory-construction-uae-cost-factors","Engineering interfaces that control factory construction uae / Transparent editorial ownership","card","unsplash:photo-1581674662583-5e89b374fae6","Architectural plans and a notebook arranged on a worktable","Suitable distinct real photograph remains to be sourced and reviewed","Missing distinct real replacement; inherited duplicate retained pending suitable photograph"
"/blog/factory-construction-uae-cost-factors#image-6","/images/internal/industrial-steel-roof.webp","/blog/factory-construction-uae-cost-factors","How to challenge a contractor proposal / Transparent editorial ownership","card","unsplash:photo-1662120399978-738d233edbec","Workers on a scissor lift installing industrial steel roof trusses","Suitable distinct real photograph remains to be sourced and reviewed","Missing distinct real replacement; inherited duplicate retained pending suitable photograph"
"/blog/factory-construction-uae-cost-factors#image-7","/images/internal/project-site-coordination.webp","/blog/factory-construction-uae-cost-factors","What a useful first technical meeting should produce / Transparent editorial ownership","card","unsplash:photo-1742112125567-3e8967bad60f","Two construction professionals reviewing a clipboard on site","Suitable distinct real photograph remains to be sourced and reviewed","Missing distinct real replacement; inherited duplicate retained pending suitable photograph"
"/blog/factory-construction-uae-planning-guide#image-3","/images/generated/blog/warehouse-construction-planning-guide-desktop.webp","/blog/factory-construction-uae-planning-guide","Factory Construction UAE: Planning Guide / Transparent editorial ownership","hero","/images/generated/blog/warehouse-construction-planning-guide","Warehouse construction planning and contractor coordination in Dubai","Suitable distinct real photograph remains to be sourced and reviewed","Missing distinct real replacement; inherited duplicate retained pending suitable photograph"
"/blog/factory-construction-uae-planning-guide#image-4","/images/project-warehouse-industrial-dubai.webp","/blog/factory-construction-uae-planning-guide","Planning Guide: define the scope before it becomes a price / Transparent editorial ownership","card","unsplash:photo-1592085198739-ffcad7f36b54","Pallet racks and stored goods inside an industrial warehouse","Suitable distinct real photograph remains to be sourced and reviewed","Missing distinct real replacement; inherited duplicate retained pending suitable photograph"
"/blog/factory-construction-uae-planning-guide#image-5","/images/project-authority-approvals-dubai.webp","/blog/factory-construction-uae-planning-guide","Engineering interfaces that control factory construction uae / Transparent editorial ownership","card","unsplash:photo-1581674662583-5e89b374fae6","Architectural plans and a notebook arranged on a worktable","Suitable distinct real photograph remains to be sourced and reviewed","Missing distinct real replacement; inherited duplicate retained pending suitable photograph"
"/blog/factory-construction-uae-planning-guide#image-6","/images/internal/industrial-steel-roof.webp","/blog/factory-construction-uae-planning-guide","How to challenge a contractor proposal / Transparent editorial ownership","card","unsplash:photo-1662120399978-738d233edbec","Workers on a scissor lift installing industrial steel roof trusses","Suitable distinct real photograph remains to be sourced and reviewed","Missing distinct real replacement; inherited duplicate retained pending suitable photograph"
"/blog/factory-construction-uae-planning-guide#image-7","/images/internal/project-site-coordination.webp","/blog/factory-construction-uae-planning-guide","What a useful first technical meeting should produce / Transparent editorial ownership","card","unsplash:photo-1742112125567-3e8967bad60f","Two construction professionals reviewing a clipboard on site","Suitable distinct real photograph remains to be sourced and reviewed","Missing distinct real replacement; inherited duplicate retained pending suitable photograph"
"/blog/factory-construction-uae-timeline-process#image-3","/images/generated/blog/choosing-building-contractor-dubai-desktop.webp","/blog/factory-construction-uae-timeline-process","Factory Construction UAE: Timeline and Process / Transparent editorial ownership","hero","/images/generated/blog/choosing-building-contractor-dubai","Construction company Dubai team reviewing warehouse contractor scope","Suitable distinct real photograph remains to be sourced and reviewed","Missing distinct real replacement; inherited duplicate retained pending suitable photograph"
"/blog/factory-construction-uae-timeline-process#image-4","/images/project-warehouse-industrial-dubai.webp","/blog/factory-construction-uae-timeline-process","Timeline and Process: define the scope before it becomes a price / Transparent editorial ownership","card","unsplash:photo-1592085198739-ffcad7f36b54","Pallet racks and stored goods inside an industrial warehouse","Suitable distinct real photograph remains to be sourced and reviewed","Missing distinct real replacement; inherited duplicate retained pending suitable photograph"
"/blog/factory-construction-uae-timeline-process#image-5","/images/project-authority-approvals-dubai.webp","/blog/factory-construction-uae-timeline-process","Engineering interfaces that control factory construction uae / Transparent editorial ownership","card","unsplash:photo-1581674662583-5e89b374fae6","Architectural plans and a notebook arranged on a worktable","Suitable distinct real photograph remains to be sourced and reviewed","Missing distinct real replacement; inherited duplicate retained pending suitable photograph"
"/blog/factory-construction-uae-timeline-process#image-6","/images/internal/industrial-steel-roof.webp","/blog/factory-construction-uae-timeline-process","How to challenge a contractor proposal / Transparent editorial ownership","card","unsplash:photo-1662120399978-738d233edbec","Workers on a scissor lift installing industrial steel roof trusses","Suitable distinct real photograph remains to be sourced and reviewed","Missing distinct real replacement; inherited duplicate retained pending suitable photograph"
"/blog/factory-construction-uae-timeline-process#image-7","/images/internal/project-site-coordination.webp","/blog/factory-construction-uae-timeline-process","What a useful first technical meeting should produce / Transparent editorial ownership","card","unsplash:photo-1742112125567-3e8967bad60f","Two construction professionals reviewing a clipboard on site","Suitable distinct real photograph remains to be sourced and reviewed","Missing distinct real replacement; inherited duplicate retained pending suitable photograph"
"/blog/industrial-building-construction-dubai-approval-checklist#image-3","/images/generated/blog/dubai-authority-approvals-guide-desktop.webp","/blog/industrial-building-construction-dubai-approval-checklist","Industrial Building Construction Dubai: Approval Checklist / Transparent editorial ownership","hero","/images/generated/blog/dubai-authority-approvals-guide","Dubai authority approval documents for warehouse construction projects","Suitable distinct real photograph remains to be sourced and reviewed","Missing distinct real replacement; inherited duplicate retained pending suitable photograph"
"/blog/industrial-building-construction-dubai-approval-checklist#image-4","/images/internal/architectural-drawing-review.webp","/blog/industrial-building-construction-dubai-approval-checklist","Authority sequence and document ownership / Transparent editorial ownership","card","unsplash:photo-1608303588026-884930af2559","Hands reviewing architectural drawings with a ruler and calculator","Suitable distinct real photograph remains to be sourced and reviewed","Missing distinct real replacement; inherited duplicate retained pending suitable photograph"
"/blog/industrial-building-construction-dubai-approval-checklist#image-5","/images/project-authority-approvals-dubai.webp","/blog/industrial-building-construction-dubai-approval-checklist","Cost and programme reasoning for the approval checklist decision / Transparent editorial ownership","card","unsplash:photo-1581674662583-5e89b374fae6","Architectural plans and a notebook arranged on a worktable","Suitable distinct real photograph remains to be sourced and reviewed","Missing distinct real replacement; inherited duplicate retained pending suitable photograph"
"/blog/industrial-building-construction-dubai-approval-checklist#image-6","/images/internal/project-site-coordination.webp","/blog/industrial-building-construction-dubai-approval-checklist","What a useful first technical meeting should produce / Transparent editorial ownership","card","unsplash:photo-1742112125567-3e8967bad60f","Two construction professionals reviewing a clipboard on site","Suitable distinct real photograph remains to be sourced and reviewed","Missing distinct real replacement; inherited duplicate retained pending suitable photograph"
"/blog/industrial-building-construction-dubai-approval-checklist#image-7","/images/sections/office-records-desk.webp","/blog/industrial-building-construction-dubai-approval-checklist","Allocate the interface between shell work and occupier work / Transparent editorial ownership","card","pexels:8353764","Paper documents, an open folder and computer monitors on an office desk","Suitable distinct real photograph remains to be sourced and reviewed","Missing distinct real replacement; inherited duplicate retained pending suitable photograph"
"/blog/industrial-building-construction-dubai-contractor-selection#image-3","/images/generated/blog/civil-construction-dubai-guide-2026-desktop.webp","/blog/industrial-building-construction-dubai-contractor-selection","Industrial Building Construction Dubai: Contractor Selection / Transparent editorial ownership","hero","/images/generated/blog/civil-construction-dubai-guide-2026","Civil contractor Dubai planning for warehouse and industrial construction","Suitable distinct real photograph remains to be sourced and reviewed","Missing distinct real replacement; inherited duplicate retained pending suitable photograph"
"/blog/industrial-building-construction-dubai-contractor-selection#image-4","/images/project-warehouse-industrial-dubai.webp","/blog/industrial-building-construction-dubai-contractor-selection","Contractor Selection: define the scope before it becomes a price / Transparent editorial ownership","card","unsplash:photo-1592085198739-ffcad7f36b54","Pallet racks and stored goods inside an industrial warehouse","Suitable distinct real photograph remains to be sourced and reviewed","Missing distinct real replacement; inherited duplicate retained pending suitable photograph"
"/blog/industrial-building-construction-dubai-contractor-selection#image-5","/images/project-authority-approvals-dubai.webp","/blog/industrial-building-construction-dubai-contractor-selection","Engineering interfaces that control industrial building construction dubai / Transparent editorial ownership","card","unsplash:photo-1581674662583-5e89b374fae6","Architectural plans and a notebook arranged on a worktable","Suitable distinct real photograph remains to be sourced and reviewed","Missing distinct real replacement; inherited duplicate retained pending suitable photograph"
"/blog/industrial-building-construction-dubai-contractor-selection#image-6","/images/internal/industrial-steel-roof.webp","/blog/industrial-building-construction-dubai-contractor-selection","How to challenge a contractor proposal / Transparent editorial ownership","card","unsplash:photo-1662120399978-738d233edbec","Workers on a scissor lift installing industrial steel roof trusses","Suitable distinct real photograph remains to be sourced and reviewed","Missing distinct real replacement; inherited duplicate retained pending suitable photograph"
"/blog/industrial-building-construction-dubai-contractor-selection#image-7","/images/internal/project-site-coordination.webp","/blog/industrial-building-construction-dubai-contractor-selection","What a useful first technical meeting should produce / Transparent editorial ownership","card","unsplash:photo-1742112125567-3e8967bad60f","Two construction professionals reviewing a clipboard on site","Suitable distinct real photograph remains to be sourced and reviewed","Missing distinct real replacement; inherited duplicate retained pending suitable photograph"
"/blog/industrial-building-construction-dubai-cost-factors#image-3","/images/generated/blog/choosing-building-contractor-dubai-desktop.webp","/blog/industrial-building-construction-dubai-cost-factors","Industrial Building Construction Dubai: Cost Factors / Transparent editorial ownership","hero","/images/generated/blog/choosing-building-contractor-dubai","Construction company Dubai team reviewing warehouse contractor scope","Suitable distinct real photograph remains to be sourced and reviewed","Missing distinct real replacement; inherited duplicate retained pending suitable photograph"
"/blog/industrial-building-construction-dubai-cost-factors#image-4","/images/project-warehouse-industrial-dubai.webp","/blog/industrial-building-construction-dubai-cost-factors","Cost Factors: define the scope before it becomes a price / Transparent editorial ownership","card","unsplash:photo-1592085198739-ffcad7f36b54","Pallet racks and stored goods inside an industrial warehouse","Suitable distinct real photograph remains to be sourced and reviewed","Missing distinct real replacement; inherited duplicate retained pending suitable photograph"
"/blog/industrial-building-construction-dubai-cost-factors#image-5","/images/project-authority-approvals-dubai.webp","/blog/industrial-building-construction-dubai-cost-factors","Engineering interfaces that control industrial building construction dubai / Transparent editorial ownership","card","unsplash:photo-1581674662583-5e89b374fae6","Architectural plans and a notebook arranged on a worktable","Suitable distinct real photograph remains to be sourced and reviewed","Missing distinct real replacement; inherited duplicate retained pending suitable photograph"
"/blog/industrial-building-construction-dubai-cost-factors#image-6","/images/internal/industrial-steel-roof.webp","/blog/industrial-building-construction-dubai-cost-factors","How to challenge a contractor proposal / Transparent editorial ownership","card","unsplash:photo-1662120399978-738d233edbec","Workers on a scissor lift installing industrial steel roof trusses","Suitable distinct real photograph remains to be sourced and reviewed","Missing distinct real replacement; inherited duplicate retained pending suitable photograph"
"/blog/industrial-building-construction-dubai-cost-factors#image-7","/images/internal/project-site-coordination.webp","/blog/industrial-building-construction-dubai-cost-factors","What a useful first technical meeting should produce / Transparent editorial ownership","card","unsplash:photo-1742112125567-3e8967bad60f","Two construction professionals reviewing a clipboard on site","Suitable distinct real photograph remains to be sourced and reviewed","Missing distinct real replacement; inherited duplicate retained pending suitable photograph"
"/blog/industrial-building-construction-dubai-planning-guide#image-3","/images/generated/blog/civil-construction-dubai-guide-2026-desktop.webp","/blog/industrial-building-construction-dubai-planning-guide","Industrial Building Construction Dubai: Planning Guide / Transparent editorial ownership","hero","/images/generated/blog/civil-construction-dubai-guide-2026","Civil contractor Dubai planning for warehouse and industrial construction","Suitable distinct real photograph remains to be sourced and reviewed","Missing distinct real replacement; inherited duplicate retained pending suitable photograph"
"/blog/industrial-building-construction-dubai-planning-guide#image-4","/images/project-warehouse-industrial-dubai.webp","/blog/industrial-building-construction-dubai-planning-guide","Planning Guide: define the scope before it becomes a price / Transparent editorial ownership","card","unsplash:photo-1592085198739-ffcad7f36b54","Pallet racks and stored goods inside an industrial warehouse","Suitable distinct real photograph remains to be sourced and reviewed","Missing distinct real replacement; inherited duplicate retained pending suitable photograph"
"/blog/industrial-building-construction-dubai-planning-guide#image-5","/images/project-authority-approvals-dubai.webp","/blog/industrial-building-construction-dubai-planning-guide","Engineering interfaces that control industrial building construction dubai / Transparent editorial ownership","card","unsplash:photo-1581674662583-5e89b374fae6","Architectural plans and a notebook arranged on a worktable","Suitable distinct real photograph remains to be sourced and reviewed","Missing distinct real replacement; inherited duplicate retained pending suitable photograph"
"/blog/industrial-building-construction-dubai-planning-guide#image-6","/images/internal/industrial-steel-roof.webp","/blog/industrial-building-construction-dubai-planning-guide","How to challenge a contractor proposal / Transparent editorial ownership","card","unsplash:photo-1662120399978-738d233edbec","Workers on a scissor lift installing industrial steel roof trusses","Suitable distinct real photograph remains to be sourced and reviewed","Missing distinct real replacement; inherited duplicate retained pending suitable photograph"
"/blog/industrial-building-construction-dubai-planning-guide#image-7","/images/internal/project-site-coordination.webp","/blog/industrial-building-construction-dubai-planning-guide","What a useful first technical meeting should produce / Transparent editorial ownership","card","unsplash:photo-1742112125567-3e8967bad60f","Two construction professionals reviewing a clipboard on site","Suitable distinct real photograph remains to be sourced and reviewed","Missing distinct real replacement; inherited duplicate retained pending suitable photograph"
"/blog/industrial-building-construction-dubai-timeline-process#image-3","/images/generated/blog/warehouse-construction-planning-guide-desktop.webp","/blog/industrial-building-construction-dubai-timeline-process","Industrial Building Construction Dubai: Timeline and Process / Transparent editorial ownership","hero","/images/generated/blog/warehouse-construction-planning-guide","Warehouse construction planning and contractor coordination in Dubai","Suitable distinct real photograph remains to be sourced and reviewed","Missing distinct real replacement; inherited duplicate retained pending suitable photograph"
"/blog/industrial-building-construction-dubai-timeline-process#image-4","/images/project-warehouse-industrial-dubai.webp","/blog/industrial-building-construction-dubai-timeline-process","Timeline and Process: define the scope before it becomes a price / Transparent editorial ownership","card","unsplash:photo-1592085198739-ffcad7f36b54","Pallet racks and stored goods inside an industrial warehouse","Suitable distinct real photograph remains to be sourced and reviewed","Missing distinct real replacement; inherited duplicate retained pending suitable photograph"
"/blog/industrial-building-construction-dubai-timeline-process#image-5","/images/project-authority-approvals-dubai.webp","/blog/industrial-building-construction-dubai-timeline-process","Engineering interfaces that control industrial building construction dubai / Transparent editorial ownership","card","unsplash:photo-1581674662583-5e89b374fae6","Architectural plans and a notebook arranged on a worktable","Suitable distinct real photograph remains to be sourced and reviewed","Missing distinct real replacement; inherited duplicate retained pending suitable photograph"
"/blog/industrial-building-construction-dubai-timeline-process#image-6","/images/internal/industrial-steel-roof.webp","/blog/industrial-building-construction-dubai-timeline-process","How to challenge a contractor proposal / Transparent editorial ownership","card","unsplash:photo-1662120399978-738d233edbec","Workers on a scissor lift installing industrial steel roof trusses","Suitable distinct real photograph remains to be sourced and reviewed","Missing distinct real replacement; inherited duplicate retained pending suitable photograph"
"/blog/industrial-building-construction-dubai-timeline-process#image-7","/images/internal/project-site-coordination.webp","/blog/industrial-building-construction-dubai-timeline-process","What a useful first technical meeting should produce / Transparent editorial ownership","card","unsplash:photo-1742112125567-3e8967bad60f","Two construction professionals reviewing a clipboard on site","Suitable distinct real photograph remains to be sourced and reviewed","Missing distinct real replacement; inherited duplicate retained pending suitable photograph"
"/blog/industrial-warehouse-construction-uae-approval-checklist#image-3","/images/generated/blog/choosing-building-contractor-dubai-desktop.webp","/blog/industrial-warehouse-construction-uae-approval-checklist","Industrial Warehouse Construction UAE: Approval Checklist / Transparent editorial ownership","hero","/images/generated/blog/choosing-building-contractor-dubai","Construction company Dubai team reviewing warehouse contractor scope","Suitable distinct real photograph remains to be sourced and reviewed","Missing distinct real replacement; inherited duplicate retained pending suitable photograph"
"/blog/industrial-warehouse-construction-uae-approval-checklist#image-4","/images/internal/architectural-drawing-review.webp","/blog/industrial-warehouse-construction-uae-approval-checklist","Approval Checklist: define the scope before it becomes a price / Transparent editorial ownership","card","unsplash:photo-1608303588026-884930af2559","Hands reviewing architectural drawings with a ruler and calculator","Suitable distinct real photograph remains to be sourced and reviewed","Missing distinct real replacement; inherited duplicate retained pending suitable photograph"
"/blog/industrial-warehouse-construction-uae-approval-checklist#image-5","/images/project-authority-approvals-dubai.webp","/blog/industrial-warehouse-construction-uae-approval-checklist","Engineering interfaces that control industrial warehouse construction uae / Transparent editorial ownership","card","unsplash:photo-1581674662583-5e89b374fae6","Architectural plans and a notebook arranged on a worktable","Suitable distinct real photograph remains to be sourced and reviewed","Missing distinct real replacement; inherited duplicate retained pending suitable photograph"
"/blog/industrial-warehouse-construction-uae-approval-checklist#image-6","/images/internal/project-site-coordination.webp","/blog/industrial-warehouse-construction-uae-approval-checklist","How to challenge a contractor proposal / Transparent editorial ownership","card","unsplash:photo-1742112125567-3e8967bad60f","Two construction professionals reviewing a clipboard on site","Suitable distinct real photograph remains to be sourced and reviewed","Missing distinct real replacement; inherited duplicate retained pending suitable photograph"
"/blog/industrial-warehouse-construction-uae-approval-checklist#image-7","/images/sections/office-records-desk.webp","/blog/industrial-warehouse-construction-uae-approval-checklist","What a useful first technical meeting should produce / Transparent editorial ownership","card","pexels:8353764","Paper documents, an open folder and computer monitors on an office desk","Suitable distinct real photograph remains to be sourced and reviewed","Missing distinct real replacement; inherited duplicate retained pending suitable photograph"
"/blog/industrial-warehouse-construction-uae-contractor-selection#image-3","/images/generated/blog/dubai-authority-approvals-guide-desktop.webp","/blog/industrial-warehouse-construction-uae-contractor-selection","Industrial Warehouse Construction UAE: Contractor Selection / Transparent editorial ownership","hero","/images/generated/blog/dubai-authority-approvals-guide","Dubai authority approval documents for warehouse construction projects","Suitable distinct real photograph remains to be sourced and reviewed","Missing distinct real replacement; inherited duplicate retained pending suitable photograph"
"/blog/industrial-warehouse-construction-uae-contractor-selection#image-4","/images/project-warehouse-industrial-dubai.webp","/blog/industrial-warehouse-construction-uae-contractor-selection","Authority sequence and document ownership / Transparent editorial ownership","card","unsplash:photo-1592085198739-ffcad7f36b54","Pallet racks and stored goods inside an industrial warehouse","Suitable distinct real photograph remains to be sourced and reviewed","Missing distinct real replacement; inherited duplicate retained pending suitable photograph"
"/blog/industrial-warehouse-construction-uae-contractor-selection#image-5","/images/project-authority-approvals-dubai.webp","/blog/industrial-warehouse-construction-uae-contractor-selection","Cost and programme reasoning for the contractor selection decision / Transparent editorial ownership","card","unsplash:photo-1581674662583-5e89b374fae6","Architectural plans and a notebook arranged on a worktable","Suitable distinct real photograph remains to be sourced and reviewed","Missing distinct real replacement; inherited duplicate retained pending suitable photograph"
"/blog/industrial-warehouse-construction-uae-contractor-selection#image-6","/images/internal/industrial-steel-roof.webp","/blog/industrial-warehouse-construction-uae-contractor-selection","What a useful first technical meeting should produce / Transparent editorial ownership","card","unsplash:photo-1662120399978-738d233edbec","Workers on a scissor lift installing industrial steel roof trusses","Suitable distinct real photograph remains to be sourced and reviewed","Missing distinct real replacement; inherited duplicate retained pending suitable photograph"
"/blog/industrial-warehouse-construction-uae-contractor-selection#image-7","/images/internal/project-site-coordination.webp","/blog/industrial-warehouse-construction-uae-contractor-selection","Use a changed-layout exercise during the contractor interview / Transparent editorial ownership","card","unsplash:photo-1742112125567-3e8967bad60f","Two construction professionals reviewing a clipboard on site","Suitable distinct real photograph remains to be sourced and reviewed","Missing distinct real replacement; inherited duplicate retained pending suitable photograph"
"/blog/industrial-warehouse-construction-uae-cost-factors#image-3","/images/generated/blog/warehouse-construction-planning-guide-desktop.webp","/blog/industrial-warehouse-construction-uae-cost-factors","Industrial Warehouse Construction UAE: Cost Factors / Transparent editorial ownership","hero","/images/generated/blog/warehouse-construction-planning-guide","Warehouse construction planning and contractor coordination in Dubai","Suitable distinct real photograph remains to be sourced and reviewed","Missing distinct real replacement; inherited duplicate retained pending suitable photograph"
"/blog/industrial-warehouse-construction-uae-cost-factors#image-4","/images/project-warehouse-industrial-dubai.webp","/blog/industrial-warehouse-construction-uae-cost-factors","Cost Factors: define the scope before it becomes a price / Transparent editorial ownership","card","unsplash:photo-1592085198739-ffcad7f36b54","Pallet racks and stored goods inside an industrial warehouse","Suitable distinct real photograph remains to be sourced and reviewed","Missing distinct real replacement; inherited duplicate retained pending suitable photograph"
"/blog/industrial-warehouse-construction-uae-cost-factors#image-5","/images/project-authority-approvals-dubai.webp","/blog/industrial-warehouse-construction-uae-cost-factors","Engineering interfaces that control industrial warehouse construction uae / Transparent editorial ownership","card","unsplash:photo-1581674662583-5e89b374fae6","Architectural plans and a notebook arranged on a worktable","Suitable distinct real photograph remains to be sourced and reviewed","Missing distinct real replacement; inherited duplicate retained pending suitable photograph"
"/blog/industrial-warehouse-construction-uae-cost-factors#image-6","/images/internal/industrial-steel-roof.webp","/blog/industrial-warehouse-construction-uae-cost-factors","How to challenge a contractor proposal / Transparent editorial ownership","card","unsplash:photo-1662120399978-738d233edbec","Workers on a scissor lift installing industrial steel roof trusses","Suitable distinct real photograph remains to be sourced and reviewed","Missing distinct real replacement; inherited duplicate retained pending suitable photograph"
"/blog/industrial-warehouse-construction-uae-cost-factors#image-7","/images/internal/project-site-coordination.webp","/blog/industrial-warehouse-construction-uae-cost-factors","What a useful first technical meeting should produce / Transparent editorial ownership","card","unsplash:photo-1742112125567-3e8967bad60f","Two construction professionals reviewing a clipboard on site","Suitable distinct real photograph remains to be sourced and reviewed","Missing distinct real replacement; inherited duplicate retained pending suitable photograph"
"/blog/industrial-warehouse-construction-uae-planning-guide#image-3","/images/generated/blog/dubai-authority-approvals-guide-desktop.webp","/blog/industrial-warehouse-construction-uae-planning-guide","Industrial Warehouse Construction UAE: Planning Guide / Transparent editorial ownership","hero","/images/generated/blog/dubai-authority-approvals-guide","Dubai authority approval documents for warehouse construction projects","Suitable distinct real photograph remains to be sourced and reviewed","Missing distinct real replacement; inherited duplicate retained pending suitable photograph"
"/blog/industrial-warehouse-construction-uae-planning-guide#image-4","/images/project-warehouse-industrial-dubai.webp","/blog/industrial-warehouse-construction-uae-planning-guide","Authority sequence and document ownership / Transparent editorial ownership","card","unsplash:photo-1592085198739-ffcad7f36b54","Pallet racks and stored goods inside an industrial warehouse","Suitable distinct real photograph remains to be sourced and reviewed","Missing distinct real replacement; inherited duplicate retained pending suitable photograph"
"/blog/industrial-warehouse-construction-uae-planning-guide#image-5","/images/project-authority-approvals-dubai.webp","/blog/industrial-warehouse-construction-uae-planning-guide","Cost and programme reasoning for the planning guide decision / Transparent editorial ownership","card","unsplash:photo-1581674662583-5e89b374fae6","Architectural plans and a notebook arranged on a worktable","Suitable distinct real photograph remains to be sourced and reviewed","Missing distinct real replacement; inherited duplicate retained pending suitable photograph"
"/blog/industrial-warehouse-construction-uae-planning-guide#image-6","/images/internal/industrial-steel-roof.webp","/blog/industrial-warehouse-construction-uae-planning-guide","What a useful first technical meeting should produce / Transparent editorial ownership","card","unsplash:photo-1662120399978-738d233edbec","Workers on a scissor lift installing industrial steel roof trusses","Suitable distinct real photograph remains to be sourced and reviewed","Missing distinct real replacement; inherited duplicate retained pending suitable photograph"
"/blog/industrial-warehouse-construction-uae-planning-guide#image-7","/images/internal/project-site-coordination.webp","/blog/industrial-warehouse-construction-uae-planning-guide","Separate today's scope from future expansion assumptions / Transparent editorial ownership","card","unsplash:photo-1742112125567-3e8967bad60f","Two construction professionals reviewing a clipboard on site","Suitable distinct real photograph remains to be sourced and reviewed","Missing distinct real replacement; inherited duplicate retained pending suitable photograph"
"/blog/industrial-warehouse-construction-uae-timeline-process#image-3","/images/generated/blog/civil-construction-dubai-guide-2026-desktop.webp","/blog/industrial-warehouse-construction-uae-timeline-process","Industrial Warehouse Construction UAE: Timeline and Process / Transparent editorial ownership","hero","/images/generated/blog/civil-construction-dubai-guide-2026","Civil contractor Dubai planning for warehouse and industrial construction","Suitable distinct real photograph remains to be sourced and reviewed","Missing distinct real replacement; inherited duplicate retained pending suitable photograph"
"/blog/industrial-warehouse-construction-uae-timeline-process#image-4","/images/project-warehouse-industrial-dubai.webp","/blog/industrial-warehouse-construction-uae-timeline-process","Timeline and Process: define the scope before it becomes a price / Transparent editorial ownership","card","unsplash:photo-1592085198739-ffcad7f36b54","Pallet racks and stored goods inside an industrial warehouse","Suitable distinct real photograph remains to be sourced and reviewed","Missing distinct real replacement; inherited duplicate retained pending suitable photograph"
"/blog/industrial-warehouse-construction-uae-timeline-process#image-5","/images/project-authority-approvals-dubai.webp","/blog/industrial-warehouse-construction-uae-timeline-process","Engineering interfaces that control industrial warehouse construction uae / Transparent editorial ownership","card","unsplash:photo-1581674662583-5e89b374fae6","Architectural plans and a notebook arranged on a worktable","Suitable distinct real photograph remains to be sourced and reviewed","Missing distinct real replacement; inherited duplicate retained pending suitable photograph"
"/blog/industrial-warehouse-construction-uae-timeline-process#image-6","/images/internal/industrial-steel-roof.webp","/blog/industrial-warehouse-construction-uae-timeline-process","How to challenge a contractor proposal / Transparent editorial ownership","card","unsplash:photo-1662120399978-738d233edbec","Workers on a scissor lift installing industrial steel roof trusses","Suitable distinct real photograph remains to be sourced and reviewed","Missing distinct real replacement; inherited duplicate retained pending suitable photograph"
"/blog/industrial-warehouse-construction-uae-timeline-process#image-7","/images/internal/project-site-coordination.webp","/blog/industrial-warehouse-construction-uae-timeline-process","What a useful first technical meeting should produce / Transparent editorial ownership","card","unsplash:photo-1742112125567-3e8967bad60f","Two construction professionals reviewing a clipboard on site","Suitable distinct real photograph remains to be sourced and reviewed","Missing distinct real replacement; inherited duplicate retained pending suitable photograph"
"/blog/logistics-warehouse-construction-approval-checklist#image-3","/images/generated/blog/choosing-building-contractor-dubai-desktop.webp","/blog/logistics-warehouse-construction-approval-checklist","Logistics Warehouse Construction: Approval Checklist / Transparent editorial ownership","hero","/images/generated/blog/choosing-building-contractor-dubai","Construction company Dubai team reviewing warehouse contractor scope","Suitable distinct real photograph remains to be sourced and reviewed","Missing distinct real replacement; inherited duplicate retained pending suitable photograph"
"/blog/logistics-warehouse-construction-approval-checklist#image-4","/images/internal/architectural-drawing-review.webp","/blog/logistics-warehouse-construction-approval-checklist","Approval Checklist: define the scope before it becomes a price / Transparent editorial ownership","card","unsplash:photo-1608303588026-884930af2559","Hands reviewing architectural drawings with a ruler and calculator","Suitable distinct real photograph remains to be sourced and reviewed","Missing distinct real replacement; inherited duplicate retained pending suitable photograph"
"/blog/logistics-warehouse-construction-approval-checklist#image-5","/images/project-authority-approvals-dubai.webp","/blog/logistics-warehouse-construction-approval-checklist","Engineering interfaces that control logistics warehouse construction / Transparent editorial ownership","card","unsplash:photo-1581674662583-5e89b374fae6","Architectural plans and a notebook arranged on a worktable","Suitable distinct real photograph remains to be sourced and reviewed","Missing distinct real replacement; inherited duplicate retained pending suitable photograph"
"/blog/logistics-warehouse-construction-approval-checklist#image-6","/images/internal/project-site-coordination.webp","/blog/logistics-warehouse-construction-approval-checklist","How to challenge a contractor proposal / Transparent editorial ownership","card","unsplash:photo-1742112125567-3e8967bad60f","Two construction professionals reviewing a clipboard on site","Suitable distinct real photograph remains to be sourced and reviewed","Missing distinct real replacement; inherited duplicate retained pending suitable photograph"
"/blog/logistics-warehouse-construction-approval-checklist#image-7","/images/sections/office-records-desk.webp","/blog/logistics-warehouse-construction-approval-checklist","What a useful first technical meeting should produce / Transparent editorial ownership","card","pexels:8353764","Paper documents, an open folder and computer monitors on an office desk","Suitable distinct real photograph remains to be sourced and reviewed","Missing distinct real replacement; inherited duplicate retained pending suitable photograph"
"/blog/logistics-warehouse-construction-contractor-selection#image-3","/images/generated/blog/dubai-authority-approvals-guide-desktop.webp","/blog/logistics-warehouse-construction-contractor-selection","Logistics Warehouse Construction: Contractor Selection / Transparent editorial ownership","hero","/images/generated/blog/dubai-authority-approvals-guide","Dubai authority approval documents for warehouse construction projects","Suitable distinct real photograph remains to be sourced and reviewed","Missing distinct real replacement; inherited duplicate retained pending suitable photograph"
"/blog/logistics-warehouse-construction-contractor-selection#image-4","/images/project-warehouse-industrial-dubai.webp","/blog/logistics-warehouse-construction-contractor-selection","Contractor Selection: define the scope before it becomes a price / Transparent editorial ownership","card","unsplash:photo-1592085198739-ffcad7f36b54","Pallet racks and stored goods inside an industrial warehouse","Suitable distinct real photograph remains to be sourced and reviewed","Missing distinct real replacement; inherited duplicate retained pending suitable photograph"
"/blog/logistics-warehouse-construction-contractor-selection#image-5","/images/project-authority-approvals-dubai.webp","/blog/logistics-warehouse-construction-contractor-selection","Engineering interfaces that control logistics warehouse construction / Transparent editorial ownership","card","unsplash:photo-1581674662583-5e89b374fae6","Architectural plans and a notebook arranged on a worktable","Suitable distinct real photograph remains to be sourced and reviewed","Missing distinct real replacement; inherited duplicate retained pending suitable photograph"
"/blog/logistics-warehouse-construction-contractor-selection#image-6","/images/internal/industrial-steel-roof.webp","/blog/logistics-warehouse-construction-contractor-selection","How to challenge a contractor proposal / Transparent editorial ownership","card","unsplash:photo-1662120399978-738d233edbec","Workers on a scissor lift installing industrial steel roof trusses","Suitable distinct real photograph remains to be sourced and reviewed","Missing distinct real replacement; inherited duplicate retained pending suitable photograph"
"/blog/logistics-warehouse-construction-contractor-selection#image-7","/images/internal/project-site-coordination.webp","/blog/logistics-warehouse-construction-contractor-selection","What a useful first technical meeting should produce / Transparent editorial ownership","card","unsplash:photo-1742112125567-3e8967bad60f","Two construction professionals reviewing a clipboard on site","Suitable distinct real photograph remains to be sourced and reviewed","Missing distinct real replacement; inherited duplicate retained pending suitable photograph"
"/blog/logistics-warehouse-construction-cost-factors#image-3","/images/generated/blog/warehouse-construction-planning-guide-desktop.webp","/blog/logistics-warehouse-construction-cost-factors","Logistics Warehouse Construction: Cost Factors / Transparent editorial ownership","hero","/images/generated/blog/warehouse-construction-planning-guide","Warehouse construction planning and contractor coordination in Dubai","Suitable distinct real photograph remains to be sourced and reviewed","Missing distinct real replacement; inherited duplicate retained pending suitable photograph"
"/blog/logistics-warehouse-construction-cost-factors#image-4","/images/project-warehouse-industrial-dubai.webp","/blog/logistics-warehouse-construction-cost-factors","Cost Factors: define the scope before it becomes a price / Transparent editorial ownership","card","unsplash:photo-1592085198739-ffcad7f36b54","Pallet racks and stored goods inside an industrial warehouse","Suitable distinct real photograph remains to be sourced and reviewed","Missing distinct real replacement; inherited duplicate retained pending suitable photograph"
"/blog/logistics-warehouse-construction-cost-factors#image-5","/images/project-authority-approvals-dubai.webp","/blog/logistics-warehouse-construction-cost-factors","Engineering interfaces that control logistics warehouse construction / Transparent editorial ownership","card","unsplash:photo-1581674662583-5e89b374fae6","Architectural plans and a notebook arranged on a worktable","Suitable distinct real photograph remains to be sourced and reviewed","Missing distinct real replacement; inherited duplicate retained pending suitable photograph"
"/blog/logistics-warehouse-construction-cost-factors#image-6","/images/internal/industrial-steel-roof.webp","/blog/logistics-warehouse-construction-cost-factors","How to challenge a contractor proposal / Transparent editorial ownership","card","unsplash:photo-1662120399978-738d233edbec","Workers on a scissor lift installing industrial steel roof trusses","Suitable distinct real photograph remains to be sourced and reviewed","Missing distinct real replacement; inherited duplicate retained pending suitable photograph"
"/blog/logistics-warehouse-construction-cost-factors#image-7","/images/internal/project-site-coordination.webp","/blog/logistics-warehouse-construction-cost-factors","What a useful first technical meeting should produce / Transparent editorial ownership","card","unsplash:photo-1742112125567-3e8967bad60f","Two construction professionals reviewing a clipboard on site","Suitable distinct real photograph remains to be sourced and reviewed","Missing distinct real replacement; inherited duplicate retained pending suitable photograph"
"/blog/logistics-warehouse-construction-planning-guide#image-3","/images/generated/blog/dubai-authority-approvals-guide-desktop.webp","/blog/logistics-warehouse-construction-planning-guide","Logistics Warehouse Construction: Planning Guide / Transparent editorial ownership","hero","/images/generated/blog/dubai-authority-approvals-guide","Dubai authority approval documents for warehouse construction projects","Suitable distinct real photograph remains to be sourced and reviewed","Missing distinct real replacement; inherited duplicate retained pending suitable photograph"
"/blog/logistics-warehouse-construction-planning-guide#image-4","/images/project-warehouse-industrial-dubai.webp","/blog/logistics-warehouse-construction-planning-guide","Authority sequence and document ownership / Transparent editorial ownership","card","unsplash:photo-1592085198739-ffcad7f36b54","Pallet racks and stored goods inside an industrial warehouse","Suitable distinct real photograph remains to be sourced and reviewed","Missing distinct real replacement; inherited duplicate retained pending suitable photograph"
"/blog/logistics-warehouse-construction-planning-guide#image-5","/images/project-authority-approvals-dubai.webp","/blog/logistics-warehouse-construction-planning-guide","Cost and programme reasoning for the planning guide decision / Transparent editorial ownership","card","unsplash:photo-1581674662583-5e89b374fae6","Architectural plans and a notebook arranged on a worktable","Suitable distinct real photograph remains to be sourced and reviewed","Missing distinct real replacement; inherited duplicate retained pending suitable photograph"
"/blog/logistics-warehouse-construction-planning-guide#image-6","/images/internal/industrial-steel-roof.webp","/blog/logistics-warehouse-construction-planning-guide","What a useful first technical meeting should produce / Transparent editorial ownership","card","unsplash:photo-1662120399978-738d233edbec","Workers on a scissor lift installing industrial steel roof trusses","Suitable distinct real photograph remains to be sourced and reviewed","Missing distinct real replacement; inherited duplicate retained pending suitable photograph"
"/blog/logistics-warehouse-construction-planning-guide#image-7","/images/internal/project-site-coordination.webp","/blog/logistics-warehouse-construction-planning-guide","Review busy periods and exceptions before fixing external works / Transparent editorial ownership","card","unsplash:photo-1742112125567-3e8967bad60f","Two construction professionals reviewing a clipboard on site","Suitable distinct real photograph remains to be sourced and reviewed","Missing distinct real replacement; inherited duplicate retained pending suitable photograph"
"/blog/logistics-warehouse-construction-timeline-process#image-3","/images/generated/blog/civil-construction-dubai-guide-2026-desktop.webp","/blog/logistics-warehouse-construction-timeline-process","Logistics Warehouse Construction: Timeline and Process / Transparent editorial ownership","hero","/images/generated/blog/civil-construction-dubai-guide-2026","Civil contractor Dubai planning for warehouse and industrial construction","Suitable distinct real photograph remains to be sourced and reviewed","Missing distinct real replacement; inherited duplicate retained pending suitable photograph"
"/blog/logistics-warehouse-construction-timeline-process#image-4","/images/project-warehouse-industrial-dubai.webp","/blog/logistics-warehouse-construction-timeline-process","Timeline and Process: define the scope before it becomes a price / Transparent editorial ownership","card","unsplash:photo-1592085198739-ffcad7f36b54","Pallet racks and stored goods inside an industrial warehouse","Suitable distinct real photograph remains to be sourced and reviewed","Missing distinct real replacement; inherited duplicate retained pending suitable photograph"
"/blog/logistics-warehouse-construction-timeline-process#image-5","/images/project-authority-approvals-dubai.webp","/blog/logistics-warehouse-construction-timeline-process","Engineering interfaces that control logistics warehouse construction / Transparent editorial ownership","card","unsplash:photo-1581674662583-5e89b374fae6","Architectural plans and a notebook arranged on a worktable","Suitable distinct real photograph remains to be sourced and reviewed","Missing distinct real replacement; inherited duplicate retained pending suitable photograph"
"/blog/logistics-warehouse-construction-timeline-process#image-6","/images/internal/industrial-steel-roof.webp","/blog/logistics-warehouse-construction-timeline-process","How to challenge a contractor proposal / Transparent editorial ownership","card","unsplash:photo-1662120399978-738d233edbec","Workers on a scissor lift installing industrial steel roof trusses","Suitable distinct real photograph remains to be sourced and reviewed","Missing distinct real replacement; inherited duplicate retained pending suitable photograph"
"/blog/logistics-warehouse-construction-timeline-process#image-7","/images/internal/project-site-coordination.webp","/blog/logistics-warehouse-construction-timeline-process","What a useful first technical meeting should produce / Transparent editorial ownership","card","unsplash:photo-1742112125567-3e8967bad60f","Two construction professionals reviewing a clipboard on site","Suitable distinct real photograph remains to be sourced and reviewed","Missing distinct real replacement; inherited duplicate retained pending suitable photograph"
"/blog/steel-warehouse-construction-dubai-approval-checklist#image-3","/images/generated/blog/warehouse-construction-planning-guide-desktop.webp","/blog/steel-warehouse-construction-dubai-approval-checklist","Steel Warehouse Construction Dubai: Approval Checklist / Transparent editorial ownership","hero","/images/generated/blog/warehouse-construction-planning-guide","Warehouse construction planning and contractor coordination in Dubai","Suitable distinct real photograph remains to be sourced and reviewed","Missing distinct real replacement; inherited duplicate retained pending suitable photograph"
"/blog/steel-warehouse-construction-dubai-approval-checklist#image-4","/images/internal/warehouse-steel-frame.webp","/blog/steel-warehouse-construction-dubai-approval-checklist","Approval Checklist: define the scope before it becomes a price / Transparent editorial ownership","card","unsplash:photo-1649587345666-0f4ad68aa723","Cranes and lifting equipment erecting a steel warehouse frame","Suitable distinct real photograph remains to be sourced and reviewed","Missing distinct real replacement; inherited duplicate retained pending suitable photograph"
"/blog/steel-warehouse-construction-dubai-approval-checklist#image-5","/images/internal/architectural-drawing-review.webp","/blog/steel-warehouse-construction-dubai-approval-checklist","Engineering interfaces that control steel warehouse construction dubai / Transparent editorial ownership","card","unsplash:photo-1608303588026-884930af2559","Hands reviewing architectural drawings with a ruler and calculator","Suitable distinct real photograph remains to be sourced and reviewed","Missing distinct real replacement; inherited duplicate retained pending suitable photograph"
"/blog/steel-warehouse-construction-dubai-approval-checklist#image-6","/images/internal/industrial-steel-roof.webp","/blog/steel-warehouse-construction-dubai-approval-checklist","How to challenge a contractor proposal / Transparent editorial ownership","card","unsplash:photo-1662120399978-738d233edbec","Workers on a scissor lift installing industrial steel roof trusses","Suitable distinct real photograph remains to be sourced and reviewed","Missing distinct real replacement; inherited duplicate retained pending suitable photograph"
"/blog/steel-warehouse-construction-dubai-approval-checklist#image-7","/images/internal/project-site-coordination.webp","/blog/steel-warehouse-construction-dubai-approval-checklist","What a useful first technical meeting should produce / Transparent editorial ownership","card","unsplash:photo-1742112125567-3e8967bad60f","Two construction professionals reviewing a clipboard on site","Suitable distinct real photograph remains to be sourced and reviewed","Missing distinct real replacement; inherited duplicate retained pending suitable photograph"
"/blog/steel-warehouse-construction-dubai-contractor-selection#image-3","/images/generated/blog/choosing-building-contractor-dubai-desktop.webp","/blog/steel-warehouse-construction-dubai-contractor-selection","Steel Warehouse Construction Dubai: Contractor Selection / Transparent editorial ownership","hero","/images/generated/blog/choosing-building-contractor-dubai","Construction company Dubai team reviewing warehouse contractor scope","Suitable distinct real photograph remains to be sourced and reviewed","Missing distinct real replacement; inherited duplicate retained pending suitable photograph"
"/blog/steel-warehouse-construction-dubai-contractor-selection#image-4","/images/internal/warehouse-steel-frame.webp","/blog/steel-warehouse-construction-dubai-contractor-selection","Contractor Selection: define the scope before it becomes a price / Transparent editorial ownership","card","unsplash:photo-1649587345666-0f4ad68aa723","Cranes and lifting equipment erecting a steel warehouse frame","Suitable distinct real photograph remains to be sourced and reviewed","Missing distinct real replacement; inherited duplicate retained pending suitable photograph"
"/blog/steel-warehouse-construction-dubai-contractor-selection#image-5","/images/internal/architectural-drawing-review.webp","/blog/steel-warehouse-construction-dubai-contractor-selection","Engineering interfaces that control steel warehouse construction dubai / Transparent editorial ownership","card","unsplash:photo-1608303588026-884930af2559","Hands reviewing architectural drawings with a ruler and calculator","Suitable distinct real photograph remains to be sourced and reviewed","Missing distinct real replacement; inherited duplicate retained pending suitable photograph"
"/blog/steel-warehouse-construction-dubai-contractor-selection#image-6","/images/internal/industrial-steel-roof.webp","/blog/steel-warehouse-construction-dubai-contractor-selection","How to challenge a contractor proposal / Transparent editorial ownership","card","unsplash:photo-1662120399978-738d233edbec","Workers on a scissor lift installing industrial steel roof trusses","Suitable distinct real photograph remains to be sourced and reviewed","Missing distinct real replacement; inherited duplicate retained pending suitable photograph"
"/blog/steel-warehouse-construction-dubai-contractor-selection#image-7","/images/internal/project-site-coordination.webp","/blog/steel-warehouse-construction-dubai-contractor-selection","What a useful first technical meeting should produce / Transparent editorial ownership","card","unsplash:photo-1742112125567-3e8967bad60f","Two construction professionals reviewing a clipboard on site","Suitable distinct real photograph remains to be sourced and reviewed","Missing distinct real replacement; inherited duplicate retained pending suitable photograph"
"/blog/steel-warehouse-construction-dubai-cost-factors#image-3","/images/generated/blog/civil-construction-dubai-guide-2026-desktop.webp","/blog/steel-warehouse-construction-dubai-cost-factors","Steel Warehouse Construction Dubai: Cost Factors / Transparent editorial ownership","hero","/images/generated/blog/civil-construction-dubai-guide-2026","Civil contractor Dubai planning for warehouse and industrial construction","Suitable distinct real photograph remains to be sourced and reviewed","Missing distinct real replacement; inherited duplicate retained pending suitable photograph"
"/blog/steel-warehouse-construction-dubai-cost-factors#image-4","/images/internal/warehouse-steel-frame.webp","/blog/steel-warehouse-construction-dubai-cost-factors","Cost Factors: define the scope before it becomes a price / Transparent editorial ownership","card","unsplash:photo-1649587345666-0f4ad68aa723","Cranes and lifting equipment erecting a steel warehouse frame","Suitable distinct real photograph remains to be sourced and reviewed","Missing distinct real replacement; inherited duplicate retained pending suitable photograph"
"/blog/steel-warehouse-construction-dubai-cost-factors#image-5","/images/internal/architectural-drawing-review.webp","/blog/steel-warehouse-construction-dubai-cost-factors","Engineering interfaces that control steel warehouse construction dubai / Transparent editorial ownership","card","unsplash:photo-1608303588026-884930af2559","Hands reviewing architectural drawings with a ruler and calculator","Suitable distinct real photograph remains to be sourced and reviewed","Missing distinct real replacement; inherited duplicate retained pending suitable photograph"
"/blog/steel-warehouse-construction-dubai-cost-factors#image-6","/images/internal/industrial-steel-roof.webp","/blog/steel-warehouse-construction-dubai-cost-factors","How to challenge a contractor proposal / Transparent editorial ownership","card","unsplash:photo-1662120399978-738d233edbec","Workers on a scissor lift installing industrial steel roof trusses","Suitable distinct real photograph remains to be sourced and reviewed","Missing distinct real replacement; inherited duplicate retained pending suitable photograph"
"/blog/steel-warehouse-construction-dubai-cost-factors#image-7","/images/internal/project-site-coordination.webp","/blog/steel-warehouse-construction-dubai-cost-factors","What a useful first technical meeting should produce / Transparent editorial ownership","card","unsplash:photo-1742112125567-3e8967bad60f","Two construction professionals reviewing a clipboard on site","Suitable distinct real photograph remains to be sourced and reviewed","Missing distinct real replacement; inherited duplicate retained pending suitable photograph"
"/blog/steel-warehouse-construction-dubai-planning-guide#image-3","/images/generated/blog/choosing-building-contractor-dubai-desktop.webp","/blog/steel-warehouse-construction-dubai-planning-guide","Steel Warehouse Construction Dubai: Planning Guide / Transparent editorial ownership","hero","/images/generated/blog/choosing-building-contractor-dubai","Construction company Dubai team reviewing warehouse contractor scope","Suitable distinct real photograph remains to be sourced and reviewed","Missing distinct real replacement; inherited duplicate retained pending suitable photograph"
"/blog/steel-warehouse-construction-dubai-planning-guide#image-4","/images/internal/warehouse-steel-frame.webp","/blog/steel-warehouse-construction-dubai-planning-guide","Planning Guide: define the scope before it becomes a price / Transparent editorial ownership","card","unsplash:photo-1649587345666-0f4ad68aa723","Cranes and lifting equipment erecting a steel warehouse frame","Suitable distinct real photograph remains to be sourced and reviewed","Missing distinct real replacement; inherited duplicate retained pending suitable photograph"
"/blog/steel-warehouse-construction-dubai-planning-guide#image-5","/images/internal/architectural-drawing-review.webp","/blog/steel-warehouse-construction-dubai-planning-guide","Engineering interfaces that control steel warehouse construction dubai / Transparent editorial ownership","card","unsplash:photo-1608303588026-884930af2559","Hands reviewing architectural drawings with a ruler and calculator","Suitable distinct real photograph remains to be sourced and reviewed","Missing distinct real replacement; inherited duplicate retained pending suitable photograph"
"/blog/steel-warehouse-construction-dubai-planning-guide#image-6","/images/internal/industrial-steel-roof.webp","/blog/steel-warehouse-construction-dubai-planning-guide","How to challenge a contractor proposal / Transparent editorial ownership","card","unsplash:photo-1662120399978-738d233edbec","Workers on a scissor lift installing industrial steel roof trusses","Suitable distinct real photograph remains to be sourced and reviewed","Missing distinct real replacement; inherited duplicate retained pending suitable photograph"
"/blog/steel-warehouse-construction-dubai-planning-guide#image-7","/images/internal/project-site-coordination.webp","/blog/steel-warehouse-construction-dubai-planning-guide","What a useful first technical meeting should produce / Transparent editorial ownership","card","unsplash:photo-1742112125567-3e8967bad60f","Two construction professionals reviewing a clipboard on site","Suitable distinct real photograph remains to be sourced and reviewed","Missing distinct real replacement; inherited duplicate retained pending suitable photograph"
"/blog/steel-warehouse-construction-dubai-timeline-process#image-3","/images/generated/blog/dubai-authority-approvals-guide-desktop.webp","/blog/steel-warehouse-construction-dubai-timeline-process","Steel Warehouse Construction Dubai: Timeline and Process / Transparent editorial ownership","hero","/images/generated/blog/dubai-authority-approvals-guide","Dubai authority approval documents for warehouse construction projects","Suitable distinct real photograph remains to be sourced and reviewed","Missing distinct real replacement; inherited duplicate retained pending suitable photograph"
"/blog/steel-warehouse-construction-dubai-timeline-process#image-4","/images/internal/warehouse-steel-frame.webp","/blog/steel-warehouse-construction-dubai-timeline-process","Timeline and Process: define the scope before it becomes a price / Transparent editorial ownership","card","unsplash:photo-1649587345666-0f4ad68aa723","Cranes and lifting equipment erecting a steel warehouse frame","Suitable distinct real photograph remains to be sourced and reviewed","Missing distinct real replacement; inherited duplicate retained pending suitable photograph"
"/blog/steel-warehouse-construction-dubai-timeline-process#image-5","/images/internal/architectural-drawing-review.webp","/blog/steel-warehouse-construction-dubai-timeline-process","Engineering interfaces that control steel warehouse construction dubai / Transparent editorial ownership","card","unsplash:photo-1608303588026-884930af2559","Hands reviewing architectural drawings with a ruler and calculator","Suitable distinct real photograph remains to be sourced and reviewed","Missing distinct real replacement; inherited duplicate retained pending suitable photograph"
"/blog/steel-warehouse-construction-dubai-timeline-process#image-6","/images/internal/industrial-steel-roof.webp","/blog/steel-warehouse-construction-dubai-timeline-process","How to challenge a contractor proposal / Transparent editorial ownership","card","unsplash:photo-1662120399978-738d233edbec","Workers on a scissor lift installing industrial steel roof trusses","Suitable distinct real photograph remains to be sourced and reviewed","Missing distinct real replacement; inherited duplicate retained pending suitable photograph"
"/blog/steel-warehouse-construction-dubai-timeline-process#image-7","/images/internal/project-site-coordination.webp","/blog/steel-warehouse-construction-dubai-timeline-process","What a useful first technical meeting should produce / Transparent editorial ownership","card","unsplash:photo-1742112125567-3e8967bad60f","Two construction professionals reviewing a clipboard on site","Suitable distinct real photograph remains to be sourced and reviewed","Missing distinct real replacement; inherited duplicate retained pending suitable photograph"
"/blog/warehouse-authority-approvals-dubai-approval-checklist#image-3","/images/generated/blog/dubai-authority-approvals-guide-desktop.webp","/blog/warehouse-authority-approvals-dubai-approval-checklist","Warehouse Authority Approvals Dubai: Approval Checklist / Transparent editorial ownership","hero","/images/generated/blog/dubai-authority-approvals-guide","Dubai authority approval documents for warehouse construction projects","Suitable distinct real photograph remains to be sourced and reviewed","Missing distinct real replacement; inherited duplicate retained pending suitable photograph"
"/blog/warehouse-authority-approvals-dubai-approval-checklist#image-4","/images/internal/architectural-drawing-review.webp","/blog/warehouse-authority-approvals-dubai-approval-checklist","Approval Checklist: define the scope before it becomes a price / Transparent editorial ownership","card","unsplash:photo-1608303588026-884930af2559","Hands reviewing architectural drawings with a ruler and calculator","Suitable distinct real photograph remains to be sourced and reviewed","Missing distinct real replacement; inherited duplicate retained pending suitable photograph"
"/blog/warehouse-authority-approvals-dubai-approval-checklist#image-5","/images/project-authority-approvals-dubai.webp","/blog/warehouse-authority-approvals-dubai-approval-checklist","Engineering interfaces that control warehouse authority approvals dubai / Transparent editorial ownership","card","unsplash:photo-1581674662583-5e89b374fae6","Architectural plans and a notebook arranged on a worktable","Suitable distinct real photograph remains to be sourced and reviewed","Missing distinct real replacement; inherited duplicate retained pending suitable photograph"
"/blog/warehouse-authority-approvals-dubai-approval-checklist#image-6","/images/internal/project-site-coordination.webp","/blog/warehouse-authority-approvals-dubai-approval-checklist","How to challenge a contractor proposal / Transparent editorial ownership","card","unsplash:photo-1742112125567-3e8967bad60f","Two construction professionals reviewing a clipboard on site","Suitable distinct real photograph remains to be sourced and reviewed","Missing distinct real replacement; inherited duplicate retained pending suitable photograph"
"/blog/warehouse-authority-approvals-dubai-approval-checklist#image-7","/images/sections/office-records-desk.webp","/blog/warehouse-authority-approvals-dubai-approval-checklist","What a useful first technical meeting should produce / Transparent editorial ownership","card","pexels:8353764","Paper documents, an open folder and computer monitors on an office desk","Suitable distinct real photograph remains to be sourced and reviewed","Missing distinct real replacement; inherited duplicate retained pending suitable photograph"
"/blog/warehouse-authority-approvals-dubai-contractor-selection#image-3","/images/generated/blog/civil-construction-dubai-guide-2026-desktop.webp","/blog/warehouse-authority-approvals-dubai-contractor-selection","Warehouse Authority Approvals Dubai: Contractor Selection / Transparent editorial ownership","hero","/images/generated/blog/civil-construction-dubai-guide-2026","Civil contractor Dubai planning for warehouse and industrial construction","Suitable distinct real photograph remains to be sourced and reviewed","Missing distinct real replacement; inherited duplicate retained pending suitable photograph"
"/blog/warehouse-authority-approvals-dubai-contractor-selection#image-4","/images/internal/architectural-drawing-review.webp","/blog/warehouse-authority-approvals-dubai-contractor-selection","Authority sequence and document ownership / Transparent editorial ownership","card","unsplash:photo-1608303588026-884930af2559","Hands reviewing architectural drawings with a ruler and calculator","Suitable distinct real photograph remains to be sourced and reviewed","Missing distinct real replacement; inherited duplicate retained pending suitable photograph"
"/blog/warehouse-authority-approvals-dubai-contractor-selection#image-5","/images/project-authority-approvals-dubai.webp","/blog/warehouse-authority-approvals-dubai-contractor-selection","Cost and programme reasoning for the contractor selection decision / Transparent editorial ownership","card","unsplash:photo-1581674662583-5e89b374fae6","Architectural plans and a notebook arranged on a worktable","Suitable distinct real photograph remains to be sourced and reviewed","Missing distinct real replacement; inherited duplicate retained pending suitable photograph"
"/blog/warehouse-authority-approvals-dubai-contractor-selection#image-6","/images/internal/project-site-coordination.webp","/blog/warehouse-authority-approvals-dubai-contractor-selection","What a useful first technical meeting should produce / Transparent editorial ownership","card","unsplash:photo-1742112125567-3e8967bad60f","Two construction professionals reviewing a clipboard on site","Suitable distinct real photograph remains to be sourced and reviewed","Missing distinct real replacement; inherited duplicate retained pending suitable photograph"
"/blog/warehouse-authority-approvals-dubai-contractor-selection#image-7","/images/sections/office-records-desk.webp","/blog/warehouse-authority-approvals-dubai-contractor-selection","Test proposal boundaries against an unresolved authority comment / Transparent editorial ownership","card","pexels:8353764","Paper documents, an open folder and computer monitors on an office desk","Suitable distinct real photograph remains to be sourced and reviewed","Missing distinct real replacement; inherited duplicate retained pending suitable photograph"
"/blog/warehouse-authority-approvals-dubai-cost-factors#image-3","/images/generated/blog/choosing-building-contractor-dubai-desktop.webp","/blog/warehouse-authority-approvals-dubai-cost-factors","Warehouse Authority Approvals Dubai: Cost Factors / Transparent editorial ownership","hero","/images/generated/blog/choosing-building-contractor-dubai","Construction company Dubai team reviewing warehouse contractor scope","Suitable distinct real photograph remains to be sourced and reviewed","Missing distinct real replacement; inherited duplicate retained pending suitable photograph"
"/blog/warehouse-authority-approvals-dubai-cost-factors#image-4","/images/internal/architectural-drawing-review.webp","/blog/warehouse-authority-approvals-dubai-cost-factors","Cost Factors: define the scope before it becomes a price / Transparent editorial ownership","card","unsplash:photo-1608303588026-884930af2559","Hands reviewing architectural drawings with a ruler and calculator","Suitable distinct real photograph remains to be sourced and reviewed","Missing distinct real replacement; inherited duplicate retained pending suitable photograph"
"/blog/warehouse-authority-approvals-dubai-cost-factors#image-5","/images/project-authority-approvals-dubai.webp","/blog/warehouse-authority-approvals-dubai-cost-factors","Engineering interfaces that control warehouse authority approvals dubai / Transparent editorial ownership","card","unsplash:photo-1581674662583-5e89b374fae6","Architectural plans and a notebook arranged on a worktable","Suitable distinct real photograph remains to be sourced and reviewed","Missing distinct real replacement; inherited duplicate retained pending suitable photograph"
"/blog/warehouse-authority-approvals-dubai-cost-factors#image-6","/images/internal/project-site-coordination.webp","/blog/warehouse-authority-approvals-dubai-cost-factors","How to challenge a contractor proposal / Transparent editorial ownership","card","unsplash:photo-1742112125567-3e8967bad60f","Two construction professionals reviewing a clipboard on site","Suitable distinct real photograph remains to be sourced and reviewed","Missing distinct real replacement; inherited duplicate retained pending suitable photograph"
"/blog/warehouse-authority-approvals-dubai-cost-factors#image-7","/images/sections/office-records-desk.webp","/blog/warehouse-authority-approvals-dubai-cost-factors","What a useful first technical meeting should produce / Transparent editorial ownership","card","pexels:8353764","Paper documents, an open folder and computer monitors on an office desk","Suitable distinct real photograph remains to be sourced and reviewed","Missing distinct real replacement; inherited duplicate retained pending suitable photograph"
"/blog/warehouse-authority-approvals-dubai-planning-guide#image-3","/images/generated/blog/civil-construction-dubai-guide-2026-desktop.webp","/blog/warehouse-authority-approvals-dubai-planning-guide","Warehouse Authority Approvals Dubai: Planning Guide / Transparent editorial ownership","hero","/images/generated/blog/civil-construction-dubai-guide-2026","Civil contractor Dubai planning for warehouse and industrial construction","Suitable distinct real photograph remains to be sourced and reviewed","Missing distinct real replacement; inherited duplicate retained pending suitable photograph"
"/blog/warehouse-authority-approvals-dubai-planning-guide#image-4","/images/internal/architectural-drawing-review.webp","/blog/warehouse-authority-approvals-dubai-planning-guide","Planning Guide: define the scope before it becomes a price / Transparent editorial ownership","card","unsplash:photo-1608303588026-884930af2559","Hands reviewing architectural drawings with a ruler and calculator","Suitable distinct real photograph remains to be sourced and reviewed","Missing distinct real replacement; inherited duplicate retained pending suitable photograph"
"/blog/warehouse-authority-approvals-dubai-planning-guide#image-5","/images/project-authority-approvals-dubai.webp","/blog/warehouse-authority-approvals-dubai-planning-guide","Engineering interfaces that control warehouse authority approvals dubai / Transparent editorial ownership","card","unsplash:photo-1581674662583-5e89b374fae6","Architectural plans and a notebook arranged on a worktable","Suitable distinct real photograph remains to be sourced and reviewed","Missing distinct real replacement; inherited duplicate retained pending suitable photograph"
"/blog/warehouse-authority-approvals-dubai-planning-guide#image-6","/images/internal/project-site-coordination.webp","/blog/warehouse-authority-approvals-dubai-planning-guide","How to challenge a contractor proposal / Transparent editorial ownership","card","unsplash:photo-1742112125567-3e8967bad60f","Two construction professionals reviewing a clipboard on site","Suitable distinct real photograph remains to be sourced and reviewed","Missing distinct real replacement; inherited duplicate retained pending suitable photograph"
"/blog/warehouse-authority-approvals-dubai-planning-guide#image-7","/images/sections/office-records-desk.webp","/blog/warehouse-authority-approvals-dubai-planning-guide","What a useful first technical meeting should produce / Transparent editorial ownership","card","pexels:8353764","Paper documents, an open folder and computer monitors on an office desk","Suitable distinct real photograph remains to be sourced and reviewed","Missing distinct real replacement; inherited duplicate retained pending suitable photograph"
"/blog/warehouse-authority-approvals-dubai-timeline-process#image-3","/images/generated/blog/warehouse-construction-planning-guide-desktop.webp","/blog/warehouse-authority-approvals-dubai-timeline-process","Warehouse Authority Approvals Dubai: Timeline and Process / Transparent editorial ownership","hero","/images/generated/blog/warehouse-construction-planning-guide","Warehouse construction planning and contractor coordination in Dubai","Suitable distinct real photograph remains to be sourced and reviewed","Missing distinct real replacement; inherited duplicate retained pending suitable photograph"
"/blog/warehouse-authority-approvals-dubai-timeline-process#image-4","/images/internal/architectural-drawing-review.webp","/blog/warehouse-authority-approvals-dubai-timeline-process","Timeline and Process: define the scope before it becomes a price / Transparent editorial ownership","card","unsplash:photo-1608303588026-884930af2559","Hands reviewing architectural drawings with a ruler and calculator","Suitable distinct real photograph remains to be sourced and reviewed","Missing distinct real replacement; inherited duplicate retained pending suitable photograph"
"/blog/warehouse-authority-approvals-dubai-timeline-process#image-5","/images/project-authority-approvals-dubai.webp","/blog/warehouse-authority-approvals-dubai-timeline-process","Engineering interfaces that control warehouse authority approvals dubai / Transparent editorial ownership","card","unsplash:photo-1581674662583-5e89b374fae6","Architectural plans and a notebook arranged on a worktable","Suitable distinct real photograph remains to be sourced and reviewed","Missing distinct real replacement; inherited duplicate retained pending suitable photograph"
"/blog/warehouse-authority-approvals-dubai-timeline-process#image-6","/images/internal/project-site-coordination.webp","/blog/warehouse-authority-approvals-dubai-timeline-process","How to challenge a contractor proposal / Transparent editorial ownership","card","unsplash:photo-1742112125567-3e8967bad60f","Two construction professionals reviewing a clipboard on site","Suitable distinct real photograph remains to be sourced and reviewed","Missing distinct real replacement; inherited duplicate retained pending suitable photograph"
"/blog/warehouse-authority-approvals-dubai-timeline-process#image-7","/images/sections/office-records-desk.webp","/blog/warehouse-authority-approvals-dubai-timeline-process","What a useful first technical meeting should produce / Transparent editorial ownership","card","pexels:8353764","Paper documents, an open folder and computer monitors on an office desk","Suitable distinct real photograph remains to be sourced and reviewed","Missing distinct real replacement; inherited duplicate retained pending suitable photograph"
"/blog/warehouse-construction-dubai-approval-checklist#image-3","/images/generated/blog/civil-construction-dubai-guide-2026-desktop.webp","/blog/warehouse-construction-dubai-approval-checklist","Warehouse Construction Dubai: Approval Checklist / Transparent editorial ownership","hero","/images/generated/blog/civil-construction-dubai-guide-2026","Civil contractor Dubai planning for warehouse and industrial construction","Suitable distinct real photograph remains to be sourced and reviewed","Missing distinct real replacement; inherited duplicate retained pending suitable photograph"
"/blog/warehouse-construction-dubai-approval-checklist#image-4","/images/internal/architectural-drawing-review.webp","/blog/warehouse-construction-dubai-approval-checklist","Approval Checklist: define the scope before it becomes a price / Transparent editorial ownership","card","unsplash:photo-1608303588026-884930af2559","Hands reviewing architectural drawings with a ruler and calculator","Suitable distinct real photograph remains to be sourced and reviewed","Missing distinct real replacement; inherited duplicate retained pending suitable photograph"
"/blog/warehouse-construction-dubai-approval-checklist#image-5","/images/project-authority-approvals-dubai.webp","/blog/warehouse-construction-dubai-approval-checklist","Engineering interfaces that control warehouse construction dubai / Transparent editorial ownership","card","unsplash:photo-1581674662583-5e89b374fae6","Architectural plans and a notebook arranged on a worktable","Suitable distinct real photograph remains to be sourced and reviewed","Missing distinct real replacement; inherited duplicate retained pending suitable photograph"
"/blog/warehouse-construction-dubai-approval-checklist#image-6","/images/internal/project-site-coordination.webp","/blog/warehouse-construction-dubai-approval-checklist","How to challenge a contractor proposal / Transparent editorial ownership","card","unsplash:photo-1742112125567-3e8967bad60f","Two construction professionals reviewing a clipboard on site","Suitable distinct real photograph remains to be sourced and reviewed","Missing distinct real replacement; inherited duplicate retained pending suitable photograph"
"/blog/warehouse-construction-dubai-approval-checklist#image-7","/images/sections/office-records-desk.webp","/blog/warehouse-construction-dubai-approval-checklist","What a useful first technical meeting should produce / Transparent editorial ownership","card","pexels:8353764","Paper documents, an open folder and computer monitors on an office desk","Suitable distinct real photograph remains to be sourced and reviewed","Missing distinct real replacement; inherited duplicate retained pending suitable photograph"
"/blog/warehouse-construction-dubai-contractor-selection#image-3","/images/generated/blog/warehouse-construction-planning-guide-desktop.webp","/blog/warehouse-construction-dubai-contractor-selection","Warehouse Construction Dubai: Contractor Selection / Transparent editorial ownership","hero","/images/generated/blog/warehouse-construction-planning-guide","Warehouse construction planning and contractor coordination in Dubai","Suitable distinct real photograph remains to be sourced and reviewed","Missing distinct real replacement; inherited duplicate retained pending suitable photograph"
"/blog/warehouse-construction-dubai-contractor-selection#image-4","/images/project-warehouse-industrial-dubai.webp","/blog/warehouse-construction-dubai-contractor-selection","Contractor Selection: define the scope before it becomes a price / Transparent editorial ownership","card","unsplash:photo-1592085198739-ffcad7f36b54","Pallet racks and stored goods inside an industrial warehouse","Suitable distinct real photograph remains to be sourced and reviewed","Missing distinct real replacement; inherited duplicate retained pending suitable photograph"
"/blog/warehouse-construction-dubai-contractor-selection#image-5","/images/project-authority-approvals-dubai.webp","/blog/warehouse-construction-dubai-contractor-selection","Engineering interfaces that control warehouse construction dubai / Transparent editorial ownership","card","unsplash:photo-1581674662583-5e89b374fae6","Architectural plans and a notebook arranged on a worktable","Suitable distinct real photograph remains to be sourced and reviewed","Missing distinct real replacement; inherited duplicate retained pending suitable photograph"
"/blog/warehouse-construction-dubai-contractor-selection#image-6","/images/internal/industrial-steel-roof.webp","/blog/warehouse-construction-dubai-contractor-selection","How to challenge a contractor proposal / Transparent editorial ownership","card","unsplash:photo-1662120399978-738d233edbec","Workers on a scissor lift installing industrial steel roof trusses","Suitable distinct real photograph remains to be sourced and reviewed","Missing distinct real replacement; inherited duplicate retained pending suitable photograph"
"/blog/warehouse-construction-dubai-contractor-selection#image-7","/images/internal/project-site-coordination.webp","/blog/warehouse-construction-dubai-contractor-selection","What a useful first technical meeting should produce / Transparent editorial ownership","card","unsplash:photo-1742112125567-3e8967bad60f","Two construction professionals reviewing a clipboard on site","Suitable distinct real photograph remains to be sourced and reviewed","Missing distinct real replacement; inherited duplicate retained pending suitable photograph"
"/blog/warehouse-construction-dubai-cost-factors#image-3","/images/generated/blog/dubai-authority-approvals-guide-desktop.webp","/blog/warehouse-construction-dubai-cost-factors","Warehouse Construction Dubai: Cost Factors / Transparent editorial ownership","hero","/images/generated/blog/dubai-authority-approvals-guide","Dubai authority approval documents for warehouse construction projects","Suitable distinct real photograph remains to be sourced and reviewed","Missing distinct real replacement; inherited duplicate retained pending suitable photograph"
"/blog/warehouse-construction-dubai-cost-factors#image-4","/images/project-warehouse-industrial-dubai.webp","/blog/warehouse-construction-dubai-cost-factors","Cost Factors: define the scope before it becomes a price / Transparent editorial ownership","card","unsplash:photo-1592085198739-ffcad7f36b54","Pallet racks and stored goods inside an industrial warehouse","Suitable distinct real photograph remains to be sourced and reviewed","Missing distinct real replacement; inherited duplicate retained pending suitable photograph"
"/blog/warehouse-construction-dubai-cost-factors#image-5","/images/project-authority-approvals-dubai.webp","/blog/warehouse-construction-dubai-cost-factors","Engineering interfaces that control warehouse construction dubai / Transparent editorial ownership","card","unsplash:photo-1581674662583-5e89b374fae6","Architectural plans and a notebook arranged on a worktable","Suitable distinct real photograph remains to be sourced and reviewed","Missing distinct real replacement; inherited duplicate retained pending suitable photograph"
"/blog/warehouse-construction-dubai-cost-factors#image-6","/images/internal/industrial-steel-roof.webp","/blog/warehouse-construction-dubai-cost-factors","How to challenge a contractor proposal / Transparent editorial ownership","card","unsplash:photo-1662120399978-738d233edbec","Workers on a scissor lift installing industrial steel roof trusses","Suitable distinct real photograph remains to be sourced and reviewed","Missing distinct real replacement; inherited duplicate retained pending suitable photograph"
"/blog/warehouse-construction-dubai-cost-factors#image-7","/images/internal/project-site-coordination.webp","/blog/warehouse-construction-dubai-cost-factors","What a useful first technical meeting should produce / Transparent editorial ownership","card","unsplash:photo-1742112125567-3e8967bad60f","Two construction professionals reviewing a clipboard on site","Suitable distinct real photograph remains to be sourced and reviewed","Missing distinct real replacement; inherited duplicate retained pending suitable photograph"
"/blog/warehouse-construction-dubai-planning-design-authority-approvals#image-3","/images/generated/blog/warehouse-construction-planning-guide-desktop.webp","/blog/warehouse-construction-dubai-planning-design-authority-approvals","Warehouse Construction in Dubai: Planning, Design & Authority Approvals / Transparent editorial ownership","hero","/images/generated/blog/warehouse-construction-planning-guide","Warehouse construction planning scene in Dubai","Suitable distinct real photograph remains to be sourced and reviewed","Missing distinct real replacement; inherited duplicate retained pending suitable photograph"
"/blog/warehouse-construction-dubai-planning-design-authority-approvals#image-4","/images/internal/architectural-drawing-review.webp","/blog/warehouse-construction-dubai-planning-design-authority-approvals","Civil Works and Structural Coordination / Transparent editorial ownership","card","unsplash:photo-1608303588026-884930af2559","Hands reviewing architectural drawings with a ruler and calculator","Suitable distinct real photograph remains to be sourced and reviewed","Missing distinct real replacement; inherited duplicate retained pending suitable photograph"
"/blog/warehouse-construction-dubai-planning-design-authority-approvals#image-5","/images/project-authority-approvals-dubai.webp","/blog/warehouse-construction-dubai-planning-design-authority-approvals","Utility Connections and DEWA Planning / Transparent editorial ownership","card","unsplash:photo-1581674662583-5e89b374fae6","Architectural plans and a notebook arranged on a worktable","Suitable distinct real photograph remains to be sourced and reviewed","Missing distinct real replacement; inherited duplicate retained pending suitable photograph"
"/blog/warehouse-construction-dubai-planning-design-authority-approvals#image-6","/images/internal/project-site-coordination.webp","/blog/warehouse-construction-dubai-planning-design-authority-approvals","Cost Optimization Without Cutting Control / Transparent editorial ownership","card","unsplash:photo-1742112125567-3e8967bad60f","Two construction professionals reviewing a clipboard on site","Suitable distinct real photograph remains to be sourced and reviewed","Missing distinct real replacement; inherited duplicate retained pending suitable photograph"
"/blog/warehouse-construction-dubai-planning-design-authority-approvals#image-7","/images/sections/office-records-desk.webp","/blog/warehouse-construction-dubai-planning-design-authority-approvals","What Makes a Warehouse Enquiry Reviewable / Transparent editorial ownership","card","pexels:8353764","Paper documents, an open folder and computer monitors on an office desk","Suitable distinct real photograph remains to be sourced and reviewed","Missing distinct real replacement; inherited duplicate retained pending suitable photograph"
"/blog/warehouse-construction-dubai-planning-guide#image-3","/images/generated/blog/warehouse-construction-planning-guide-desktop.webp","/blog/warehouse-construction-dubai-planning-guide","Warehouse Construction Dubai: Planning Guide / Transparent editorial ownership","hero","/images/generated/blog/warehouse-construction-planning-guide","Warehouse construction planning and contractor coordination in Dubai","Suitable distinct real photograph remains to be sourced and reviewed","Missing distinct real replacement; inherited duplicate retained pending suitable photograph"
"/blog/warehouse-construction-dubai-planning-guide#image-4","/images/project-warehouse-industrial-dubai.webp","/blog/warehouse-construction-dubai-planning-guide","Planning Guide: define the scope before it becomes a price / Transparent editorial ownership","card","unsplash:photo-1592085198739-ffcad7f36b54","Pallet racks and stored goods inside an industrial warehouse","Suitable distinct real photograph remains to be sourced and reviewed","Missing distinct real replacement; inherited duplicate retained pending suitable photograph"
"/blog/warehouse-construction-dubai-planning-guide#image-5","/images/project-authority-approvals-dubai.webp","/blog/warehouse-construction-dubai-planning-guide","Engineering interfaces that control warehouse construction dubai / Transparent editorial ownership","card","unsplash:photo-1581674662583-5e89b374fae6","Architectural plans and a notebook arranged on a worktable","Suitable distinct real photograph remains to be sourced and reviewed","Missing distinct real replacement; inherited duplicate retained pending suitable photograph"
"/blog/warehouse-construction-dubai-planning-guide#image-6","/images/internal/industrial-steel-roof.webp","/blog/warehouse-construction-dubai-planning-guide","How to challenge a contractor proposal / Transparent editorial ownership","card","unsplash:photo-1662120399978-738d233edbec","Workers on a scissor lift installing industrial steel roof trusses","Suitable distinct real photograph remains to be sourced and reviewed","Missing distinct real replacement; inherited duplicate retained pending suitable photograph"
"/blog/warehouse-construction-dubai-planning-guide#image-7","/images/internal/project-site-coordination.webp","/blog/warehouse-construction-dubai-planning-guide","What a useful first technical meeting should produce / Transparent editorial ownership","card","unsplash:photo-1742112125567-3e8967bad60f","Two construction professionals reviewing a clipboard on site","Suitable distinct real photograph remains to be sourced and reviewed","Missing distinct real replacement; inherited duplicate retained pending suitable photograph"
"/blog/warehouse-construction-dubai-timeline-process#image-3","/images/generated/blog/choosing-building-contractor-dubai-desktop.webp","/blog/warehouse-construction-dubai-timeline-process","Warehouse Construction Dubai: Timeline and Process / Transparent editorial ownership","hero","/images/generated/blog/choosing-building-contractor-dubai","Construction company Dubai team reviewing warehouse contractor scope","Suitable distinct real photograph remains to be sourced and reviewed","Missing distinct real replacement; inherited duplicate retained pending suitable photograph"
"/blog/warehouse-construction-dubai-timeline-process#image-4","/images/project-warehouse-industrial-dubai.webp","/blog/warehouse-construction-dubai-timeline-process","Timeline and Process: define the scope before it becomes a price / Transparent editorial ownership","card","unsplash:photo-1592085198739-ffcad7f36b54","Pallet racks and stored goods inside an industrial warehouse","Suitable distinct real photograph remains to be sourced and reviewed","Missing distinct real replacement; inherited duplicate retained pending suitable photograph"
"/blog/warehouse-construction-dubai-timeline-process#image-5","/images/project-authority-approvals-dubai.webp","/blog/warehouse-construction-dubai-timeline-process","Engineering interfaces that control warehouse construction dubai / Transparent editorial ownership","card","unsplash:photo-1581674662583-5e89b374fae6","Architectural plans and a notebook arranged on a worktable","Suitable distinct real photograph remains to be sourced and reviewed","Missing distinct real replacement; inherited duplicate retained pending suitable photograph"
"/blog/warehouse-construction-dubai-timeline-process#image-6","/images/internal/industrial-steel-roof.webp","/blog/warehouse-construction-dubai-timeline-process","How to challenge a contractor proposal / Transparent editorial ownership","card","unsplash:photo-1662120399978-738d233edbec","Workers on a scissor lift installing industrial steel roof trusses","Suitable distinct real photograph remains to be sourced and reviewed","Missing distinct real replacement; inherited duplicate retained pending suitable photograph"
"/blog/warehouse-construction-dubai-timeline-process#image-7","/images/internal/project-site-coordination.webp","/blog/warehouse-construction-dubai-timeline-process","What a useful first technical meeting should produce / Transparent editorial ownership","card","unsplash:photo-1742112125567-3e8967bad60f","Two construction professionals reviewing a clipboard on site","Suitable distinct real photograph remains to be sourced and reviewed","Missing distinct real replacement; inherited duplicate retained pending suitable photograph"
"/blog/warehouse-contractors-dubai-approval-checklist#image-3","/images/generated/blog/dubai-authority-approvals-guide-desktop.webp","/blog/warehouse-contractors-dubai-approval-checklist","Warehouse Contractors Dubai: Approval Checklist / Transparent editorial ownership","hero","/images/generated/blog/dubai-authority-approvals-guide","Dubai authority approval documents for warehouse construction projects","Suitable distinct real photograph remains to be sourced and reviewed","Missing distinct real replacement; inherited duplicate retained pending suitable photograph"
"/blog/warehouse-contractors-dubai-approval-checklist#image-4","/images/internal/architectural-drawing-review.webp","/blog/warehouse-contractors-dubai-approval-checklist","Approval Checklist: define the scope before it becomes a price / Transparent editorial ownership","card","unsplash:photo-1608303588026-884930af2559","Hands reviewing architectural drawings with a ruler and calculator","Suitable distinct real photograph remains to be sourced and reviewed","Missing distinct real replacement; inherited duplicate retained pending suitable photograph"
"/blog/warehouse-contractors-dubai-approval-checklist#image-5","/images/project-authority-approvals-dubai.webp","/blog/warehouse-contractors-dubai-approval-checklist","Engineering interfaces that control warehouse contractors dubai / Transparent editorial ownership","card","unsplash:photo-1581674662583-5e89b374fae6","Architectural plans and a notebook arranged on a worktable","Suitable distinct real photograph remains to be sourced and reviewed","Missing distinct real replacement; inherited duplicate retained pending suitable photograph"
"/blog/warehouse-contractors-dubai-approval-checklist#image-6","/images/internal/project-site-coordination.webp","/blog/warehouse-contractors-dubai-approval-checklist","How to challenge a contractor proposal / Transparent editorial ownership","card","unsplash:photo-1742112125567-3e8967bad60f","Two construction professionals reviewing a clipboard on site","Suitable distinct real photograph remains to be sourced and reviewed","Missing distinct real replacement; inherited duplicate retained pending suitable photograph"
"/blog/warehouse-contractors-dubai-approval-checklist#image-7","/images/sections/office-records-desk.webp","/blog/warehouse-contractors-dubai-approval-checklist","What a useful first technical meeting should produce / Transparent editorial ownership","card","pexels:8353764","Paper documents, an open folder and computer monitors on an office desk","Suitable distinct real photograph remains to be sourced and reviewed","Missing distinct real replacement; inherited duplicate retained pending suitable photograph"
"/blog/warehouse-contractors-dubai-contractor-selection#image-3","/images/generated/blog/civil-construction-dubai-guide-2026-desktop.webp","/blog/warehouse-contractors-dubai-contractor-selection","Warehouse Contractors Dubai: Contractor Selection / Transparent editorial ownership","hero","/images/generated/blog/civil-construction-dubai-guide-2026","Civil contractor Dubai planning for warehouse and industrial construction","Suitable distinct real photograph remains to be sourced and reviewed","Missing distinct real replacement; inherited duplicate retained pending suitable photograph"
"/blog/warehouse-contractors-dubai-contractor-selection#image-4","/images/project-warehouse-industrial-dubai.webp","/blog/warehouse-contractors-dubai-contractor-selection","Contractor Selection: define the scope before it becomes a price / Transparent editorial ownership","card","unsplash:photo-1592085198739-ffcad7f36b54","Pallet racks and stored goods inside an industrial warehouse","Suitable distinct real photograph remains to be sourced and reviewed","Missing distinct real replacement; inherited duplicate retained pending suitable photograph"
"/blog/warehouse-contractors-dubai-contractor-selection#image-5","/images/project-authority-approvals-dubai.webp","/blog/warehouse-contractors-dubai-contractor-selection","Engineering interfaces that control warehouse contractors dubai / Transparent editorial ownership","card","unsplash:photo-1581674662583-5e89b374fae6","Architectural plans and a notebook arranged on a worktable","Suitable distinct real photograph remains to be sourced and reviewed","Missing distinct real replacement; inherited duplicate retained pending suitable photograph"
"/blog/warehouse-contractors-dubai-contractor-selection#image-6","/images/internal/industrial-steel-roof.webp","/blog/warehouse-contractors-dubai-contractor-selection","How to challenge a contractor proposal / Transparent editorial ownership","card","unsplash:photo-1662120399978-738d233edbec","Workers on a scissor lift installing industrial steel roof trusses","Suitable distinct real photograph remains to be sourced and reviewed","Missing distinct real replacement; inherited duplicate retained pending suitable photograph"
"/blog/warehouse-contractors-dubai-contractor-selection#image-7","/images/internal/project-site-coordination.webp","/blog/warehouse-contractors-dubai-contractor-selection","What a useful first technical meeting should produce / Transparent editorial ownership","card","unsplash:photo-1742112125567-3e8967bad60f","Two construction professionals reviewing a clipboard on site","Suitable distinct real photograph remains to be sourced and reviewed","Missing distinct real replacement; inherited duplicate retained pending suitable photograph"
"/blog/warehouse-contractors-dubai-cost-factors#image-3","/images/generated/blog/choosing-building-contractor-dubai-desktop.webp","/blog/warehouse-contractors-dubai-cost-factors","Warehouse Contractors Dubai: Cost Factors / Transparent editorial ownership","hero","/images/generated/blog/choosing-building-contractor-dubai","Construction company Dubai team reviewing warehouse contractor scope","Suitable distinct real photograph remains to be sourced and reviewed","Missing distinct real replacement; inherited duplicate retained pending suitable photograph"
"/blog/warehouse-contractors-dubai-cost-factors#image-4","/images/project-warehouse-industrial-dubai.webp","/blog/warehouse-contractors-dubai-cost-factors","Cost Factors: define the scope before it becomes a price / Transparent editorial ownership","card","unsplash:photo-1592085198739-ffcad7f36b54","Pallet racks and stored goods inside an industrial warehouse","Suitable distinct real photograph remains to be sourced and reviewed","Missing distinct real replacement; inherited duplicate retained pending suitable photograph"
"/blog/warehouse-contractors-dubai-cost-factors#image-5","/images/project-authority-approvals-dubai.webp","/blog/warehouse-contractors-dubai-cost-factors","Engineering interfaces that control warehouse contractors dubai / Transparent editorial ownership","card","unsplash:photo-1581674662583-5e89b374fae6","Architectural plans and a notebook arranged on a worktable","Suitable distinct real photograph remains to be sourced and reviewed","Missing distinct real replacement; inherited duplicate retained pending suitable photograph"
"/blog/warehouse-contractors-dubai-cost-factors#image-6","/images/internal/industrial-steel-roof.webp","/blog/warehouse-contractors-dubai-cost-factors","How to challenge a contractor proposal / Transparent editorial ownership","card","unsplash:photo-1662120399978-738d233edbec","Workers on a scissor lift installing industrial steel roof trusses","Suitable distinct real photograph remains to be sourced and reviewed","Missing distinct real replacement; inherited duplicate retained pending suitable photograph"
"/blog/warehouse-contractors-dubai-cost-factors#image-7","/images/internal/project-site-coordination.webp","/blog/warehouse-contractors-dubai-cost-factors","What a useful first technical meeting should produce / Transparent editorial ownership","card","unsplash:photo-1742112125567-3e8967bad60f","Two construction professionals reviewing a clipboard on site","Suitable distinct real photograph remains to be sourced and reviewed","Missing distinct real replacement; inherited duplicate retained pending suitable photograph"
"/blog/warehouse-contractors-dubai-planning-guide#image-3","/images/generated/blog/civil-construction-dubai-guide-2026-desktop.webp","/blog/warehouse-contractors-dubai-planning-guide","Warehouse Contractors Dubai: Planning Guide / Transparent editorial ownership","hero","/images/generated/blog/civil-construction-dubai-guide-2026","Civil contractor Dubai planning for warehouse and industrial construction","Suitable distinct real photograph remains to be sourced and reviewed","Missing distinct real replacement; inherited duplicate retained pending suitable photograph"
"/blog/warehouse-contractors-dubai-planning-guide#image-4","/images/project-warehouse-industrial-dubai.webp","/blog/warehouse-contractors-dubai-planning-guide","Planning Guide: define the scope before it becomes a price / Transparent editorial ownership","card","unsplash:photo-1592085198739-ffcad7f36b54","Pallet racks and stored goods inside an industrial warehouse","Suitable distinct real photograph remains to be sourced and reviewed","Missing distinct real replacement; inherited duplicate retained pending suitable photograph"
"/blog/warehouse-contractors-dubai-planning-guide#image-5","/images/project-authority-approvals-dubai.webp","/blog/warehouse-contractors-dubai-planning-guide","Engineering interfaces that control warehouse contractors dubai / Transparent editorial ownership","card","unsplash:photo-1581674662583-5e89b374fae6","Architectural plans and a notebook arranged on a worktable","Suitable distinct real photograph remains to be sourced and reviewed","Missing distinct real replacement; inherited duplicate retained pending suitable photograph"
"/blog/warehouse-contractors-dubai-planning-guide#image-6","/images/internal/industrial-steel-roof.webp","/blog/warehouse-contractors-dubai-planning-guide","How to challenge a contractor proposal / Transparent editorial ownership","card","unsplash:photo-1662120399978-738d233edbec","Workers on a scissor lift installing industrial steel roof trusses","Suitable distinct real photograph remains to be sourced and reviewed","Missing distinct real replacement; inherited duplicate retained pending suitable photograph"
"/blog/warehouse-contractors-dubai-planning-guide#image-7","/images/internal/project-site-coordination.webp","/blog/warehouse-contractors-dubai-planning-guide","What a useful first technical meeting should produce / Transparent editorial ownership","card","unsplash:photo-1742112125567-3e8967bad60f","Two construction professionals reviewing a clipboard on site","Suitable distinct real photograph remains to be sourced and reviewed","Missing distinct real replacement; inherited duplicate retained pending suitable photograph"
"/blog/warehouse-contractors-dubai-timeline-process#image-3","/images/generated/blog/warehouse-construction-planning-guide-desktop.webp","/blog/warehouse-contractors-dubai-timeline-process","Warehouse Contractors Dubai: Timeline and Process / Transparent editorial ownership","hero","/images/generated/blog/warehouse-construction-planning-guide","Warehouse construction planning and contractor coordination in Dubai","Suitable distinct real photograph remains to be sourced and reviewed","Missing distinct real replacement; inherited duplicate retained pending suitable photograph"
"/blog/warehouse-contractors-dubai-timeline-process#image-4","/images/project-warehouse-industrial-dubai.webp","/blog/warehouse-contractors-dubai-timeline-process","Timeline and Process: define the scope before it becomes a price / Transparent editorial ownership","card","unsplash:photo-1592085198739-ffcad7f36b54","Pallet racks and stored goods inside an industrial warehouse","Suitable distinct real photograph remains to be sourced and reviewed","Missing distinct real replacement; inherited duplicate retained pending suitable photograph"
"/blog/warehouse-contractors-dubai-timeline-process#image-5","/images/project-authority-approvals-dubai.webp","/blog/warehouse-contractors-dubai-timeline-process","Engineering interfaces that control warehouse contractors dubai / Transparent editorial ownership","card","unsplash:photo-1581674662583-5e89b374fae6","Architectural plans and a notebook arranged on a worktable","Suitable distinct real photograph remains to be sourced and reviewed","Missing distinct real replacement; inherited duplicate retained pending suitable photograph"
"/blog/warehouse-contractors-dubai-timeline-process#image-6","/images/internal/industrial-steel-roof.webp","/blog/warehouse-contractors-dubai-timeline-process","How to challenge a contractor proposal / Transparent editorial ownership","card","unsplash:photo-1662120399978-738d233edbec","Workers on a scissor lift installing industrial steel roof trusses","Suitable distinct real photograph remains to be sourced and reviewed","Missing distinct real replacement; inherited duplicate retained pending suitable photograph"
"/blog/warehouse-contractors-dubai-timeline-process#image-7","/images/internal/project-site-coordination.webp","/blog/warehouse-contractors-dubai-timeline-process","What a useful first technical meeting should produce / Transparent editorial ownership","card","unsplash:photo-1742112125567-3e8967bad60f","Two construction professionals reviewing a clipboard on site","Suitable distinct real photograph remains to be sourced and reviewed","Missing distinct real replacement; inherited duplicate retained pending suitable photograph"
"/blog/warehouse-cost-planning-dubai-approval-checklist#image-3","/images/generated/blog/choosing-building-contractor-dubai-desktop.webp","/blog/warehouse-cost-planning-dubai-approval-checklist","Warehouse Cost Planning Dubai: Approval Checklist / Transparent editorial ownership","hero","/images/generated/blog/choosing-building-contractor-dubai","Construction company Dubai team reviewing warehouse contractor scope","Suitable distinct real photograph remains to be sourced and reviewed","Missing distinct real replacement; inherited duplicate retained pending suitable photograph"
"/blog/warehouse-cost-planning-dubai-approval-checklist#image-4","/images/internal/architectural-drawing-review.webp","/blog/warehouse-cost-planning-dubai-approval-checklist","Approval Checklist: define the scope before it becomes a price / Transparent editorial ownership","card","unsplash:photo-1608303588026-884930af2559","Hands reviewing architectural drawings with a ruler and calculator","Suitable distinct real photograph remains to be sourced and reviewed","Missing distinct real replacement; inherited duplicate retained pending suitable photograph"
"/blog/warehouse-cost-planning-dubai-approval-checklist#image-5","/images/project-authority-approvals-dubai.webp","/blog/warehouse-cost-planning-dubai-approval-checklist","Engineering interfaces that control warehouse cost planning dubai / Transparent editorial ownership","card","unsplash:photo-1581674662583-5e89b374fae6","Architectural plans and a notebook arranged on a worktable","Suitable distinct real photograph remains to be sourced and reviewed","Missing distinct real replacement; inherited duplicate retained pending suitable photograph"
"/blog/warehouse-cost-planning-dubai-approval-checklist#image-6","/images/internal/project-site-coordination.webp","/blog/warehouse-cost-planning-dubai-approval-checklist","How to challenge a contractor proposal / Transparent editorial ownership","card","unsplash:photo-1742112125567-3e8967bad60f","Two construction professionals reviewing a clipboard on site","Suitable distinct real photograph remains to be sourced and reviewed","Missing distinct real replacement; inherited duplicate retained pending suitable photograph"
"/blog/warehouse-cost-planning-dubai-approval-checklist#image-7","/images/sections/office-records-desk.webp","/blog/warehouse-cost-planning-dubai-approval-checklist","What a useful first technical meeting should produce / Transparent editorial ownership","card","pexels:8353764","Paper documents, an open folder and computer monitors on an office desk","Suitable distinct real photograph remains to be sourced and reviewed","Missing distinct real replacement; inherited duplicate retained pending suitable photograph"
"/blog/warehouse-cost-planning-dubai-contractor-selection#image-3","/images/generated/blog/dubai-authority-approvals-guide-desktop.webp","/blog/warehouse-cost-planning-dubai-contractor-selection","Warehouse Cost Planning Dubai: Contractor Selection / Transparent editorial ownership","hero","/images/generated/blog/dubai-authority-approvals-guide","Dubai authority approval documents for warehouse construction projects","Suitable distinct real photograph remains to be sourced and reviewed","Missing distinct real replacement; inherited duplicate retained pending suitable photograph"
"/blog/warehouse-cost-planning-dubai-contractor-selection#image-4","/images/project-warehouse-industrial-dubai.webp","/blog/warehouse-cost-planning-dubai-contractor-selection","Contractor Selection: define the scope before it becomes a price / Transparent editorial ownership","card","unsplash:photo-1592085198739-ffcad7f36b54","Pallet racks and stored goods inside an industrial warehouse","Suitable distinct real photograph remains to be sourced and reviewed","Missing distinct real replacement; inherited duplicate retained pending suitable photograph"
"/blog/warehouse-cost-planning-dubai-contractor-selection#image-5","/images/project-authority-approvals-dubai.webp","/blog/warehouse-cost-planning-dubai-contractor-selection","Engineering interfaces that control warehouse cost planning dubai / Transparent editorial ownership","card","unsplash:photo-1581674662583-5e89b374fae6","Architectural plans and a notebook arranged on a worktable","Suitable distinct real photograph remains to be sourced and reviewed","Missing distinct real replacement; inherited duplicate retained pending suitable photograph"
"/blog/warehouse-cost-planning-dubai-contractor-selection#image-6","/images/internal/industrial-steel-roof.webp","/blog/warehouse-cost-planning-dubai-contractor-selection","How to challenge a contractor proposal / Transparent editorial ownership","card","unsplash:photo-1662120399978-738d233edbec","Workers on a scissor lift installing industrial steel roof trusses","Suitable distinct real photograph remains to be sourced and reviewed","Missing distinct real replacement; inherited duplicate retained pending suitable photograph"
"/blog/warehouse-cost-planning-dubai-contractor-selection#image-7","/images/internal/project-site-coordination.webp","/blog/warehouse-cost-planning-dubai-contractor-selection","What a useful first technical meeting should produce / Transparent editorial ownership","card","unsplash:photo-1742112125567-3e8967bad60f","Two construction professionals reviewing a clipboard on site","Suitable distinct real photograph remains to be sourced and reviewed","Missing distinct real replacement; inherited duplicate retained pending suitable photograph"
"/blog/warehouse-cost-planning-dubai-cost-factors#image-3","/images/generated/blog/warehouse-construction-planning-guide-desktop.webp","/blog/warehouse-cost-planning-dubai-cost-factors","Warehouse Cost Planning Dubai: Cost Factors / Transparent editorial ownership","hero","/images/generated/blog/warehouse-construction-planning-guide","Warehouse construction planning and contractor coordination in Dubai","Suitable distinct real photograph remains to be sourced and reviewed","Missing distinct real replacement; inherited duplicate retained pending suitable photograph"
"/blog/warehouse-cost-planning-dubai-cost-factors#image-4","/images/project-warehouse-industrial-dubai.webp","/blog/warehouse-cost-planning-dubai-cost-factors","Cost Factors: define the scope before it becomes a price / Transparent editorial ownership","card","unsplash:photo-1592085198739-ffcad7f36b54","Pallet racks and stored goods inside an industrial warehouse","Suitable distinct real photograph remains to be sourced and reviewed","Missing distinct real replacement; inherited duplicate retained pending suitable photograph"
"/blog/warehouse-cost-planning-dubai-cost-factors#image-5","/images/project-authority-approvals-dubai.webp","/blog/warehouse-cost-planning-dubai-cost-factors","Engineering interfaces that control warehouse cost planning dubai / Transparent editorial ownership","card","unsplash:photo-1581674662583-5e89b374fae6","Architectural plans and a notebook arranged on a worktable","Suitable distinct real photograph remains to be sourced and reviewed","Missing distinct real replacement; inherited duplicate retained pending suitable photograph"
"/blog/warehouse-cost-planning-dubai-cost-factors#image-6","/images/internal/industrial-steel-roof.webp","/blog/warehouse-cost-planning-dubai-cost-factors","How to challenge a contractor proposal / Transparent editorial ownership","card","unsplash:photo-1662120399978-738d233edbec","Workers on a scissor lift installing industrial steel roof trusses","Suitable distinct real photograph remains to be sourced and reviewed","Missing distinct real replacement; inherited duplicate retained pending suitable photograph"
"/blog/warehouse-cost-planning-dubai-cost-factors#image-7","/images/internal/project-site-coordination.webp","/blog/warehouse-cost-planning-dubai-cost-factors","What a useful first technical meeting should produce / Transparent editorial ownership","card","unsplash:photo-1742112125567-3e8967bad60f","Two construction professionals reviewing a clipboard on site","Suitable distinct real photograph remains to be sourced and reviewed","Missing distinct real replacement; inherited duplicate retained pending suitable photograph"
"/blog/warehouse-cost-planning-dubai-planning-guide#image-3","/images/generated/blog/dubai-authority-approvals-guide-desktop.webp","/blog/warehouse-cost-planning-dubai-planning-guide","Warehouse Cost Planning Dubai: Planning Guide / Transparent editorial ownership","hero","/images/generated/blog/dubai-authority-approvals-guide","Dubai authority approval documents for warehouse construction projects","Suitable distinct real photograph remains to be sourced and reviewed","Missing distinct real replacement; inherited duplicate retained pending suitable photograph"
"/blog/warehouse-cost-planning-dubai-planning-guide#image-4","/images/project-warehouse-industrial-dubai.webp","/blog/warehouse-cost-planning-dubai-planning-guide","Planning Guide: define the scope before it becomes a price / Transparent editorial ownership","card","unsplash:photo-1592085198739-ffcad7f36b54","Pallet racks and stored goods inside an industrial warehouse","Suitable distinct real photograph remains to be sourced and reviewed","Missing distinct real replacement; inherited duplicate retained pending suitable photograph"
"/blog/warehouse-cost-planning-dubai-planning-guide#image-5","/images/project-authority-approvals-dubai.webp","/blog/warehouse-cost-planning-dubai-planning-guide","Engineering interfaces that control warehouse cost planning dubai / Transparent editorial ownership","card","unsplash:photo-1581674662583-5e89b374fae6","Architectural plans and a notebook arranged on a worktable","Suitable distinct real photograph remains to be sourced and reviewed","Missing distinct real replacement; inherited duplicate retained pending suitable photograph"
"/blog/warehouse-cost-planning-dubai-planning-guide#image-6","/images/internal/industrial-steel-roof.webp","/blog/warehouse-cost-planning-dubai-planning-guide","How to challenge a contractor proposal / Transparent editorial ownership","card","unsplash:photo-1662120399978-738d233edbec","Workers on a scissor lift installing industrial steel roof trusses","Suitable distinct real photograph remains to be sourced and reviewed","Missing distinct real replacement; inherited duplicate retained pending suitable photograph"
"/blog/warehouse-cost-planning-dubai-planning-guide#image-7","/images/internal/project-site-coordination.webp","/blog/warehouse-cost-planning-dubai-planning-guide","What a useful first technical meeting should produce / Transparent editorial ownership","card","unsplash:photo-1742112125567-3e8967bad60f","Two construction professionals reviewing a clipboard on site","Suitable distinct real photograph remains to be sourced and reviewed","Missing distinct real replacement; inherited duplicate retained pending suitable photograph"
"/blog/warehouse-cost-planning-dubai-timeline-process#image-3","/images/generated/blog/civil-construction-dubai-guide-2026-desktop.webp","/blog/warehouse-cost-planning-dubai-timeline-process","Warehouse Cost Planning Dubai: Timeline and Process / Transparent editorial ownership","hero","/images/generated/blog/civil-construction-dubai-guide-2026","Civil contractor Dubai planning for warehouse and industrial construction","Suitable distinct real photograph remains to be sourced and reviewed","Missing distinct real replacement; inherited duplicate retained pending suitable photograph"
"/blog/warehouse-cost-planning-dubai-timeline-process#image-4","/images/project-warehouse-industrial-dubai.webp","/blog/warehouse-cost-planning-dubai-timeline-process","Timeline and Process: define the scope before it becomes a price / Transparent editorial ownership","card","unsplash:photo-1592085198739-ffcad7f36b54","Pallet racks and stored goods inside an industrial warehouse","Suitable distinct real photograph remains to be sourced and reviewed","Missing distinct real replacement; inherited duplicate retained pending suitable photograph"
"/blog/warehouse-cost-planning-dubai-timeline-process#image-5","/images/project-authority-approvals-dubai.webp","/blog/warehouse-cost-planning-dubai-timeline-process","Engineering interfaces that control warehouse cost planning dubai / Transparent editorial ownership","card","unsplash:photo-1581674662583-5e89b374fae6","Architectural plans and a notebook arranged on a worktable","Suitable distinct real photograph remains to be sourced and reviewed","Missing distinct real replacement; inherited duplicate retained pending suitable photograph"
"/blog/warehouse-cost-planning-dubai-timeline-process#image-6","/images/internal/industrial-steel-roof.webp","/blog/warehouse-cost-planning-dubai-timeline-process","How to challenge a contractor proposal / Transparent editorial ownership","card","unsplash:photo-1662120399978-738d233edbec","Workers on a scissor lift installing industrial steel roof trusses","Suitable distinct real photograph remains to be sourced and reviewed","Missing distinct real replacement; inherited duplicate retained pending suitable photograph"
"/blog/warehouse-cost-planning-dubai-timeline-process#image-7","/images/internal/project-site-coordination.webp","/blog/warehouse-cost-planning-dubai-timeline-process","What a useful first technical meeting should produce / Transparent editorial ownership","card","unsplash:photo-1742112125567-3e8967bad60f","Two construction professionals reviewing a clipboard on site","Suitable distinct real photograph remains to be sourced and reviewed","Missing distinct real replacement; inherited duplicate retained pending suitable photograph"
"/blog/warehouse-dcd-approvals-approval-checklist#image-3","/images/generated/blog/warehouse-construction-planning-guide-desktop.webp","/blog/warehouse-dcd-approvals-approval-checklist","Warehouse DCD Approvals: Approval Checklist / Transparent editorial ownership","hero","/images/generated/blog/warehouse-construction-planning-guide","Warehouse construction planning and contractor coordination in Dubai","Suitable distinct real photograph remains to be sourced and reviewed","Missing distinct real replacement; inherited duplicate retained pending suitable photograph"
"/blog/warehouse-dcd-approvals-approval-checklist#image-4","/images/internal/fire-sprinkler-pipework.webp","/blog/warehouse-dcd-approvals-approval-checklist","Approval Checklist: define the scope before it becomes a price / Transparent editorial ownership","card","pexels:37352142","Red sprinkler risers with control valves and gauges on an industrial building","Suitable distinct real photograph remains to be sourced and reviewed","Missing distinct real replacement; inherited duplicate retained pending suitable photograph"
"/blog/warehouse-dcd-approvals-approval-checklist#image-5","/images/internal/architectural-drawing-review.webp","/blog/warehouse-dcd-approvals-approval-checklist","Engineering interfaces that control warehouse dcd approvals / Transparent editorial ownership","card","unsplash:photo-1608303588026-884930af2559","Hands reviewing architectural drawings with a ruler and calculator","Suitable distinct real photograph remains to be sourced and reviewed","Missing distinct real replacement; inherited duplicate retained pending suitable photograph"
"/blog/warehouse-dcd-approvals-approval-checklist#image-6","/images/project-mep-coordination-dubai.webp","/blog/warehouse-dcd-approvals-approval-checklist","How to challenge a contractor proposal / Transparent editorial ownership","card","unsplash:photo-1778514825784-0659eaf8e7a2","Water pipes and electrical conduits during building services installation","Suitable distinct real photograph remains to be sourced and reviewed","Missing distinct real replacement; inherited duplicate retained pending suitable photograph"
"/blog/warehouse-dcd-approvals-approval-checklist#image-7","/images/internal/project-site-coordination.webp","/blog/warehouse-dcd-approvals-approval-checklist","What a useful first technical meeting should produce / Transparent editorial ownership","card","unsplash:photo-1742112125567-3e8967bad60f","Two construction professionals reviewing a clipboard on site","Suitable distinct real photograph remains to be sourced and reviewed","Missing distinct real replacement; inherited duplicate retained pending suitable photograph"
"/blog/warehouse-dcd-approvals-contractor-selection#image-3","/images/generated/blog/choosing-building-contractor-dubai-desktop.webp","/blog/warehouse-dcd-approvals-contractor-selection","Warehouse DCD Approvals: Contractor Selection / Transparent editorial ownership","hero","/images/generated/blog/choosing-building-contractor-dubai","Construction company Dubai team reviewing warehouse contractor scope","Suitable distinct real photograph remains to be sourced and reviewed","Missing distinct real replacement; inherited duplicate retained pending suitable photograph"
"/blog/warehouse-dcd-approvals-contractor-selection#image-4","/images/internal/fire-sprinkler-pipework.webp","/blog/warehouse-dcd-approvals-contractor-selection","Contractor Selection: define the scope before it becomes a price / Transparent editorial ownership","card","pexels:37352142","Red sprinkler risers with control valves and gauges on an industrial building","Suitable distinct real photograph remains to be sourced and reviewed","Missing distinct real replacement; inherited duplicate retained pending suitable photograph"
"/blog/warehouse-dcd-approvals-contractor-selection#image-5","/images/internal/architectural-drawing-review.webp","/blog/warehouse-dcd-approvals-contractor-selection","Engineering interfaces that control warehouse dcd approvals / Transparent editorial ownership","card","unsplash:photo-1608303588026-884930af2559","Hands reviewing architectural drawings with a ruler and calculator","Suitable distinct real photograph remains to be sourced and reviewed","Missing distinct real replacement; inherited duplicate retained pending suitable photograph"
"/blog/warehouse-dcd-approvals-contractor-selection#image-6","/images/project-mep-coordination-dubai.webp","/blog/warehouse-dcd-approvals-contractor-selection","How to challenge a contractor proposal / Transparent editorial ownership","card","unsplash:photo-1778514825784-0659eaf8e7a2","Water pipes and electrical conduits during building services installation","Suitable distinct real photograph remains to be sourced and reviewed","Missing distinct real replacement; inherited duplicate retained pending suitable photograph"
"/blog/warehouse-dcd-approvals-contractor-selection#image-7","/images/internal/project-site-coordination.webp","/blog/warehouse-dcd-approvals-contractor-selection","What a useful first technical meeting should produce / Transparent editorial ownership","card","unsplash:photo-1742112125567-3e8967bad60f","Two construction professionals reviewing a clipboard on site","Suitable distinct real photograph remains to be sourced and reviewed","Missing distinct real replacement; inherited duplicate retained pending suitable photograph"
"/blog/warehouse-dcd-approvals-cost-factors#image-3","/images/generated/blog/civil-construction-dubai-guide-2026-desktop.webp","/blog/warehouse-dcd-approvals-cost-factors","Warehouse DCD Approvals: Cost Factors / Transparent editorial ownership","hero","/images/generated/blog/civil-construction-dubai-guide-2026","Civil contractor Dubai planning for warehouse and industrial construction","Suitable distinct real photograph remains to be sourced and reviewed","Missing distinct real replacement; inherited duplicate retained pending suitable photograph"
"/blog/warehouse-dcd-approvals-cost-factors#image-4","/images/internal/fire-sprinkler-pipework.webp","/blog/warehouse-dcd-approvals-cost-factors","Authority sequence and document ownership / Transparent editorial ownership","card","pexels:37352142","Red sprinkler risers with control valves and gauges on an industrial building","Suitable distinct real photograph remains to be sourced and reviewed","Missing distinct real replacement; inherited duplicate retained pending suitable photograph"
"/blog/warehouse-dcd-approvals-cost-factors#image-5","/images/internal/architectural-drawing-review.webp","/blog/warehouse-dcd-approvals-cost-factors","Cost and programme reasoning for the cost factors decision / Transparent editorial ownership","card","unsplash:photo-1608303588026-884930af2559","Hands reviewing architectural drawings with a ruler and calculator","Suitable distinct real photograph remains to be sourced and reviewed","Missing distinct real replacement; inherited duplicate retained pending suitable photograph"
"/blog/warehouse-dcd-approvals-cost-factors#image-6","/images/project-mep-coordination-dubai.webp","/blog/warehouse-dcd-approvals-cost-factors","What a useful first technical meeting should produce / Transparent editorial ownership","card","unsplash:photo-1778514825784-0659eaf8e7a2","Water pipes and electrical conduits during building services installation","Suitable distinct real photograph remains to be sourced and reviewed","Missing distinct real replacement; inherited duplicate retained pending suitable photograph"
"/blog/warehouse-dcd-approvals-cost-factors#image-7","/images/internal/project-site-coordination.webp","/blog/warehouse-dcd-approvals-cost-factors","Show which operating changes could reopen the estimate / Transparent editorial ownership","card","unsplash:photo-1742112125567-3e8967bad60f","Two construction professionals reviewing a clipboard on site","Suitable distinct real photograph remains to be sourced and reviewed","Missing distinct real replacement; inherited duplicate retained pending suitable photograph"
"/blog/warehouse-dcd-approvals-planning-guide#image-3","/images/generated/blog/choosing-building-contractor-dubai-desktop.webp","/blog/warehouse-dcd-approvals-planning-guide","Warehouse DCD Approvals: Planning Guide / Transparent editorial ownership","hero","/images/generated/blog/choosing-building-contractor-dubai","Construction company Dubai team reviewing warehouse contractor scope","Suitable distinct real photograph remains to be sourced and reviewed","Missing distinct real replacement; inherited duplicate retained pending suitable photograph"
"/blog/warehouse-dcd-approvals-planning-guide#image-4","/images/internal/fire-sprinkler-pipework.webp","/blog/warehouse-dcd-approvals-planning-guide","Planning Guide: define the scope before it becomes a price / Transparent editorial ownership","card","pexels:37352142","Red sprinkler risers with control valves and gauges on an industrial building","Suitable distinct real photograph remains to be sourced and reviewed","Missing distinct real replacement; inherited duplicate retained pending suitable photograph"
"/blog/warehouse-dcd-approvals-planning-guide#image-5","/images/internal/architectural-drawing-review.webp","/blog/warehouse-dcd-approvals-planning-guide","Engineering interfaces that control warehouse dcd approvals / Transparent editorial ownership","card","unsplash:photo-1608303588026-884930af2559","Hands reviewing architectural drawings with a ruler and calculator","Suitable distinct real photograph remains to be sourced and reviewed","Missing distinct real replacement; inherited duplicate retained pending suitable photograph"
"/blog/warehouse-dcd-approvals-planning-guide#image-6","/images/project-mep-coordination-dubai.webp","/blog/warehouse-dcd-approvals-planning-guide","How to challenge a contractor proposal / Transparent editorial ownership","card","unsplash:photo-1778514825784-0659eaf8e7a2","Water pipes and electrical conduits during building services installation","Suitable distinct real photograph remains to be sourced and reviewed","Missing distinct real replacement; inherited duplicate retained pending suitable photograph"
"/blog/warehouse-dcd-approvals-planning-guide#image-7","/images/internal/project-site-coordination.webp","/blog/warehouse-dcd-approvals-planning-guide","What a useful first technical meeting should produce / Transparent editorial ownership","card","unsplash:photo-1742112125567-3e8967bad60f","Two construction professionals reviewing a clipboard on site","Suitable distinct real photograph remains to be sourced and reviewed","Missing distinct real replacement; inherited duplicate retained pending suitable photograph"
"/blog/warehouse-dcd-approvals-timeline-process#image-3","/images/generated/blog/dubai-authority-approvals-guide-desktop.webp","/blog/warehouse-dcd-approvals-timeline-process","Warehouse DCD Approvals: Timeline and Process / Transparent editorial ownership","hero","/images/generated/blog/dubai-authority-approvals-guide","Dubai authority approval documents for warehouse construction projects","Suitable distinct real photograph remains to be sourced and reviewed","Missing distinct real replacement; inherited duplicate retained pending suitable photograph"
"/blog/warehouse-dcd-approvals-timeline-process#image-4","/images/internal/fire-sprinkler-pipework.webp","/blog/warehouse-dcd-approvals-timeline-process","Timeline and Process: define the scope before it becomes a price / Transparent editorial ownership","card","pexels:37352142","Red sprinkler risers with control valves and gauges on an industrial building","Suitable distinct real photograph remains to be sourced and reviewed","Missing distinct real replacement; inherited duplicate retained pending suitable photograph"
"/blog/warehouse-dcd-approvals-timeline-process#image-5","/images/internal/architectural-drawing-review.webp","/blog/warehouse-dcd-approvals-timeline-process","Engineering interfaces that control warehouse dcd approvals / Transparent editorial ownership","card","unsplash:photo-1608303588026-884930af2559","Hands reviewing architectural drawings with a ruler and calculator","Suitable distinct real photograph remains to be sourced and reviewed","Missing distinct real replacement; inherited duplicate retained pending suitable photograph"
"/blog/warehouse-dcd-approvals-timeline-process#image-6","/images/project-mep-coordination-dubai.webp","/blog/warehouse-dcd-approvals-timeline-process","How to challenge a contractor proposal / Transparent editorial ownership","card","unsplash:photo-1778514825784-0659eaf8e7a2","Water pipes and electrical conduits during building services installation","Suitable distinct real photograph remains to be sourced and reviewed","Missing distinct real replacement; inherited duplicate retained pending suitable photograph"
"/blog/warehouse-dcd-approvals-timeline-process#image-7","/images/internal/project-site-coordination.webp","/blog/warehouse-dcd-approvals-timeline-process","What a useful first technical meeting should produce / Transparent editorial ownership","card","unsplash:photo-1742112125567-3e8967bad60f","Two construction professionals reviewing a clipboard on site","Suitable distinct real photograph remains to be sourced and reviewed","Missing distinct real replacement; inherited duplicate retained pending suitable photograph"
"/blog/warehouse-design-and-build-dubai-approval-checklist#image-3","/images/generated/blog/civil-construction-dubai-guide-2026-desktop.webp","/blog/warehouse-design-and-build-dubai-approval-checklist","Warehouse Design and Build Dubai: Approval Checklist / Transparent editorial ownership","hero","/images/generated/blog/civil-construction-dubai-guide-2026","Civil contractor Dubai planning for warehouse and industrial construction","Suitable distinct real photograph remains to be sourced and reviewed","Missing distinct real replacement; inherited duplicate retained pending suitable photograph"
"/blog/warehouse-design-and-build-dubai-approval-checklist#image-4","/images/internal/architectural-drawing-review.webp","/blog/warehouse-design-and-build-dubai-approval-checklist","Approval Checklist: define the scope before it becomes a price / Transparent editorial ownership","card","unsplash:photo-1608303588026-884930af2559","Hands reviewing architectural drawings with a ruler and calculator","Suitable distinct real photograph remains to be sourced and reviewed","Missing distinct real replacement; inherited duplicate retained pending suitable photograph"
"/blog/warehouse-design-and-build-dubai-approval-checklist#image-5","/images/project-authority-approvals-dubai.webp","/blog/warehouse-design-and-build-dubai-approval-checklist","Engineering interfaces that control warehouse design and build dubai / Transparent editorial ownership","card","unsplash:photo-1581674662583-5e89b374fae6","Architectural plans and a notebook arranged on a worktable","Suitable distinct real photograph remains to be sourced and reviewed","Missing distinct real replacement; inherited duplicate retained pending suitable photograph"
"/blog/warehouse-design-and-build-dubai-approval-checklist#image-6","/images/internal/project-site-coordination.webp","/blog/warehouse-design-and-build-dubai-approval-checklist","How to challenge a contractor proposal / Transparent editorial ownership","card","unsplash:photo-1742112125567-3e8967bad60f","Two construction professionals reviewing a clipboard on site","Suitable distinct real photograph remains to be sourced and reviewed","Missing distinct real replacement; inherited duplicate retained pending suitable photograph"
"/blog/warehouse-design-and-build-dubai-approval-checklist#image-7","/images/sections/office-records-desk.webp","/blog/warehouse-design-and-build-dubai-approval-checklist","What a useful first technical meeting should produce / Transparent editorial ownership","card","pexels:8353764","Paper documents, an open folder and computer monitors on an office desk","Suitable distinct real photograph remains to be sourced and reviewed","Missing distinct real replacement; inherited duplicate retained pending suitable photograph"
"/blog/warehouse-design-and-build-dubai-contractor-selection#image-3","/images/generated/blog/warehouse-construction-planning-guide-desktop.webp","/blog/warehouse-design-and-build-dubai-contractor-selection","Warehouse Design and Build Dubai: Contractor Selection / Transparent editorial ownership","hero","/images/generated/blog/warehouse-construction-planning-guide","Warehouse construction planning and contractor coordination in Dubai","Suitable distinct real photograph remains to be sourced and reviewed","Missing distinct real replacement; inherited duplicate retained pending suitable photograph"
"/blog/warehouse-design-and-build-dubai-contractor-selection#image-4","/images/project-warehouse-industrial-dubai.webp","/blog/warehouse-design-and-build-dubai-contractor-selection","Contractor Selection: define the scope before it becomes a price / Transparent editorial ownership","card","unsplash:photo-1592085198739-ffcad7f36b54","Pallet racks and stored goods inside an industrial warehouse","Suitable distinct real photograph remains to be sourced and reviewed","Missing distinct real replacement; inherited duplicate retained pending suitable photograph"
"/blog/warehouse-design-and-build-dubai-contractor-selection#image-5","/images/project-authority-approvals-dubai.webp","/blog/warehouse-design-and-build-dubai-contractor-selection","Engineering interfaces that control warehouse design and build dubai / Transparent editorial ownership","card","unsplash:photo-1581674662583-5e89b374fae6","Architectural plans and a notebook arranged on a worktable","Suitable distinct real photograph remains to be sourced and reviewed","Missing distinct real replacement; inherited duplicate retained pending suitable photograph"
"/blog/warehouse-design-and-build-dubai-contractor-selection#image-6","/images/internal/industrial-steel-roof.webp","/blog/warehouse-design-and-build-dubai-contractor-selection","How to challenge a contractor proposal / Transparent editorial ownership","card","unsplash:photo-1662120399978-738d233edbec","Workers on a scissor lift installing industrial steel roof trusses","Suitable distinct real photograph remains to be sourced and reviewed","Missing distinct real replacement; inherited duplicate retained pending suitable photograph"
"/blog/warehouse-design-and-build-dubai-contractor-selection#image-7","/images/internal/project-site-coordination.webp","/blog/warehouse-design-and-build-dubai-contractor-selection","What a useful first technical meeting should produce / Transparent editorial ownership","card","unsplash:photo-1742112125567-3e8967bad60f","Two construction professionals reviewing a clipboard on site","Suitable distinct real photograph remains to be sourced and reviewed","Missing distinct real replacement; inherited duplicate retained pending suitable photograph"
"/blog/warehouse-design-and-build-dubai-cost-factors#image-3","/images/generated/blog/dubai-authority-approvals-guide-desktop.webp","/blog/warehouse-design-and-build-dubai-cost-factors","Warehouse Design and Build Dubai: Cost Factors / Transparent editorial ownership","hero","/images/generated/blog/dubai-authority-approvals-guide","Dubai authority approval documents for warehouse construction projects","Suitable distinct real photograph remains to be sourced and reviewed","Missing distinct real replacement; inherited duplicate retained pending suitable photograph"
"/blog/warehouse-design-and-build-dubai-cost-factors#image-4","/images/project-warehouse-industrial-dubai.webp","/blog/warehouse-design-and-build-dubai-cost-factors","Cost Factors: define the scope before it becomes a price / Transparent editorial ownership","card","unsplash:photo-1592085198739-ffcad7f36b54","Pallet racks and stored goods inside an industrial warehouse","Suitable distinct real photograph remains to be sourced and reviewed","Missing distinct real replacement; inherited duplicate retained pending suitable photograph"
"/blog/warehouse-design-and-build-dubai-cost-factors#image-5","/images/project-authority-approvals-dubai.webp","/blog/warehouse-design-and-build-dubai-cost-factors","Engineering interfaces that control warehouse design and build dubai / Transparent editorial ownership","card","unsplash:photo-1581674662583-5e89b374fae6","Architectural plans and a notebook arranged on a worktable","Suitable distinct real photograph remains to be sourced and reviewed","Missing distinct real replacement; inherited duplicate retained pending suitable photograph"
"/blog/warehouse-design-and-build-dubai-cost-factors#image-6","/images/internal/industrial-steel-roof.webp","/blog/warehouse-design-and-build-dubai-cost-factors","How to challenge a contractor proposal / Transparent editorial ownership","card","unsplash:photo-1662120399978-738d233edbec","Workers on a scissor lift installing industrial steel roof trusses","Suitable distinct real photograph remains to be sourced and reviewed","Missing distinct real replacement; inherited duplicate retained pending suitable photograph"
"/blog/warehouse-design-and-build-dubai-cost-factors#image-7","/images/internal/project-site-coordination.webp","/blog/warehouse-design-and-build-dubai-cost-factors","What a useful first technical meeting should produce / Transparent editorial ownership","card","unsplash:photo-1742112125567-3e8967bad60f","Two construction professionals reviewing a clipboard on site","Suitable distinct real photograph remains to be sourced and reviewed","Missing distinct real replacement; inherited duplicate retained pending suitable photograph"
"/blog/warehouse-design-and-build-dubai-planning-guide#image-3","/images/generated/blog/warehouse-construction-planning-guide-desktop.webp","/blog/warehouse-design-and-build-dubai-planning-guide","Warehouse Design and Build Dubai: Planning Guide / Transparent editorial ownership","hero","/images/generated/blog/warehouse-construction-planning-guide","Warehouse construction planning and contractor coordination in Dubai","Suitable distinct real photograph remains to be sourced and reviewed","Missing distinct real replacement; inherited duplicate retained pending suitable photograph"
"/blog/warehouse-design-and-build-dubai-planning-guide#image-4","/images/project-warehouse-industrial-dubai.webp","/blog/warehouse-design-and-build-dubai-planning-guide","Planning Guide: define the scope before it becomes a price / Transparent editorial ownership","card","unsplash:photo-1592085198739-ffcad7f36b54","Pallet racks and stored goods inside an industrial warehouse","Suitable distinct real photograph remains to be sourced and reviewed","Missing distinct real replacement; inherited duplicate retained pending suitable photograph"
"/blog/warehouse-design-and-build-dubai-planning-guide#image-5","/images/project-authority-approvals-dubai.webp","/blog/warehouse-design-and-build-dubai-planning-guide","Engineering interfaces that control warehouse design and build dubai / Transparent editorial ownership","card","unsplash:photo-1581674662583-5e89b374fae6","Architectural plans and a notebook arranged on a worktable","Suitable distinct real photograph remains to be sourced and reviewed","Missing distinct real replacement; inherited duplicate retained pending suitable photograph"
"/blog/warehouse-design-and-build-dubai-planning-guide#image-6","/images/internal/industrial-steel-roof.webp","/blog/warehouse-design-and-build-dubai-planning-guide","How to challenge a contractor proposal / Transparent editorial ownership","card","unsplash:photo-1662120399978-738d233edbec","Workers on a scissor lift installing industrial steel roof trusses","Suitable distinct real photograph remains to be sourced and reviewed","Missing distinct real replacement; inherited duplicate retained pending suitable photograph"
"/blog/warehouse-design-and-build-dubai-planning-guide#image-7","/images/internal/project-site-coordination.webp","/blog/warehouse-design-and-build-dubai-planning-guide","What a useful first technical meeting should produce / Transparent editorial ownership","card","unsplash:photo-1742112125567-3e8967bad60f","Two construction professionals reviewing a clipboard on site","Suitable distinct real photograph remains to be sourced and reviewed","Missing distinct real replacement; inherited duplicate retained pending suitable photograph"
"/blog/warehouse-design-and-build-dubai-timeline-process#image-3","/images/generated/blog/choosing-building-contractor-dubai-desktop.webp","/blog/warehouse-design-and-build-dubai-timeline-process","Warehouse Design and Build Dubai: Timeline and Process / Transparent editorial ownership","hero","/images/generated/blog/choosing-building-contractor-dubai","Construction company Dubai team reviewing warehouse contractor scope","Suitable distinct real photograph remains to be sourced and reviewed","Missing distinct real replacement; inherited duplicate retained pending suitable photograph"
"/blog/warehouse-design-and-build-dubai-timeline-process#image-4","/images/project-warehouse-industrial-dubai.webp","/blog/warehouse-design-and-build-dubai-timeline-process","Timeline and Process: define the scope before it becomes a price / Transparent editorial ownership","card","unsplash:photo-1592085198739-ffcad7f36b54","Pallet racks and stored goods inside an industrial warehouse","Suitable distinct real photograph remains to be sourced and reviewed","Missing distinct real replacement; inherited duplicate retained pending suitable photograph"
"/blog/warehouse-design-and-build-dubai-timeline-process#image-5","/images/project-authority-approvals-dubai.webp","/blog/warehouse-design-and-build-dubai-timeline-process","Engineering interfaces that control warehouse design and build dubai / Transparent editorial ownership","card","unsplash:photo-1581674662583-5e89b374fae6","Architectural plans and a notebook arranged on a worktable","Suitable distinct real photograph remains to be sourced and reviewed","Missing distinct real replacement; inherited duplicate retained pending suitable photograph"
"/blog/warehouse-design-and-build-dubai-timeline-process#image-6","/images/internal/industrial-steel-roof.webp","/blog/warehouse-design-and-build-dubai-timeline-process","How to challenge a contractor proposal / Transparent editorial ownership","card","unsplash:photo-1662120399978-738d233edbec","Workers on a scissor lift installing industrial steel roof trusses","Suitable distinct real photograph remains to be sourced and reviewed","Missing distinct real replacement; inherited duplicate retained pending suitable photograph"
"/blog/warehouse-design-and-build-dubai-timeline-process#image-7","/images/internal/project-site-coordination.webp","/blog/warehouse-design-and-build-dubai-timeline-process","What a useful first technical meeting should produce / Transparent editorial ownership","card","unsplash:photo-1742112125567-3e8967bad60f","Two construction professionals reviewing a clipboard on site","Suitable distinct real photograph remains to be sourced and reviewed","Missing distinct real replacement; inherited duplicate retained pending suitable photograph"
"/blog/warehouse-dewa-approvals-approval-checklist#image-3","/images/generated/blog/choosing-building-contractor-dubai-desktop.webp","/blog/warehouse-dewa-approvals-approval-checklist","Warehouse DEWA Approvals: Approval Checklist / Transparent editorial ownership","hero","/images/generated/blog/choosing-building-contractor-dubai","Construction company Dubai team reviewing warehouse contractor scope","Suitable distinct real photograph remains to be sourced and reviewed","Missing distinct real replacement; inherited duplicate retained pending suitable photograph"
"/blog/warehouse-dewa-approvals-approval-checklist#image-4","/images/internal/architectural-drawing-review.webp","/blog/warehouse-dewa-approvals-approval-checklist","Approval Checklist: define the scope before it becomes a price / Transparent editorial ownership","card","unsplash:photo-1608303588026-884930af2559","Hands reviewing architectural drawings with a ruler and calculator","Suitable distinct real photograph remains to be sourced and reviewed","Missing distinct real replacement; inherited duplicate retained pending suitable photograph"
"/blog/warehouse-dewa-approvals-approval-checklist#image-5","/images/project-building-maintenance-dubai.webp","/blog/warehouse-dewa-approvals-approval-checklist","Engineering interfaces that control warehouse dewa approvals / Transparent editorial ownership","card","unsplash:photo-1621905251189-08b45d6a269e","Technician working on a wall-mounted electrical installation","Suitable distinct real photograph remains to be sourced and reviewed","Missing distinct real replacement; inherited duplicate retained pending suitable photograph"
"/blog/warehouse-dewa-approvals-approval-checklist#image-6","/images/dewa-hv-lv-cable-works-dubai.webp","/blog/warehouse-dewa-approvals-approval-checklist","How to challenge a contractor proposal / Transparent editorial ownership","card","unsplash:photo-1608574839637-2f7d0290d01d","Electrical cables routed through overhead trays","Suitable distinct real photograph remains to be sourced and reviewed","Missing distinct real replacement; inherited duplicate retained pending suitable photograph"
"/blog/warehouse-dewa-approvals-approval-checklist#image-7","/images/dewa-lv-inspection-testing-dubai.webp","/blog/warehouse-dewa-approvals-approval-checklist","What a useful first technical meeting should produce / Transparent editorial ownership","card","unsplash:photo-1758101755915-462eddc23f57","Gloved hands testing an electrical distribution panel","Suitable distinct real photograph remains to be sourced and reviewed","Missing distinct real replacement; inherited duplicate retained pending suitable photograph"
"/blog/warehouse-dewa-approvals-contractor-selection#image-3","/images/generated/blog/dubai-authority-approvals-guide-desktop.webp","/blog/warehouse-dewa-approvals-contractor-selection","Warehouse DEWA Approvals: Contractor Selection / Transparent editorial ownership","hero","/images/generated/blog/dubai-authority-approvals-guide","Dubai authority approval documents for warehouse construction projects","Suitable distinct real photograph remains to be sourced and reviewed","Missing distinct real replacement; inherited duplicate retained pending suitable photograph"
"/blog/warehouse-dewa-approvals-contractor-selection#image-4","/images/internal/architectural-drawing-review.webp","/blog/warehouse-dewa-approvals-contractor-selection","Contractor Selection: define the scope before it becomes a price / Transparent editorial ownership","card","unsplash:photo-1608303588026-884930af2559","Hands reviewing architectural drawings with a ruler and calculator","Suitable distinct real photograph remains to be sourced and reviewed","Missing distinct real replacement; inherited duplicate retained pending suitable photograph"
"/blog/warehouse-dewa-approvals-contractor-selection#image-5","/images/project-building-maintenance-dubai.webp","/blog/warehouse-dewa-approvals-contractor-selection","Engineering interfaces that control warehouse dewa approvals / Transparent editorial ownership","card","unsplash:photo-1621905251189-08b45d6a269e","Technician working on a wall-mounted electrical installation","Suitable distinct real photograph remains to be sourced and reviewed","Missing distinct real replacement; inherited duplicate retained pending suitable photograph"
"/blog/warehouse-dewa-approvals-contractor-selection#image-6","/images/dewa-hv-lv-cable-works-dubai.webp","/blog/warehouse-dewa-approvals-contractor-selection","How to challenge a contractor proposal / Transparent editorial ownership","card","unsplash:photo-1608574839637-2f7d0290d01d","Electrical cables routed through overhead trays","Suitable distinct real photograph remains to be sourced and reviewed","Missing distinct real replacement; inherited duplicate retained pending suitable photograph"
"/blog/warehouse-dewa-approvals-contractor-selection#image-7","/images/dewa-lv-inspection-testing-dubai.webp","/blog/warehouse-dewa-approvals-contractor-selection","What a useful first technical meeting should produce / Transparent editorial ownership","card","unsplash:photo-1758101755915-462eddc23f57","Gloved hands testing an electrical distribution panel","Suitable distinct real photograph remains to be sourced and reviewed","Missing distinct real replacement; inherited duplicate retained pending suitable photograph"
"/blog/warehouse-dewa-approvals-cost-factors#image-3","/images/generated/blog/warehouse-construction-planning-guide-desktop.webp","/blog/warehouse-dewa-approvals-cost-factors","Warehouse DEWA Approvals: Cost Factors / Transparent editorial ownership","hero","/images/generated/blog/warehouse-construction-planning-guide","Warehouse construction planning and contractor coordination in Dubai","Suitable distinct real photograph remains to be sourced and reviewed","Missing distinct real replacement; inherited duplicate retained pending suitable photograph"
"/blog/warehouse-dewa-approvals-cost-factors#image-4","/images/internal/architectural-drawing-review.webp","/blog/warehouse-dewa-approvals-cost-factors","Cost Factors: define the scope before it becomes a price / Transparent editorial ownership","card","unsplash:photo-1608303588026-884930af2559","Hands reviewing architectural drawings with a ruler and calculator","Suitable distinct real photograph remains to be sourced and reviewed","Missing distinct real replacement; inherited duplicate retained pending suitable photograph"
"/blog/warehouse-dewa-approvals-cost-factors#image-5","/images/project-building-maintenance-dubai.webp","/blog/warehouse-dewa-approvals-cost-factors","Engineering interfaces that control warehouse dewa approvals / Transparent editorial ownership","card","unsplash:photo-1621905251189-08b45d6a269e","Technician working on a wall-mounted electrical installation","Suitable distinct real photograph remains to be sourced and reviewed","Missing distinct real replacement; inherited duplicate retained pending suitable photograph"
"/blog/warehouse-dewa-approvals-cost-factors#image-6","/images/dewa-hv-lv-cable-works-dubai.webp","/blog/warehouse-dewa-approvals-cost-factors","How to challenge a contractor proposal / Transparent editorial ownership","card","unsplash:photo-1608574839637-2f7d0290d01d","Electrical cables routed through overhead trays","Suitable distinct real photograph remains to be sourced and reviewed","Missing distinct real replacement; inherited duplicate retained pending suitable photograph"
"/blog/warehouse-dewa-approvals-cost-factors#image-7","/images/dewa-lv-inspection-testing-dubai.webp","/blog/warehouse-dewa-approvals-cost-factors","What a useful first technical meeting should produce / Transparent editorial ownership","card","unsplash:photo-1758101755915-462eddc23f57","Gloved hands testing an electrical distribution panel","Suitable distinct real photograph remains to be sourced and reviewed","Missing distinct real replacement; inherited duplicate retained pending suitable photograph"
"/blog/warehouse-dewa-approvals-planning-guide#image-3","/images/generated/blog/dubai-authority-approvals-guide-desktop.webp","/blog/warehouse-dewa-approvals-planning-guide","Warehouse DEWA Approvals: Planning Guide / Transparent editorial ownership","hero","/images/generated/blog/dubai-authority-approvals-guide","Dubai authority approval documents for warehouse construction projects","Suitable distinct real photograph remains to be sourced and reviewed","Missing distinct real replacement; inherited duplicate retained pending suitable photograph"
"/blog/warehouse-dewa-approvals-planning-guide#image-4","/images/internal/architectural-drawing-review.webp","/blog/warehouse-dewa-approvals-planning-guide","Planning Guide: define the scope before it becomes a price / Transparent editorial ownership","card","unsplash:photo-1608303588026-884930af2559","Hands reviewing architectural drawings with a ruler and calculator","Suitable distinct real photograph remains to be sourced and reviewed","Missing distinct real replacement; inherited duplicate retained pending suitable photograph"
"/blog/warehouse-dewa-approvals-planning-guide#image-5","/images/project-building-maintenance-dubai.webp","/blog/warehouse-dewa-approvals-planning-guide","Engineering interfaces that control warehouse dewa approvals / Transparent editorial ownership","card","unsplash:photo-1621905251189-08b45d6a269e","Technician working on a wall-mounted electrical installation","Suitable distinct real photograph remains to be sourced and reviewed","Missing distinct real replacement; inherited duplicate retained pending suitable photograph"
"/blog/warehouse-dewa-approvals-planning-guide#image-6","/images/dewa-hv-lv-cable-works-dubai.webp","/blog/warehouse-dewa-approvals-planning-guide","How to challenge a contractor proposal / Transparent editorial ownership","card","unsplash:photo-1608574839637-2f7d0290d01d","Electrical cables routed through overhead trays","Suitable distinct real photograph remains to be sourced and reviewed","Missing distinct real replacement; inherited duplicate retained pending suitable photograph"
"/blog/warehouse-dewa-approvals-planning-guide#image-7","/images/dewa-lv-inspection-testing-dubai.webp","/blog/warehouse-dewa-approvals-planning-guide","What a useful first technical meeting should produce / Transparent editorial ownership","card","unsplash:photo-1758101755915-462eddc23f57","Gloved hands testing an electrical distribution panel","Suitable distinct real photograph remains to be sourced and reviewed","Missing distinct real replacement; inherited duplicate retained pending suitable photograph"
"/blog/warehouse-dewa-approvals-timeline-process#image-3","/images/generated/blog/civil-construction-dubai-guide-2026-desktop.webp","/blog/warehouse-dewa-approvals-timeline-process","Warehouse DEWA Approvals: Timeline and Process / Transparent editorial ownership","hero","/images/generated/blog/civil-construction-dubai-guide-2026","Civil contractor Dubai planning for warehouse and industrial construction","Suitable distinct real photograph remains to be sourced and reviewed","Missing distinct real replacement; inherited duplicate retained pending suitable photograph"
"/blog/warehouse-dewa-approvals-timeline-process#image-4","/images/internal/architectural-drawing-review.webp","/blog/warehouse-dewa-approvals-timeline-process","Timeline and Process: define the scope before it becomes a price / Transparent editorial ownership","card","unsplash:photo-1608303588026-884930af2559","Hands reviewing architectural drawings with a ruler and calculator","Suitable distinct real photograph remains to be sourced and reviewed","Missing distinct real replacement; inherited duplicate retained pending suitable photograph"
"/blog/warehouse-dewa-approvals-timeline-process#image-5","/images/project-building-maintenance-dubai.webp","/blog/warehouse-dewa-approvals-timeline-process","Engineering interfaces that control warehouse dewa approvals / Transparent editorial ownership","card","unsplash:photo-1621905251189-08b45d6a269e","Technician working on a wall-mounted electrical installation","Suitable distinct real photograph remains to be sourced and reviewed","Missing distinct real replacement; inherited duplicate retained pending suitable photograph"
"/blog/warehouse-dewa-approvals-timeline-process#image-6","/images/dewa-hv-lv-cable-works-dubai.webp","/blog/warehouse-dewa-approvals-timeline-process","How to challenge a contractor proposal / Transparent editorial ownership","card","unsplash:photo-1608574839637-2f7d0290d01d","Electrical cables routed through overhead trays","Suitable distinct real photograph remains to be sourced and reviewed","Missing distinct real replacement; inherited duplicate retained pending suitable photograph"
"/blog/warehouse-dewa-approvals-timeline-process#image-7","/images/dewa-lv-inspection-testing-dubai.webp","/blog/warehouse-dewa-approvals-timeline-process","What a useful first technical meeting should produce / Transparent editorial ownership","card","unsplash:photo-1758101755915-462eddc23f57","Gloved hands testing an electrical distribution panel","Suitable distinct real photograph remains to be sourced and reviewed","Missing distinct real replacement; inherited duplicate retained pending suitable photograph"
"/blog/warehouse-dubai-municipality-approvals-approval-checklist#image-3","/images/generated/blog/civil-construction-dubai-guide-2026-desktop.webp","/blog/warehouse-dubai-municipality-approvals-approval-checklist","Warehouse Dubai Municipality Approvals: Approval Checklist / Transparent editorial ownership","hero","/images/generated/blog/civil-construction-dubai-guide-2026","Civil contractor Dubai planning for warehouse and industrial construction","Suitable distinct real photograph remains to be sourced and reviewed","Missing distinct real replacement; inherited duplicate retained pending suitable photograph"
"/blog/warehouse-dubai-municipality-approvals-approval-checklist#image-4","/images/internal/architectural-drawing-review.webp","/blog/warehouse-dubai-municipality-approvals-approval-checklist","Approval Checklist: define the scope before it becomes a price / Transparent editorial ownership","card","unsplash:photo-1608303588026-884930af2559","Hands reviewing architectural drawings with a ruler and calculator","Suitable distinct real photograph remains to be sourced and reviewed","Missing distinct real replacement; inherited duplicate retained pending suitable photograph"
"/blog/warehouse-dubai-municipality-approvals-approval-checklist#image-5","/images/project-authority-approvals-dubai.webp","/blog/warehouse-dubai-municipality-approvals-approval-checklist","Engineering interfaces that control warehouse dubai municipality approvals / Transparent editorial ownership","card","unsplash:photo-1581674662583-5e89b374fae6","Architectural plans and a notebook arranged on a worktable","Suitable distinct real photograph remains to be sourced and reviewed","Missing distinct real replacement; inherited duplicate retained pending suitable photograph"
"/blog/warehouse-dubai-municipality-approvals-approval-checklist#image-6","/images/internal/project-site-coordination.webp","/blog/warehouse-dubai-municipality-approvals-approval-checklist","How to challenge a contractor proposal / Transparent editorial ownership","card","unsplash:photo-1742112125567-3e8967bad60f","Two construction professionals reviewing a clipboard on site","Suitable distinct real photograph remains to be sourced and reviewed","Missing distinct real replacement; inherited duplicate retained pending suitable photograph"
"/blog/warehouse-dubai-municipality-approvals-approval-checklist#image-7","/images/sections/office-records-desk.webp","/blog/warehouse-dubai-municipality-approvals-approval-checklist","What a useful first technical meeting should produce / Transparent editorial ownership","card","pexels:8353764","Paper documents, an open folder and computer monitors on an office desk","Suitable distinct real photograph remains to be sourced and reviewed","Missing distinct real replacement; inherited duplicate retained pending suitable photograph"
"/blog/warehouse-dubai-municipality-approvals-contractor-selection#image-3","/images/generated/blog/warehouse-construction-planning-guide-desktop.webp","/blog/warehouse-dubai-municipality-approvals-contractor-selection","Warehouse Dubai Municipality Approvals: Contractor Selection / Transparent editorial ownership","hero","/images/generated/blog/warehouse-construction-planning-guide","Warehouse construction planning and contractor coordination in Dubai","Suitable distinct real photograph remains to be sourced and reviewed","Missing distinct real replacement; inherited duplicate retained pending suitable photograph"
"/blog/warehouse-dubai-municipality-approvals-contractor-selection#image-4","/images/internal/architectural-drawing-review.webp","/blog/warehouse-dubai-municipality-approvals-contractor-selection","Contractor Selection: define the scope before it becomes a price / Transparent editorial ownership","card","unsplash:photo-1608303588026-884930af2559","Hands reviewing architectural drawings with a ruler and calculator","Suitable distinct real photograph remains to be sourced and reviewed","Missing distinct real replacement; inherited duplicate retained pending suitable photograph"
"/blog/warehouse-dubai-municipality-approvals-contractor-selection#image-5","/images/project-authority-approvals-dubai.webp","/blog/warehouse-dubai-municipality-approvals-contractor-selection","Engineering interfaces that control warehouse dubai municipality approvals / Transparent editorial ownership","card","unsplash:photo-1581674662583-5e89b374fae6","Architectural plans and a notebook arranged on a worktable","Suitable distinct real photograph remains to be sourced and reviewed","Missing distinct real replacement; inherited duplicate retained pending suitable photograph"
"/blog/warehouse-dubai-municipality-approvals-contractor-selection#image-6","/images/internal/project-site-coordination.webp","/blog/warehouse-dubai-municipality-approvals-contractor-selection","How to challenge a contractor proposal / Transparent editorial ownership","card","unsplash:photo-1742112125567-3e8967bad60f","Two construction professionals reviewing a clipboard on site","Suitable distinct real photograph remains to be sourced and reviewed","Missing distinct real replacement; inherited duplicate retained pending suitable photograph"
"/blog/warehouse-dubai-municipality-approvals-contractor-selection#image-7","/images/sections/office-records-desk.webp","/blog/warehouse-dubai-municipality-approvals-contractor-selection","What a useful first technical meeting should produce / Transparent editorial ownership","card","pexels:8353764","Paper documents, an open folder and computer monitors on an office desk","Suitable distinct real photograph remains to be sourced and reviewed","Missing distinct real replacement; inherited duplicate retained pending suitable photograph"
"/blog/warehouse-dubai-municipality-approvals-cost-factors#image-3","/images/generated/blog/dubai-authority-approvals-guide-desktop.webp","/blog/warehouse-dubai-municipality-approvals-cost-factors","Warehouse Dubai Municipality Approvals: Cost Factors / Transparent editorial ownership","hero","/images/generated/blog/dubai-authority-approvals-guide","Dubai authority approval documents for warehouse construction projects","Suitable distinct real photograph remains to be sourced and reviewed","Missing distinct real replacement; inherited duplicate retained pending suitable photograph"
"/blog/warehouse-dubai-municipality-approvals-cost-factors#image-4","/images/internal/architectural-drawing-review.webp","/blog/warehouse-dubai-municipality-approvals-cost-factors","Cost Factors: define the scope before it becomes a price / Transparent editorial ownership","card","unsplash:photo-1608303588026-884930af2559","Hands reviewing architectural drawings with a ruler and calculator","Suitable distinct real photograph remains to be sourced and reviewed","Missing distinct real replacement; inherited duplicate retained pending suitable photograph"
"/blog/warehouse-dubai-municipality-approvals-cost-factors#image-5","/images/project-authority-approvals-dubai.webp","/blog/warehouse-dubai-municipality-approvals-cost-factors","Engineering interfaces that control warehouse dubai municipality approvals / Transparent editorial ownership","card","unsplash:photo-1581674662583-5e89b374fae6","Architectural plans and a notebook arranged on a worktable","Suitable distinct real photograph remains to be sourced and reviewed","Missing distinct real replacement; inherited duplicate retained pending suitable photograph"
"/blog/warehouse-dubai-municipality-approvals-cost-factors#image-6","/images/internal/project-site-coordination.webp","/blog/warehouse-dubai-municipality-approvals-cost-factors","How to challenge a contractor proposal / Transparent editorial ownership","card","unsplash:photo-1742112125567-3e8967bad60f","Two construction professionals reviewing a clipboard on site","Suitable distinct real photograph remains to be sourced and reviewed","Missing distinct real replacement; inherited duplicate retained pending suitable photograph"
"/blog/warehouse-dubai-municipality-approvals-cost-factors#image-7","/images/sections/office-records-desk.webp","/blog/warehouse-dubai-municipality-approvals-cost-factors","What a useful first technical meeting should produce / Transparent editorial ownership","card","pexels:8353764","Paper documents, an open folder and computer monitors on an office desk","Suitable distinct real photograph remains to be sourced and reviewed","Missing distinct real replacement; inherited duplicate retained pending suitable photograph"
"/blog/warehouse-dubai-municipality-approvals-planning-guide#image-3","/images/generated/blog/warehouse-construction-planning-guide-desktop.webp","/blog/warehouse-dubai-municipality-approvals-planning-guide","Warehouse Dubai Municipality Approvals: Planning Guide / Transparent editorial ownership","hero","/images/generated/blog/warehouse-construction-planning-guide","Warehouse construction planning and contractor coordination in Dubai","Suitable distinct real photograph remains to be sourced and reviewed","Missing distinct real replacement; inherited duplicate retained pending suitable photograph"
"/blog/warehouse-dubai-municipality-approvals-planning-guide#image-4","/images/internal/architectural-drawing-review.webp","/blog/warehouse-dubai-municipality-approvals-planning-guide","Authority sequence and document ownership / Transparent editorial ownership","card","unsplash:photo-1608303588026-884930af2559","Hands reviewing architectural drawings with a ruler and calculator","Suitable distinct real photograph remains to be sourced and reviewed","Missing distinct real replacement; inherited duplicate retained pending suitable photograph"
"/blog/warehouse-dubai-municipality-approvals-planning-guide#image-5","/images/project-authority-approvals-dubai.webp","/blog/warehouse-dubai-municipality-approvals-planning-guide","Cost and programme reasoning for the planning guide decision / Transparent editorial ownership","card","unsplash:photo-1581674662583-5e89b374fae6","Architectural plans and a notebook arranged on a worktable","Suitable distinct real photograph remains to be sourced and reviewed","Missing distinct real replacement; inherited duplicate retained pending suitable photograph"
"/blog/warehouse-dubai-municipality-approvals-planning-guide#image-6","/images/internal/project-site-coordination.webp","/blog/warehouse-dubai-municipality-approvals-planning-guide","What a useful first technical meeting should produce / Transparent editorial ownership","card","unsplash:photo-1742112125567-3e8967bad60f","Two construction professionals reviewing a clipboard on site","Suitable distinct real photograph remains to be sourced and reviewed","Missing distinct real replacement; inherited duplicate retained pending suitable photograph"
"/blog/warehouse-dubai-municipality-approvals-planning-guide#image-7","/images/sections/office-records-desk.webp","/blog/warehouse-dubai-municipality-approvals-planning-guide","Trace a comment to its drawing revision and site consequence / Transparent editorial ownership","card","pexels:8353764","Paper documents, an open folder and computer monitors on an office desk","Suitable distinct real photograph remains to be sourced and reviewed","Missing distinct real replacement; inherited duplicate retained pending suitable photograph"
"/blog/warehouse-dubai-municipality-approvals-timeline-process#image-3","/images/generated/blog/choosing-building-contractor-dubai-desktop.webp","/blog/warehouse-dubai-municipality-approvals-timeline-process","Warehouse Dubai Municipality Approvals: Timeline and Process / Transparent editorial ownership","hero","/images/generated/blog/choosing-building-contractor-dubai","Construction company Dubai team reviewing warehouse contractor scope","Suitable distinct real photograph remains to be sourced and reviewed","Missing distinct real replacement; inherited duplicate retained pending suitable photograph"
"/blog/warehouse-dubai-municipality-approvals-timeline-process#image-4","/images/internal/architectural-drawing-review.webp","/blog/warehouse-dubai-municipality-approvals-timeline-process","Timeline and Process: define the scope before it becomes a price / Transparent editorial ownership","card","unsplash:photo-1608303588026-884930af2559","Hands reviewing architectural drawings with a ruler and calculator","Suitable distinct real photograph remains to be sourced and reviewed","Missing distinct real replacement; inherited duplicate retained pending suitable photograph"
"/blog/warehouse-dubai-municipality-approvals-timeline-process#image-5","/images/project-authority-approvals-dubai.webp","/blog/warehouse-dubai-municipality-approvals-timeline-process","Engineering interfaces that control warehouse dubai municipality approvals / Transparent editorial ownership","card","unsplash:photo-1581674662583-5e89b374fae6","Architectural plans and a notebook arranged on a worktable","Suitable distinct real photograph remains to be sourced and reviewed","Missing distinct real replacement; inherited duplicate retained pending suitable photograph"
"/blog/warehouse-dubai-municipality-approvals-timeline-process#image-6","/images/internal/project-site-coordination.webp","/blog/warehouse-dubai-municipality-approvals-timeline-process","How to challenge a contractor proposal / Transparent editorial ownership","card","unsplash:photo-1742112125567-3e8967bad60f","Two construction professionals reviewing a clipboard on site","Suitable distinct real photograph remains to be sourced and reviewed","Missing distinct real replacement; inherited duplicate retained pending suitable photograph"
"/blog/warehouse-dubai-municipality-approvals-timeline-process#image-7","/images/sections/office-records-desk.webp","/blog/warehouse-dubai-municipality-approvals-timeline-process","What a useful first technical meeting should produce / Transparent editorial ownership","card","pexels:8353764","Paper documents, an open folder and computer monitors on an office desk","Suitable distinct real photograph remains to be sourced and reviewed","Missing distinct real replacement; inherited duplicate retained pending suitable photograph"
"/blog/warehouse-fire-fighting-dubai-approval-checklist#image-3","/images/generated/blog/choosing-building-contractor-dubai-desktop.webp","/blog/warehouse-fire-fighting-dubai-approval-checklist","Warehouse Fire Fighting Dubai: Approval Checklist / Transparent editorial ownership","hero","/images/generated/blog/choosing-building-contractor-dubai","Construction company Dubai team reviewing warehouse contractor scope","Suitable distinct real photograph remains to be sourced and reviewed","Missing distinct real replacement; inherited duplicate retained pending suitable photograph"
"/blog/warehouse-fire-fighting-dubai-approval-checklist#image-4","/images/internal/fire-sprinkler-pipework.webp","/blog/warehouse-fire-fighting-dubai-approval-checklist","Approval Checklist: define the scope before it becomes a price / Transparent editorial ownership","card","pexels:37352142","Red sprinkler risers with control valves and gauges on an industrial building","Suitable distinct real photograph remains to be sourced and reviewed","Missing distinct real replacement; inherited duplicate retained pending suitable photograph"
"/blog/warehouse-fire-fighting-dubai-approval-checklist#image-5","/images/internal/architectural-drawing-review.webp","/blog/warehouse-fire-fighting-dubai-approval-checklist","Engineering interfaces that control warehouse fire fighting dubai / Transparent editorial ownership","card","unsplash:photo-1608303588026-884930af2559","Hands reviewing architectural drawings with a ruler and calculator","Suitable distinct real photograph remains to be sourced and reviewed","Missing distinct real replacement; inherited duplicate retained pending suitable photograph"
"/blog/warehouse-fire-fighting-dubai-approval-checklist#image-6","/images/project-mep-coordination-dubai.webp","/blog/warehouse-fire-fighting-dubai-approval-checklist","How to challenge a contractor proposal / Transparent editorial ownership","card","unsplash:photo-1778514825784-0659eaf8e7a2","Water pipes and electrical conduits during building services installation","Suitable distinct real photograph remains to be sourced and reviewed","Missing distinct real replacement; inherited duplicate retained pending suitable photograph"
"/blog/warehouse-fire-fighting-dubai-approval-checklist#image-7","/images/internal/project-site-coordination.webp","/blog/warehouse-fire-fighting-dubai-approval-checklist","What a useful first technical meeting should produce / Transparent editorial ownership","card","unsplash:photo-1742112125567-3e8967bad60f","Two construction professionals reviewing a clipboard on site","Suitable distinct real photograph remains to be sourced and reviewed","Missing distinct real replacement; inherited duplicate retained pending suitable photograph"
"/blog/warehouse-fire-fighting-dubai-contractor-selection#image-3","/images/generated/blog/dubai-authority-approvals-guide-desktop.webp","/blog/warehouse-fire-fighting-dubai-contractor-selection","Warehouse Fire Fighting Dubai: Contractor Selection / Transparent editorial ownership","hero","/images/generated/blog/dubai-authority-approvals-guide","Dubai authority approval documents for warehouse construction projects","Suitable distinct real photograph remains to be sourced and reviewed","Missing distinct real replacement; inherited duplicate retained pending suitable photograph"
"/blog/warehouse-fire-fighting-dubai-contractor-selection#image-4","/images/internal/fire-sprinkler-pipework.webp","/blog/warehouse-fire-fighting-dubai-contractor-selection","Contractor Selection: define the scope before it becomes a price / Transparent editorial ownership","card","pexels:37352142","Red sprinkler risers with control valves and gauges on an industrial building","Suitable distinct real photograph remains to be sourced and reviewed","Missing distinct real replacement; inherited duplicate retained pending suitable photograph"
"/blog/warehouse-fire-fighting-dubai-contractor-selection#image-5","/images/internal/architectural-drawing-review.webp","/blog/warehouse-fire-fighting-dubai-contractor-selection","Engineering interfaces that control warehouse fire fighting dubai / Transparent editorial ownership","card","unsplash:photo-1608303588026-884930af2559","Hands reviewing architectural drawings with a ruler and calculator","Suitable distinct real photograph remains to be sourced and reviewed","Missing distinct real replacement; inherited duplicate retained pending suitable photograph"
"/blog/warehouse-fire-fighting-dubai-contractor-selection#image-6","/images/project-mep-coordination-dubai.webp","/blog/warehouse-fire-fighting-dubai-contractor-selection","How to challenge a contractor proposal / Transparent editorial ownership","card","unsplash:photo-1778514825784-0659eaf8e7a2","Water pipes and electrical conduits during building services installation","Suitable distinct real photograph remains to be sourced and reviewed","Missing distinct real replacement; inherited duplicate retained pending suitable photograph"
"/blog/warehouse-fire-fighting-dubai-contractor-selection#image-7","/images/internal/project-site-coordination.webp","/blog/warehouse-fire-fighting-dubai-contractor-selection","What a useful first technical meeting should produce / Transparent editorial ownership","card","unsplash:photo-1742112125567-3e8967bad60f","Two construction professionals reviewing a clipboard on site","Suitable distinct real photograph remains to be sourced and reviewed","Missing distinct real replacement; inherited duplicate retained pending suitable photograph"
"/blog/warehouse-fire-fighting-dubai-cost-factors#image-3","/images/generated/blog/warehouse-construction-planning-guide-desktop.webp","/blog/warehouse-fire-fighting-dubai-cost-factors","Warehouse Fire Fighting Dubai: Cost Factors / Transparent editorial ownership","hero","/images/generated/blog/warehouse-construction-planning-guide","Warehouse construction planning and contractor coordination in Dubai","Suitable distinct real photograph remains to be sourced and reviewed","Missing distinct real replacement; inherited duplicate retained pending suitable photograph"
"/blog/warehouse-fire-fighting-dubai-cost-factors#image-4","/images/internal/fire-sprinkler-pipework.webp","/blog/warehouse-fire-fighting-dubai-cost-factors","Cost Factors: define the scope before it becomes a price / Transparent editorial ownership","card","pexels:37352142","Red sprinkler risers with control valves and gauges on an industrial building","Suitable distinct real photograph remains to be sourced and reviewed","Missing distinct real replacement; inherited duplicate retained pending suitable photograph"
"/blog/warehouse-fire-fighting-dubai-cost-factors#image-5","/images/internal/architectural-drawing-review.webp","/blog/warehouse-fire-fighting-dubai-cost-factors","Engineering interfaces that control warehouse fire fighting dubai / Transparent editorial ownership","card","unsplash:photo-1608303588026-884930af2559","Hands reviewing architectural drawings with a ruler and calculator","Suitable distinct real photograph remains to be sourced and reviewed","Missing distinct real replacement; inherited duplicate retained pending suitable photograph"
"/blog/warehouse-fire-fighting-dubai-cost-factors#image-6","/images/project-mep-coordination-dubai.webp","/blog/warehouse-fire-fighting-dubai-cost-factors","How to challenge a contractor proposal / Transparent editorial ownership","card","unsplash:photo-1778514825784-0659eaf8e7a2","Water pipes and electrical conduits during building services installation","Suitable distinct real photograph remains to be sourced and reviewed","Missing distinct real replacement; inherited duplicate retained pending suitable photograph"
"/blog/warehouse-fire-fighting-dubai-cost-factors#image-7","/images/internal/project-site-coordination.webp","/blog/warehouse-fire-fighting-dubai-cost-factors","What a useful first technical meeting should produce / Transparent editorial ownership","card","unsplash:photo-1742112125567-3e8967bad60f","Two construction professionals reviewing a clipboard on site","Suitable distinct real photograph remains to be sourced and reviewed","Missing distinct real replacement; inherited duplicate retained pending suitable photograph"
"/blog/warehouse-fire-fighting-dubai-planning-guide#image-3","/images/generated/blog/dubai-authority-approvals-guide-desktop.webp","/blog/warehouse-fire-fighting-dubai-planning-guide","Warehouse Fire Fighting Dubai: Planning Guide / Transparent editorial ownership","hero","/images/generated/blog/dubai-authority-approvals-guide","Dubai authority approval documents for warehouse construction projects","Suitable distinct real photograph remains to be sourced and reviewed","Missing distinct real replacement; inherited duplicate retained pending suitable photograph"
"/blog/warehouse-fire-fighting-dubai-planning-guide#image-4","/images/internal/fire-sprinkler-pipework.webp","/blog/warehouse-fire-fighting-dubai-planning-guide","Planning Guide: define the scope before it becomes a price / Transparent editorial ownership","card","pexels:37352142","Red sprinkler risers with control valves and gauges on an industrial building","Suitable distinct real photograph remains to be sourced and reviewed","Missing distinct real replacement; inherited duplicate retained pending suitable photograph"
"/blog/warehouse-fire-fighting-dubai-planning-guide#image-5","/images/internal/architectural-drawing-review.webp","/blog/warehouse-fire-fighting-dubai-planning-guide","Engineering interfaces that control warehouse fire fighting dubai / Transparent editorial ownership","card","unsplash:photo-1608303588026-884930af2559","Hands reviewing architectural drawings with a ruler and calculator","Suitable distinct real photograph remains to be sourced and reviewed","Missing distinct real replacement; inherited duplicate retained pending suitable photograph"
"/blog/warehouse-fire-fighting-dubai-planning-guide#image-6","/images/project-mep-coordination-dubai.webp","/blog/warehouse-fire-fighting-dubai-planning-guide","How to challenge a contractor proposal / Transparent editorial ownership","card","unsplash:photo-1778514825784-0659eaf8e7a2","Water pipes and electrical conduits during building services installation","Suitable distinct real photograph remains to be sourced and reviewed","Missing distinct real replacement; inherited duplicate retained pending suitable photograph"
"/blog/warehouse-fire-fighting-dubai-planning-guide#image-7","/images/internal/project-site-coordination.webp","/blog/warehouse-fire-fighting-dubai-planning-guide","What a useful first technical meeting should produce / Transparent editorial ownership","card","unsplash:photo-1742112125567-3e8967bad60f","Two construction professionals reviewing a clipboard on site","Suitable distinct real photograph remains to be sourced and reviewed","Missing distinct real replacement; inherited duplicate retained pending suitable photograph"
"/blog/warehouse-fire-fighting-dubai-timeline-process#image-3","/images/generated/blog/civil-construction-dubai-guide-2026-desktop.webp","/blog/warehouse-fire-fighting-dubai-timeline-process","Warehouse Fire Fighting Dubai: Timeline and Process / Transparent editorial ownership","hero","/images/generated/blog/civil-construction-dubai-guide-2026","Civil contractor Dubai planning for warehouse and industrial construction","Suitable distinct real photograph remains to be sourced and reviewed","Missing distinct real replacement; inherited duplicate retained pending suitable photograph"
"/blog/warehouse-fire-fighting-dubai-timeline-process#image-4","/images/internal/fire-sprinkler-pipework.webp","/blog/warehouse-fire-fighting-dubai-timeline-process","Timeline and Process: define the scope before it becomes a price / Transparent editorial ownership","card","pexels:37352142","Red sprinkler risers with control valves and gauges on an industrial building","Suitable distinct real photograph remains to be sourced and reviewed","Missing distinct real replacement; inherited duplicate retained pending suitable photograph"
"/blog/warehouse-fire-fighting-dubai-timeline-process#image-5","/images/internal/architectural-drawing-review.webp","/blog/warehouse-fire-fighting-dubai-timeline-process","Engineering interfaces that control warehouse fire fighting dubai / Transparent editorial ownership","card","unsplash:photo-1608303588026-884930af2559","Hands reviewing architectural drawings with a ruler and calculator","Suitable distinct real photograph remains to be sourced and reviewed","Missing distinct real replacement; inherited duplicate retained pending suitable photograph"
"/blog/warehouse-fire-fighting-dubai-timeline-process#image-6","/images/project-mep-coordination-dubai.webp","/blog/warehouse-fire-fighting-dubai-timeline-process","How to challenge a contractor proposal / Transparent editorial ownership","card","unsplash:photo-1778514825784-0659eaf8e7a2","Water pipes and electrical conduits during building services installation","Suitable distinct real photograph remains to be sourced and reviewed","Missing distinct real replacement; inherited duplicate retained pending suitable photograph"
"/blog/warehouse-fire-fighting-dubai-timeline-process#image-7","/images/internal/project-site-coordination.webp","/blog/warehouse-fire-fighting-dubai-timeline-process","What a useful first technical meeting should produce / Transparent editorial ownership","card","unsplash:photo-1742112125567-3e8967bad60f","Two construction professionals reviewing a clipboard on site","Suitable distinct real photograph remains to be sourced and reviewed","Missing distinct real replacement; inherited duplicate retained pending suitable photograph"
"/blog/warehouse-fit-out-dubai-approval-checklist#image-3","/images/generated/blog/warehouse-construction-planning-guide-desktop.webp","/blog/warehouse-fit-out-dubai-approval-checklist","Warehouse Fit Out Dubai: Approval Checklist / Transparent editorial ownership","hero","/images/generated/blog/warehouse-construction-planning-guide","Warehouse construction planning and contractor coordination in Dubai","Suitable distinct real photograph remains to be sourced and reviewed","Missing distinct real replacement; inherited duplicate retained pending suitable photograph"
"/blog/warehouse-fit-out-dubai-approval-checklist#image-4","/images/internal/architectural-drawing-review.webp","/blog/warehouse-fit-out-dubai-approval-checklist","Approval Checklist: define the scope before it becomes a price / Transparent editorial ownership","card","unsplash:photo-1608303588026-884930af2559","Hands reviewing architectural drawings with a ruler and calculator","Suitable distinct real photograph remains to be sourced and reviewed","Missing distinct real replacement; inherited duplicate retained pending suitable photograph"
"/blog/warehouse-fit-out-dubai-approval-checklist#image-5","/images/project-authority-approvals-dubai.webp","/blog/warehouse-fit-out-dubai-approval-checklist","Engineering interfaces that control warehouse fit out dubai / Transparent editorial ownership","card","unsplash:photo-1581674662583-5e89b374fae6","Architectural plans and a notebook arranged on a worktable","Suitable distinct real photograph remains to be sourced and reviewed","Missing distinct real replacement; inherited duplicate retained pending suitable photograph"
"/blog/warehouse-fit-out-dubai-approval-checklist#image-6","/images/internal/project-site-coordination.webp","/blog/warehouse-fit-out-dubai-approval-checklist","How to challenge a contractor proposal / Transparent editorial ownership","card","unsplash:photo-1742112125567-3e8967bad60f","Two construction professionals reviewing a clipboard on site","Suitable distinct real photograph remains to be sourced and reviewed","Missing distinct real replacement; inherited duplicate retained pending suitable photograph"
"/blog/warehouse-fit-out-dubai-approval-checklist#image-7","/images/sections/office-records-desk.webp","/blog/warehouse-fit-out-dubai-approval-checklist","What a useful first technical meeting should produce / Transparent editorial ownership","card","pexels:8353764","Paper documents, an open folder and computer monitors on an office desk","Suitable distinct real photograph remains to be sourced and reviewed","Missing distinct real replacement; inherited duplicate retained pending suitable photograph"
"/blog/warehouse-fit-out-dubai-contractor-selection#image-3","/images/generated/blog/choosing-building-contractor-dubai-desktop.webp","/blog/warehouse-fit-out-dubai-contractor-selection","Warehouse Fit Out Dubai: Contractor Selection / Transparent editorial ownership","hero","/images/generated/blog/choosing-building-contractor-dubai","Construction company Dubai team reviewing warehouse contractor scope","Suitable distinct real photograph remains to be sourced and reviewed","Missing distinct real replacement; inherited duplicate retained pending suitable photograph"
"/blog/warehouse-fit-out-dubai-contractor-selection#image-4","/images/project-warehouse-industrial-dubai.webp","/blog/warehouse-fit-out-dubai-contractor-selection","Contractor Selection: define the scope before it becomes a price / Transparent editorial ownership","card","unsplash:photo-1592085198739-ffcad7f36b54","Pallet racks and stored goods inside an industrial warehouse","Suitable distinct real photograph remains to be sourced and reviewed","Missing distinct real replacement; inherited duplicate retained pending suitable photograph"
"/blog/warehouse-fit-out-dubai-contractor-selection#image-5","/images/project-authority-approvals-dubai.webp","/blog/warehouse-fit-out-dubai-contractor-selection","Engineering interfaces that control warehouse fit out dubai / Transparent editorial ownership","card","unsplash:photo-1581674662583-5e89b374fae6","Architectural plans and a notebook arranged on a worktable","Suitable distinct real photograph remains to be sourced and reviewed","Missing distinct real replacement; inherited duplicate retained pending suitable photograph"
"/blog/warehouse-fit-out-dubai-contractor-selection#image-6","/images/internal/industrial-steel-roof.webp","/blog/warehouse-fit-out-dubai-contractor-selection","How to challenge a contractor proposal / Transparent editorial ownership","card","unsplash:photo-1662120399978-738d233edbec","Workers on a scissor lift installing industrial steel roof trusses","Suitable distinct real photograph remains to be sourced and reviewed","Missing distinct real replacement; inherited duplicate retained pending suitable photograph"
"/blog/warehouse-fit-out-dubai-contractor-selection#image-7","/images/internal/project-site-coordination.webp","/blog/warehouse-fit-out-dubai-contractor-selection","What a useful first technical meeting should produce / Transparent editorial ownership","card","unsplash:photo-1742112125567-3e8967bad60f","Two construction professionals reviewing a clipboard on site","Suitable distinct real photograph remains to be sourced and reviewed","Missing distinct real replacement; inherited duplicate retained pending suitable photograph"
"/blog/warehouse-fit-out-dubai-cost-factors#image-3","/images/generated/blog/civil-construction-dubai-guide-2026-desktop.webp","/blog/warehouse-fit-out-dubai-cost-factors","Warehouse Fit Out Dubai: Cost Factors / Transparent editorial ownership","hero","/images/generated/blog/civil-construction-dubai-guide-2026","Civil contractor Dubai planning for warehouse and industrial construction","Suitable distinct real photograph remains to be sourced and reviewed","Missing distinct real replacement; inherited duplicate retained pending suitable photograph"
"/blog/warehouse-fit-out-dubai-cost-factors#image-4","/images/project-warehouse-industrial-dubai.webp","/blog/warehouse-fit-out-dubai-cost-factors","Cost Factors: define the scope before it becomes a price / Transparent editorial ownership","card","unsplash:photo-1592085198739-ffcad7f36b54","Pallet racks and stored goods inside an industrial warehouse","Suitable distinct real photograph remains to be sourced and reviewed","Missing distinct real replacement; inherited duplicate retained pending suitable photograph"
"/blog/warehouse-fit-out-dubai-cost-factors#image-5","/images/project-authority-approvals-dubai.webp","/blog/warehouse-fit-out-dubai-cost-factors","Engineering interfaces that control warehouse fit out dubai / Transparent editorial ownership","card","unsplash:photo-1581674662583-5e89b374fae6","Architectural plans and a notebook arranged on a worktable","Suitable distinct real photograph remains to be sourced and reviewed","Missing distinct real replacement; inherited duplicate retained pending suitable photograph"
"/blog/warehouse-fit-out-dubai-cost-factors#image-6","/images/internal/industrial-steel-roof.webp","/blog/warehouse-fit-out-dubai-cost-factors","How to challenge a contractor proposal / Transparent editorial ownership","card","unsplash:photo-1662120399978-738d233edbec","Workers on a scissor lift installing industrial steel roof trusses","Suitable distinct real photograph remains to be sourced and reviewed","Missing distinct real replacement; inherited duplicate retained pending suitable photograph"
"/blog/warehouse-fit-out-dubai-cost-factors#image-7","/images/internal/project-site-coordination.webp","/blog/warehouse-fit-out-dubai-cost-factors","What a useful first technical meeting should produce / Transparent editorial ownership","card","unsplash:photo-1742112125567-3e8967bad60f","Two construction professionals reviewing a clipboard on site","Suitable distinct real photograph remains to be sourced and reviewed","Missing distinct real replacement; inherited duplicate retained pending suitable photograph"
"/blog/warehouse-fit-out-dubai-planning-guide#image-3","/images/generated/blog/choosing-building-contractor-dubai-desktop.webp","/blog/warehouse-fit-out-dubai-planning-guide","Warehouse Fit Out Dubai: Planning Guide / Transparent editorial ownership","hero","/images/generated/blog/choosing-building-contractor-dubai","Construction company Dubai team reviewing warehouse contractor scope","Suitable distinct real photograph remains to be sourced and reviewed","Missing distinct real replacement; inherited duplicate retained pending suitable photograph"
"/blog/warehouse-fit-out-dubai-planning-guide#image-4","/images/project-warehouse-industrial-dubai.webp","/blog/warehouse-fit-out-dubai-planning-guide","Planning Guide: define the scope before it becomes a price / Transparent editorial ownership","card","unsplash:photo-1592085198739-ffcad7f36b54","Pallet racks and stored goods inside an industrial warehouse","Suitable distinct real photograph remains to be sourced and reviewed","Missing distinct real replacement; inherited duplicate retained pending suitable photograph"
"/blog/warehouse-fit-out-dubai-planning-guide#image-5","/images/project-authority-approvals-dubai.webp","/blog/warehouse-fit-out-dubai-planning-guide","Engineering interfaces that control warehouse fit out dubai / Transparent editorial ownership","card","unsplash:photo-1581674662583-5e89b374fae6","Architectural plans and a notebook arranged on a worktable","Suitable distinct real photograph remains to be sourced and reviewed","Missing distinct real replacement; inherited duplicate retained pending suitable photograph"
"/blog/warehouse-fit-out-dubai-planning-guide#image-6","/images/internal/industrial-steel-roof.webp","/blog/warehouse-fit-out-dubai-planning-guide","How to challenge a contractor proposal / Transparent editorial ownership","card","unsplash:photo-1662120399978-738d233edbec","Workers on a scissor lift installing industrial steel roof trusses","Suitable distinct real photograph remains to be sourced and reviewed","Missing distinct real replacement; inherited duplicate retained pending suitable photograph"
"/blog/warehouse-fit-out-dubai-planning-guide#image-7","/images/internal/project-site-coordination.webp","/blog/warehouse-fit-out-dubai-planning-guide","What a useful first technical meeting should produce / Transparent editorial ownership","card","unsplash:photo-1742112125567-3e8967bad60f","Two construction professionals reviewing a clipboard on site","Suitable distinct real photograph remains to be sourced and reviewed","Missing distinct real replacement; inherited duplicate retained pending suitable photograph"
"/blog/warehouse-fit-out-dubai-timeline-process#image-3","/images/generated/blog/dubai-authority-approvals-guide-desktop.webp","/blog/warehouse-fit-out-dubai-timeline-process","Warehouse Fit Out Dubai: Timeline and Process / Transparent editorial ownership","hero","/images/generated/blog/dubai-authority-approvals-guide","Dubai authority approval documents for warehouse construction projects","Suitable distinct real photograph remains to be sourced and reviewed","Missing distinct real replacement; inherited duplicate retained pending suitable photograph"
"/blog/warehouse-fit-out-dubai-timeline-process#image-4","/images/project-warehouse-industrial-dubai.webp","/blog/warehouse-fit-out-dubai-timeline-process","Timeline and Process: define the scope before it becomes a price / Transparent editorial ownership","card","unsplash:photo-1592085198739-ffcad7f36b54","Pallet racks and stored goods inside an industrial warehouse","Suitable distinct real photograph remains to be sourced and reviewed","Missing distinct real replacement; inherited duplicate retained pending suitable photograph"
"/blog/warehouse-fit-out-dubai-timeline-process#image-5","/images/project-authority-approvals-dubai.webp","/blog/warehouse-fit-out-dubai-timeline-process","Engineering interfaces that control warehouse fit out dubai / Transparent editorial ownership","card","unsplash:photo-1581674662583-5e89b374fae6","Architectural plans and a notebook arranged on a worktable","Suitable distinct real photograph remains to be sourced and reviewed","Missing distinct real replacement; inherited duplicate retained pending suitable photograph"
"/blog/warehouse-fit-out-dubai-timeline-process#image-6","/images/internal/industrial-steel-roof.webp","/blog/warehouse-fit-out-dubai-timeline-process","How to challenge a contractor proposal / Transparent editorial ownership","card","unsplash:photo-1662120399978-738d233edbec","Workers on a scissor lift installing industrial steel roof trusses","Suitable distinct real photograph remains to be sourced and reviewed","Missing distinct real replacement; inherited duplicate retained pending suitable photograph"
"/blog/warehouse-fit-out-dubai-timeline-process#image-7","/images/internal/project-site-coordination.webp","/blog/warehouse-fit-out-dubai-timeline-process","What a useful first technical meeting should produce / Transparent editorial ownership","card","unsplash:photo-1742112125567-3e8967bad60f","Two construction professionals reviewing a clipboard on site","Suitable distinct real photograph remains to be sourced and reviewed","Missing distinct real replacement; inherited duplicate retained pending suitable photograph"
"/blog/warehouse-flooring-dubai-approval-checklist#image-3","/images/generated/blog/dubai-authority-approvals-guide-desktop.webp","/blog/warehouse-flooring-dubai-approval-checklist","Warehouse Flooring Dubai: Approval Checklist / Transparent editorial ownership","hero","/images/generated/blog/dubai-authority-approvals-guide","Dubai authority approval documents for warehouse construction projects","Suitable distinct real photograph remains to be sourced and reviewed","Missing distinct real replacement; inherited duplicate retained pending suitable photograph"
"/blog/warehouse-flooring-dubai-approval-checklist#image-4","/images/civil-contractor-dubai-construction-site.webp","/blog/warehouse-flooring-dubai-approval-checklist","Approval Checklist: define the scope before it becomes a price / Transparent editorial ownership","card","unsplash:photo-1541888946425-d81bb19240f5","Construction team standing beside a large reinforced foundation slab","Suitable distinct real photograph remains to be sourced and reviewed","Missing distinct real replacement; inherited duplicate retained pending suitable photograph"
"/blog/warehouse-flooring-dubai-approval-checklist#image-5","/images/project-authority-approvals-dubai.webp","/blog/warehouse-flooring-dubai-approval-checklist","Engineering interfaces that control warehouse flooring dubai / Transparent editorial ownership","card","unsplash:photo-1581674662583-5e89b374fae6","Architectural plans and a notebook arranged on a worktable","Suitable distinct real photograph remains to be sourced and reviewed","Missing distinct real replacement; inherited duplicate retained pending suitable photograph"
"/blog/warehouse-flooring-dubai-approval-checklist#image-6","/images/internal/structural-reinforcement.webp","/blog/warehouse-flooring-dubai-approval-checklist","How to challenge a contractor proposal / Transparent editorial ownership","card","unsplash:photo-1768677903496-becc4be07258","Construction worker inspecting a dense reinforcement grid before concrete placement","Suitable distinct real photograph remains to be sourced and reviewed","Missing distinct real replacement; inherited duplicate retained pending suitable photograph"
"/blog/warehouse-flooring-dubai-approval-checklist#image-7","/images/internal/project-site-coordination.webp","/blog/warehouse-flooring-dubai-approval-checklist","What a useful first technical meeting should produce / Transparent editorial ownership","card","unsplash:photo-1742112125567-3e8967bad60f","Two construction professionals reviewing a clipboard on site","Suitable distinct real photograph remains to be sourced and reviewed","Missing distinct real replacement; inherited duplicate retained pending suitable photograph"
"/blog/warehouse-flooring-dubai-contractor-selection#image-3","/images/generated/blog/civil-construction-dubai-guide-2026-desktop.webp","/blog/warehouse-flooring-dubai-contractor-selection","Warehouse Flooring Dubai: Contractor Selection / Transparent editorial ownership","hero","/images/generated/blog/civil-construction-dubai-guide-2026","Civil contractor Dubai planning for warehouse and industrial construction","Suitable distinct real photograph remains to be sourced and reviewed","Missing distinct real replacement; inherited duplicate retained pending suitable photograph"
"/blog/warehouse-flooring-dubai-contractor-selection#image-4","/images/civil-contractor-dubai-construction-site.webp","/blog/warehouse-flooring-dubai-contractor-selection","Contractor Selection: define the scope before it becomes a price / Transparent editorial ownership","card","unsplash:photo-1541888946425-d81bb19240f5","Construction team standing beside a large reinforced foundation slab","Suitable distinct real photograph remains to be sourced and reviewed","Missing distinct real replacement; inherited duplicate retained pending suitable photograph"
"/blog/warehouse-flooring-dubai-contractor-selection#image-5","/images/project-authority-approvals-dubai.webp","/blog/warehouse-flooring-dubai-contractor-selection","Engineering interfaces that control warehouse flooring dubai / Transparent editorial ownership","card","unsplash:photo-1581674662583-5e89b374fae6","Architectural plans and a notebook arranged on a worktable","Suitable distinct real photograph remains to be sourced and reviewed","Missing distinct real replacement; inherited duplicate retained pending suitable photograph"
"/blog/warehouse-flooring-dubai-contractor-selection#image-6","/images/internal/structural-reinforcement.webp","/blog/warehouse-flooring-dubai-contractor-selection","How to challenge a contractor proposal / Transparent editorial ownership","card","unsplash:photo-1768677903496-becc4be07258","Construction worker inspecting a dense reinforcement grid before concrete placement","Suitable distinct real photograph remains to be sourced and reviewed","Missing distinct real replacement; inherited duplicate retained pending suitable photograph"
"/blog/warehouse-flooring-dubai-contractor-selection#image-7","/images/internal/project-site-coordination.webp","/blog/warehouse-flooring-dubai-contractor-selection","What a useful first technical meeting should produce / Transparent editorial ownership","card","unsplash:photo-1742112125567-3e8967bad60f","Two construction professionals reviewing a clipboard on site","Suitable distinct real photograph remains to be sourced and reviewed","Missing distinct real replacement; inherited duplicate retained pending suitable photograph"
"/blog/warehouse-flooring-dubai-cost-factors#image-3","/images/generated/blog/choosing-building-contractor-dubai-desktop.webp","/blog/warehouse-flooring-dubai-cost-factors","Warehouse Flooring Dubai: Cost Factors / Transparent editorial ownership","hero","/images/generated/blog/choosing-building-contractor-dubai","Construction company Dubai team reviewing warehouse contractor scope","Suitable distinct real photograph remains to be sourced and reviewed","Missing distinct real replacement; inherited duplicate retained pending suitable photograph"
"/blog/warehouse-flooring-dubai-cost-factors#image-4","/images/civil-contractor-dubai-construction-site.webp","/blog/warehouse-flooring-dubai-cost-factors","Authority sequence and document ownership / Transparent editorial ownership","card","unsplash:photo-1541888946425-d81bb19240f5","Construction team standing beside a large reinforced foundation slab","Suitable distinct real photograph remains to be sourced and reviewed","Missing distinct real replacement; inherited duplicate retained pending suitable photograph"
"/blog/warehouse-flooring-dubai-cost-factors#image-5","/images/project-authority-approvals-dubai.webp","/blog/warehouse-flooring-dubai-cost-factors","Cost and programme reasoning for the cost factors decision / Transparent editorial ownership","card","unsplash:photo-1581674662583-5e89b374fae6","Architectural plans and a notebook arranged on a worktable","Suitable distinct real photograph remains to be sourced and reviewed","Missing distinct real replacement; inherited duplicate retained pending suitable photograph"
"/blog/warehouse-flooring-dubai-cost-factors#image-6","/images/internal/structural-reinforcement.webp","/blog/warehouse-flooring-dubai-cost-factors","What a useful first technical meeting should produce / Transparent editorial ownership","card","unsplash:photo-1768677903496-becc4be07258","Construction worker inspecting a dense reinforcement grid before concrete placement","Suitable distinct real photograph remains to be sourced and reviewed","Missing distinct real replacement; inherited duplicate retained pending suitable photograph"
"/blog/warehouse-flooring-dubai-cost-factors#image-7","/images/internal/project-site-coordination.webp","/blog/warehouse-flooring-dubai-cost-factors","Compare construction cost with the operating constraints included / Transparent editorial ownership","card","unsplash:photo-1742112125567-3e8967bad60f","Two construction professionals reviewing a clipboard on site","Suitable distinct real photograph remains to be sourced and reviewed","Missing distinct real replacement; inherited duplicate retained pending suitable photograph"
"/blog/warehouse-flooring-dubai-planning-guide#image-3","/images/generated/blog/civil-construction-dubai-guide-2026-desktop.webp","/blog/warehouse-flooring-dubai-planning-guide","Warehouse Flooring Dubai: Planning Guide / Transparent editorial ownership","hero","/images/generated/blog/civil-construction-dubai-guide-2026","Civil contractor Dubai planning for warehouse and industrial construction","Suitable distinct real photograph remains to be sourced and reviewed","Missing distinct real replacement; inherited duplicate retained pending suitable photograph"
"/blog/warehouse-flooring-dubai-planning-guide#image-4","/images/civil-contractor-dubai-construction-site.webp","/blog/warehouse-flooring-dubai-planning-guide","Planning Guide: define the scope before it becomes a price / Transparent editorial ownership","card","unsplash:photo-1541888946425-d81bb19240f5","Construction team standing beside a large reinforced foundation slab","Suitable distinct real photograph remains to be sourced and reviewed","Missing distinct real replacement; inherited duplicate retained pending suitable photograph"
"/blog/warehouse-flooring-dubai-planning-guide#image-5","/images/project-authority-approvals-dubai.webp","/blog/warehouse-flooring-dubai-planning-guide","Engineering interfaces that control warehouse flooring dubai / Transparent editorial ownership","card","unsplash:photo-1581674662583-5e89b374fae6","Architectural plans and a notebook arranged on a worktable","Suitable distinct real photograph remains to be sourced and reviewed","Missing distinct real replacement; inherited duplicate retained pending suitable photograph"
"/blog/warehouse-flooring-dubai-planning-guide#image-6","/images/internal/structural-reinforcement.webp","/blog/warehouse-flooring-dubai-planning-guide","How to challenge a contractor proposal / Transparent editorial ownership","card","unsplash:photo-1768677903496-becc4be07258","Construction worker inspecting a dense reinforcement grid before concrete placement","Suitable distinct real photograph remains to be sourced and reviewed","Missing distinct real replacement; inherited duplicate retained pending suitable photograph"
"/blog/warehouse-flooring-dubai-planning-guide#image-7","/images/internal/project-site-coordination.webp","/blog/warehouse-flooring-dubai-planning-guide","What a useful first technical meeting should produce / Transparent editorial ownership","card","unsplash:photo-1742112125567-3e8967bad60f","Two construction professionals reviewing a clipboard on site","Suitable distinct real photograph remains to be sourced and reviewed","Missing distinct real replacement; inherited duplicate retained pending suitable photograph"
"/blog/warehouse-flooring-dubai-timeline-process#image-3","/images/generated/blog/warehouse-construction-planning-guide-desktop.webp","/blog/warehouse-flooring-dubai-timeline-process","Warehouse Flooring Dubai: Timeline and Process / Transparent editorial ownership","hero","/images/generated/blog/warehouse-construction-planning-guide","Warehouse construction planning and contractor coordination in Dubai","Suitable distinct real photograph remains to be sourced and reviewed","Missing distinct real replacement; inherited duplicate retained pending suitable photograph"
"/blog/warehouse-flooring-dubai-timeline-process#image-4","/images/civil-contractor-dubai-construction-site.webp","/blog/warehouse-flooring-dubai-timeline-process","Timeline and Process: define the scope before it becomes a price / Transparent editorial ownership","card","unsplash:photo-1541888946425-d81bb19240f5","Construction team standing beside a large reinforced foundation slab","Suitable distinct real photograph remains to be sourced and reviewed","Missing distinct real replacement; inherited duplicate retained pending suitable photograph"
"/blog/warehouse-flooring-dubai-timeline-process#image-5","/images/project-authority-approvals-dubai.webp","/blog/warehouse-flooring-dubai-timeline-process","Engineering interfaces that control warehouse flooring dubai / Transparent editorial ownership","card","unsplash:photo-1581674662583-5e89b374fae6","Architectural plans and a notebook arranged on a worktable","Suitable distinct real photograph remains to be sourced and reviewed","Missing distinct real replacement; inherited duplicate retained pending suitable photograph"
"/blog/warehouse-flooring-dubai-timeline-process#image-6","/images/internal/structural-reinforcement.webp","/blog/warehouse-flooring-dubai-timeline-process","How to challenge a contractor proposal / Transparent editorial ownership","card","unsplash:photo-1768677903496-becc4be07258","Construction worker inspecting a dense reinforcement grid before concrete placement","Suitable distinct real photograph remains to be sourced and reviewed","Missing distinct real replacement; inherited duplicate retained pending suitable photograph"
"/blog/warehouse-flooring-dubai-timeline-process#image-7","/images/internal/project-site-coordination.webp","/blog/warehouse-flooring-dubai-timeline-process","What a useful first technical meeting should produce / Transparent editorial ownership","card","unsplash:photo-1742112125567-3e8967bad60f","Two construction professionals reviewing a clipboard on site","Suitable distinct real photograph remains to be sourced and reviewed","Missing distinct real replacement; inherited duplicate retained pending suitable photograph"
"/blog/warehouse-mep-coordination-dubai-approval-checklist#image-3","/images/generated/blog/warehouse-construction-planning-guide-desktop.webp","/blog/warehouse-mep-coordination-dubai-approval-checklist","Warehouse MEP Coordination Dubai: Approval Checklist / Transparent editorial ownership","hero","/images/generated/blog/warehouse-construction-planning-guide","Warehouse construction planning and contractor coordination in Dubai","Suitable distinct real photograph remains to be sourced and reviewed","Missing distinct real replacement; inherited duplicate retained pending suitable photograph"
"/blog/warehouse-mep-coordination-dubai-approval-checklist#image-4","/images/project-mep-coordination-dubai.webp","/blog/warehouse-mep-coordination-dubai-approval-checklist","Approval Checklist: define the scope before it becomes a price / Transparent editorial ownership","card","unsplash:photo-1778514825784-0659eaf8e7a2","Water pipes and electrical conduits during building services installation","Suitable distinct real photograph remains to be sourced and reviewed","Missing distinct real replacement; inherited duplicate retained pending suitable photograph"
"/blog/warehouse-mep-coordination-dubai-approval-checklist#image-5","/images/project-authority-approvals-dubai.webp","/blog/warehouse-mep-coordination-dubai-approval-checklist","Engineering interfaces that control warehouse mep coordination dubai / Transparent editorial ownership","card","unsplash:photo-1581674662583-5e89b374fae6","Architectural plans and a notebook arranged on a worktable","Suitable distinct real photograph remains to be sourced and reviewed","Missing distinct real replacement; inherited duplicate retained pending suitable photograph"
"/blog/warehouse-mep-coordination-dubai-approval-checklist#image-6","/images/dewa-hv-lv-cable-works-dubai.webp","/blog/warehouse-mep-coordination-dubai-approval-checklist","How to challenge a contractor proposal / Transparent editorial ownership","card","unsplash:photo-1608574839637-2f7d0290d01d","Electrical cables routed through overhead trays","Suitable distinct real photograph remains to be sourced and reviewed","Missing distinct real replacement; inherited duplicate retained pending suitable photograph"
"/blog/warehouse-mep-coordination-dubai-approval-checklist#image-7","/images/internal/project-site-coordination.webp","/blog/warehouse-mep-coordination-dubai-approval-checklist","What a useful first technical meeting should produce / Transparent editorial ownership","card","unsplash:photo-1742112125567-3e8967bad60f","Two construction professionals reviewing a clipboard on site","Suitable distinct real photograph remains to be sourced and reviewed","Missing distinct real replacement; inherited duplicate retained pending suitable photograph"
"/blog/warehouse-mep-coordination-dubai-contractor-selection#image-3","/images/generated/blog/choosing-building-contractor-dubai-desktop.webp","/blog/warehouse-mep-coordination-dubai-contractor-selection","Warehouse MEP Coordination Dubai: Contractor Selection / Transparent editorial ownership","hero","/images/generated/blog/choosing-building-contractor-dubai","Construction company Dubai team reviewing warehouse contractor scope","Suitable distinct real photograph remains to be sourced and reviewed","Missing distinct real replacement; inherited duplicate retained pending suitable photograph"
"/blog/warehouse-mep-coordination-dubai-contractor-selection#image-4","/images/project-mep-coordination-dubai.webp","/blog/warehouse-mep-coordination-dubai-contractor-selection","Contractor Selection: define the scope before it becomes a price / Transparent editorial ownership","card","unsplash:photo-1778514825784-0659eaf8e7a2","Water pipes and electrical conduits during building services installation","Suitable distinct real photograph remains to be sourced and reviewed","Missing distinct real replacement; inherited duplicate retained pending suitable photograph"
"/blog/warehouse-mep-coordination-dubai-contractor-selection#image-5","/images/project-authority-approvals-dubai.webp","/blog/warehouse-mep-coordination-dubai-contractor-selection","Engineering interfaces that control warehouse mep coordination dubai / Transparent editorial ownership","card","unsplash:photo-1581674662583-5e89b374fae6","Architectural plans and a notebook arranged on a worktable","Suitable distinct real photograph remains to be sourced and reviewed","Missing distinct real replacement; inherited duplicate retained pending suitable photograph"
"/blog/warehouse-mep-coordination-dubai-contractor-selection#image-6","/images/dewa-hv-lv-cable-works-dubai.webp","/blog/warehouse-mep-coordination-dubai-contractor-selection","How to challenge a contractor proposal / Transparent editorial ownership","card","unsplash:photo-1608574839637-2f7d0290d01d","Electrical cables routed through overhead trays","Suitable distinct real photograph remains to be sourced and reviewed","Missing distinct real replacement; inherited duplicate retained pending suitable photograph"
"/blog/warehouse-mep-coordination-dubai-contractor-selection#image-7","/images/internal/project-site-coordination.webp","/blog/warehouse-mep-coordination-dubai-contractor-selection","What a useful first technical meeting should produce / Transparent editorial ownership","card","unsplash:photo-1742112125567-3e8967bad60f","Two construction professionals reviewing a clipboard on site","Suitable distinct real photograph remains to be sourced and reviewed","Missing distinct real replacement; inherited duplicate retained pending suitable photograph"
"/blog/warehouse-mep-coordination-dubai-cost-factors#image-3","/images/generated/blog/civil-construction-dubai-guide-2026-desktop.webp","/blog/warehouse-mep-coordination-dubai-cost-factors","Warehouse MEP Coordination Dubai: Cost Factors / Transparent editorial ownership","hero","/images/generated/blog/civil-construction-dubai-guide-2026","Civil contractor Dubai planning for warehouse and industrial construction","Suitable distinct real photograph remains to be sourced and reviewed","Missing distinct real replacement; inherited duplicate retained pending suitable photograph"
"/blog/warehouse-mep-coordination-dubai-cost-factors#image-4","/images/project-mep-coordination-dubai.webp","/blog/warehouse-mep-coordination-dubai-cost-factors","Cost Factors: define the scope before it becomes a price / Transparent editorial ownership","card","unsplash:photo-1778514825784-0659eaf8e7a2","Water pipes and electrical conduits during building services installation","Suitable distinct real photograph remains to be sourced and reviewed","Missing distinct real replacement; inherited duplicate retained pending suitable photograph"
"/blog/warehouse-mep-coordination-dubai-cost-factors#image-5","/images/project-authority-approvals-dubai.webp","/blog/warehouse-mep-coordination-dubai-cost-factors","Engineering interfaces that control warehouse mep coordination dubai / Transparent editorial ownership","card","unsplash:photo-1581674662583-5e89b374fae6","Architectural plans and a notebook arranged on a worktable","Suitable distinct real photograph remains to be sourced and reviewed","Missing distinct real replacement; inherited duplicate retained pending suitable photograph"
"/blog/warehouse-mep-coordination-dubai-cost-factors#image-6","/images/dewa-hv-lv-cable-works-dubai.webp","/blog/warehouse-mep-coordination-dubai-cost-factors","How to challenge a contractor proposal / Transparent editorial ownership","card","unsplash:photo-1608574839637-2f7d0290d01d","Electrical cables routed through overhead trays","Suitable distinct real photograph remains to be sourced and reviewed","Missing distinct real replacement; inherited duplicate retained pending suitable photograph"
"/blog/warehouse-mep-coordination-dubai-cost-factors#image-7","/images/internal/project-site-coordination.webp","/blog/warehouse-mep-coordination-dubai-cost-factors","What a useful first technical meeting should produce / Transparent editorial ownership","card","unsplash:photo-1742112125567-3e8967bad60f","Two construction professionals reviewing a clipboard on site","Suitable distinct real photograph remains to be sourced and reviewed","Missing distinct real replacement; inherited duplicate retained pending suitable photograph"
"/blog/warehouse-mep-coordination-dubai-planning-guide#image-3","/images/generated/blog/choosing-building-contractor-dubai-desktop.webp","/blog/warehouse-mep-coordination-dubai-planning-guide","Warehouse MEP Coordination Dubai: Planning Guide / Transparent editorial ownership","hero","/images/generated/blog/choosing-building-contractor-dubai","Construction company Dubai team reviewing warehouse contractor scope","Suitable distinct real photograph remains to be sourced and reviewed","Missing distinct real replacement; inherited duplicate retained pending suitable photograph"
"/blog/warehouse-mep-coordination-dubai-planning-guide#image-4","/images/project-mep-coordination-dubai.webp","/blog/warehouse-mep-coordination-dubai-planning-guide","Planning Guide: define the scope before it becomes a price / Transparent editorial ownership","card","unsplash:photo-1778514825784-0659eaf8e7a2","Water pipes and electrical conduits during building services installation","Suitable distinct real photograph remains to be sourced and reviewed","Missing distinct real replacement; inherited duplicate retained pending suitable photograph"
"/blog/warehouse-mep-coordination-dubai-planning-guide#image-5","/images/project-authority-approvals-dubai.webp","/blog/warehouse-mep-coordination-dubai-planning-guide","Engineering interfaces that control warehouse mep coordination dubai / Transparent editorial ownership","card","unsplash:photo-1581674662583-5e89b374fae6","Architectural plans and a notebook arranged on a worktable","Suitable distinct real photograph remains to be sourced and reviewed","Missing distinct real replacement; inherited duplicate retained pending suitable photograph"
"/blog/warehouse-mep-coordination-dubai-planning-guide#image-6","/images/dewa-hv-lv-cable-works-dubai.webp","/blog/warehouse-mep-coordination-dubai-planning-guide","How to challenge a contractor proposal / Transparent editorial ownership","card","unsplash:photo-1608574839637-2f7d0290d01d","Electrical cables routed through overhead trays","Suitable distinct real photograph remains to be sourced and reviewed","Missing distinct real replacement; inherited duplicate retained pending suitable photograph"
"/blog/warehouse-mep-coordination-dubai-planning-guide#image-7","/images/internal/project-site-coordination.webp","/blog/warehouse-mep-coordination-dubai-planning-guide","What a useful first technical meeting should produce / Transparent editorial ownership","card","unsplash:photo-1742112125567-3e8967bad60f","Two construction professionals reviewing a clipboard on site","Suitable distinct real photograph remains to be sourced and reviewed","Missing distinct real replacement; inherited duplicate retained pending suitable photograph"
"/blog/warehouse-mep-coordination-dubai-timeline-process#image-3","/images/generated/blog/dubai-authority-approvals-guide-desktop.webp","/blog/warehouse-mep-coordination-dubai-timeline-process","Warehouse MEP Coordination Dubai: Timeline and Process / Transparent editorial ownership","hero","/images/generated/blog/dubai-authority-approvals-guide","Dubai authority approval documents for warehouse construction projects","Suitable distinct real photograph remains to be sourced and reviewed","Missing distinct real replacement; inherited duplicate retained pending suitable photograph"
"/blog/warehouse-mep-coordination-dubai-timeline-process#image-4","/images/project-mep-coordination-dubai.webp","/blog/warehouse-mep-coordination-dubai-timeline-process","Timeline and Process: define the scope before it becomes a price / Transparent editorial ownership","card","unsplash:photo-1778514825784-0659eaf8e7a2","Water pipes and electrical conduits during building services installation","Suitable distinct real photograph remains to be sourced and reviewed","Missing distinct real replacement; inherited duplicate retained pending suitable photograph"
"/blog/warehouse-mep-coordination-dubai-timeline-process#image-5","/images/project-authority-approvals-dubai.webp","/blog/warehouse-mep-coordination-dubai-timeline-process","Engineering interfaces that control warehouse mep coordination dubai / Transparent editorial ownership","card","unsplash:photo-1581674662583-5e89b374fae6","Architectural plans and a notebook arranged on a worktable","Suitable distinct real photograph remains to be sourced and reviewed","Missing distinct real replacement; inherited duplicate retained pending suitable photograph"
"/blog/warehouse-mep-coordination-dubai-timeline-process#image-6","/images/dewa-hv-lv-cable-works-dubai.webp","/blog/warehouse-mep-coordination-dubai-timeline-process","How to challenge a contractor proposal / Transparent editorial ownership","card","unsplash:photo-1608574839637-2f7d0290d01d","Electrical cables routed through overhead trays","Suitable distinct real photograph remains to be sourced and reviewed","Missing distinct real replacement; inherited duplicate retained pending suitable photograph"
"/blog/warehouse-mep-coordination-dubai-timeline-process#image-7","/images/internal/project-site-coordination.webp","/blog/warehouse-mep-coordination-dubai-timeline-process","What a useful first technical meeting should produce / Transparent editorial ownership","card","unsplash:photo-1742112125567-3e8967bad60f","Two construction professionals reviewing a clipboard on site","Suitable distinct real photograph remains to be sourced and reviewed","Missing distinct real replacement; inherited duplicate retained pending suitable photograph"
"/blog/warehouse-project-management-dubai-approval-checklist#image-3","/images/generated/blog/warehouse-construction-planning-guide-desktop.webp","/blog/warehouse-project-management-dubai-approval-checklist","Warehouse Project Management Dubai: Approval Checklist / Transparent editorial ownership","hero","/images/generated/blog/warehouse-construction-planning-guide","Warehouse construction planning and contractor coordination in Dubai","Suitable distinct real photograph remains to be sourced and reviewed","Missing distinct real replacement; inherited duplicate retained pending suitable photograph"
"/blog/warehouse-project-management-dubai-approval-checklist#image-4","/images/internal/architectural-drawing-review.webp","/blog/warehouse-project-management-dubai-approval-checklist","Approval Checklist: define the scope before it becomes a price / Transparent editorial ownership","card","unsplash:photo-1608303588026-884930af2559","Hands reviewing architectural drawings with a ruler and calculator","Suitable distinct real photograph remains to be sourced and reviewed","Missing distinct real replacement; inherited duplicate retained pending suitable photograph"
"/blog/warehouse-project-management-dubai-approval-checklist#image-5","/images/project-authority-approvals-dubai.webp","/blog/warehouse-project-management-dubai-approval-checklist","Engineering interfaces that control warehouse project management dubai / Transparent editorial ownership","card","unsplash:photo-1581674662583-5e89b374fae6","Architectural plans and a notebook arranged on a worktable","Suitable distinct real photograph remains to be sourced and reviewed","Missing distinct real replacement; inherited duplicate retained pending suitable photograph"
"/blog/warehouse-project-management-dubai-approval-checklist#image-6","/images/internal/project-site-coordination.webp","/blog/warehouse-project-management-dubai-approval-checklist","How to challenge a contractor proposal / Transparent editorial ownership","card","unsplash:photo-1742112125567-3e8967bad60f","Two construction professionals reviewing a clipboard on site","Suitable distinct real photograph remains to be sourced and reviewed","Missing distinct real replacement; inherited duplicate retained pending suitable photograph"
"/blog/warehouse-project-management-dubai-approval-checklist#image-7","/images/sections/office-records-desk.webp","/blog/warehouse-project-management-dubai-approval-checklist","What a useful first technical meeting should produce / Transparent editorial ownership","card","pexels:8353764","Paper documents, an open folder and computer monitors on an office desk","Suitable distinct real photograph remains to be sourced and reviewed","Missing distinct real replacement; inherited duplicate retained pending suitable photograph"
"/blog/warehouse-project-management-dubai-contractor-selection#image-3","/images/generated/blog/choosing-building-contractor-dubai-desktop.webp","/blog/warehouse-project-management-dubai-contractor-selection","Warehouse Project Management Dubai: Contractor Selection / Transparent editorial ownership","hero","/images/generated/blog/choosing-building-contractor-dubai","Construction company Dubai team reviewing warehouse contractor scope","Suitable distinct real photograph remains to be sourced and reviewed","Missing distinct real replacement; inherited duplicate retained pending suitable photograph"
"/blog/warehouse-project-management-dubai-contractor-selection#image-4","/images/project-warehouse-industrial-dubai.webp","/blog/warehouse-project-management-dubai-contractor-selection","Contractor Selection: define the scope before it becomes a price / Transparent editorial ownership","card","unsplash:photo-1592085198739-ffcad7f36b54","Pallet racks and stored goods inside an industrial warehouse","Suitable distinct real photograph remains to be sourced and reviewed","Missing distinct real replacement; inherited duplicate retained pending suitable photograph"
"/blog/warehouse-project-management-dubai-contractor-selection#image-5","/images/project-authority-approvals-dubai.webp","/blog/warehouse-project-management-dubai-contractor-selection","Engineering interfaces that control warehouse project management dubai / Transparent editorial ownership","card","unsplash:photo-1581674662583-5e89b374fae6","Architectural plans and a notebook arranged on a worktable","Suitable distinct real photograph remains to be sourced and reviewed","Missing distinct real replacement; inherited duplicate retained pending suitable photograph"
"/blog/warehouse-project-management-dubai-contractor-selection#image-6","/images/internal/industrial-steel-roof.webp","/blog/warehouse-project-management-dubai-contractor-selection","How to challenge a contractor proposal / Transparent editorial ownership","card","unsplash:photo-1662120399978-738d233edbec","Workers on a scissor lift installing industrial steel roof trusses","Suitable distinct real photograph remains to be sourced and reviewed","Missing distinct real replacement; inherited duplicate retained pending suitable photograph"
"/blog/warehouse-project-management-dubai-contractor-selection#image-7","/images/internal/project-site-coordination.webp","/blog/warehouse-project-management-dubai-contractor-selection","What a useful first technical meeting should produce / Transparent editorial ownership","card","unsplash:photo-1742112125567-3e8967bad60f","Two construction professionals reviewing a clipboard on site","Suitable distinct real photograph remains to be sourced and reviewed","Missing distinct real replacement; inherited duplicate retained pending suitable photograph"
"/blog/warehouse-project-management-dubai-cost-factors#image-3","/images/generated/blog/civil-construction-dubai-guide-2026-desktop.webp","/blog/warehouse-project-management-dubai-cost-factors","Warehouse Project Management Dubai: Cost Factors / Transparent editorial ownership","hero","/images/generated/blog/civil-construction-dubai-guide-2026","Civil contractor Dubai planning for warehouse and industrial construction","Suitable distinct real photograph remains to be sourced and reviewed","Missing distinct real replacement; inherited duplicate retained pending suitable photograph"
"/blog/warehouse-project-management-dubai-cost-factors#image-4","/images/project-warehouse-industrial-dubai.webp","/blog/warehouse-project-management-dubai-cost-factors","Cost Factors: define the scope before it becomes a price / Transparent editorial ownership","card","unsplash:photo-1592085198739-ffcad7f36b54","Pallet racks and stored goods inside an industrial warehouse","Suitable distinct real photograph remains to be sourced and reviewed","Missing distinct real replacement; inherited duplicate retained pending suitable photograph"
"/blog/warehouse-project-management-dubai-cost-factors#image-5","/images/project-authority-approvals-dubai.webp","/blog/warehouse-project-management-dubai-cost-factors","Engineering interfaces that control warehouse project management dubai / Transparent editorial ownership","card","unsplash:photo-1581674662583-5e89b374fae6","Architectural plans and a notebook arranged on a worktable","Suitable distinct real photograph remains to be sourced and reviewed","Missing distinct real replacement; inherited duplicate retained pending suitable photograph"
"/blog/warehouse-project-management-dubai-cost-factors#image-6","/images/internal/industrial-steel-roof.webp","/blog/warehouse-project-management-dubai-cost-factors","How to challenge a contractor proposal / Transparent editorial ownership","card","unsplash:photo-1662120399978-738d233edbec","Workers on a scissor lift installing industrial steel roof trusses","Suitable distinct real photograph remains to be sourced and reviewed","Missing distinct real replacement; inherited duplicate retained pending suitable photograph"
"/blog/warehouse-project-management-dubai-cost-factors#image-7","/images/internal/project-site-coordination.webp","/blog/warehouse-project-management-dubai-cost-factors","What a useful first technical meeting should produce / Transparent editorial ownership","card","unsplash:photo-1742112125567-3e8967bad60f","Two construction professionals reviewing a clipboard on site","Suitable distinct real photograph remains to be sourced and reviewed","Missing distinct real replacement; inherited duplicate retained pending suitable photograph"
"/blog/warehouse-project-management-dubai-planning-guide#image-3","/images/generated/blog/choosing-building-contractor-dubai-desktop.webp","/blog/warehouse-project-management-dubai-planning-guide","Warehouse Project Management Dubai: Planning Guide / Transparent editorial ownership","hero","/images/generated/blog/choosing-building-contractor-dubai","Construction company Dubai team reviewing warehouse contractor scope","Suitable distinct real photograph remains to be sourced and reviewed","Missing distinct real replacement; inherited duplicate retained pending suitable photograph"
"/blog/warehouse-project-management-dubai-planning-guide#image-4","/images/project-warehouse-industrial-dubai.webp","/blog/warehouse-project-management-dubai-planning-guide","Planning Guide: define the scope before it becomes a price / Transparent editorial ownership","card","unsplash:photo-1592085198739-ffcad7f36b54","Pallet racks and stored goods inside an industrial warehouse","Suitable distinct real photograph remains to be sourced and reviewed","Missing distinct real replacement; inherited duplicate retained pending suitable photograph"
"/blog/warehouse-project-management-dubai-planning-guide#image-5","/images/project-authority-approvals-dubai.webp","/blog/warehouse-project-management-dubai-planning-guide","Engineering interfaces that control warehouse project management dubai / Transparent editorial ownership","card","unsplash:photo-1581674662583-5e89b374fae6","Architectural plans and a notebook arranged on a worktable","Suitable distinct real photograph remains to be sourced and reviewed","Missing distinct real replacement; inherited duplicate retained pending suitable photograph"
"/blog/warehouse-project-management-dubai-planning-guide#image-6","/images/internal/industrial-steel-roof.webp","/blog/warehouse-project-management-dubai-planning-guide","How to challenge a contractor proposal / Transparent editorial ownership","card","unsplash:photo-1662120399978-738d233edbec","Workers on a scissor lift installing industrial steel roof trusses","Suitable distinct real photograph remains to be sourced and reviewed","Missing distinct real replacement; inherited duplicate retained pending suitable photograph"
"/blog/warehouse-project-management-dubai-planning-guide#image-7","/images/internal/project-site-coordination.webp","/blog/warehouse-project-management-dubai-planning-guide","What a useful first technical meeting should produce / Transparent editorial ownership","card","unsplash:photo-1742112125567-3e8967bad60f","Two construction professionals reviewing a clipboard on site","Suitable distinct real photograph remains to be sourced and reviewed","Missing distinct real replacement; inherited duplicate retained pending suitable photograph"
"/blog/warehouse-project-management-dubai-timeline-process#image-3","/images/generated/blog/dubai-authority-approvals-guide-desktop.webp","/blog/warehouse-project-management-dubai-timeline-process","Warehouse Project Management Dubai: Timeline and Process / Transparent editorial ownership","hero","/images/generated/blog/dubai-authority-approvals-guide","Dubai authority approval documents for warehouse construction projects","Suitable distinct real photograph remains to be sourced and reviewed","Missing distinct real replacement; inherited duplicate retained pending suitable photograph"
"/blog/warehouse-project-management-dubai-timeline-process#image-4","/images/project-warehouse-industrial-dubai.webp","/blog/warehouse-project-management-dubai-timeline-process","Timeline and Process: define the scope before it becomes a price / Transparent editorial ownership","card","unsplash:photo-1592085198739-ffcad7f36b54","Pallet racks and stored goods inside an industrial warehouse","Suitable distinct real photograph remains to be sourced and reviewed","Missing distinct real replacement; inherited duplicate retained pending suitable photograph"
"/blog/warehouse-project-management-dubai-timeline-process#image-5","/images/project-authority-approvals-dubai.webp","/blog/warehouse-project-management-dubai-timeline-process","Engineering interfaces that control warehouse project management dubai / Transparent editorial ownership","card","unsplash:photo-1581674662583-5e89b374fae6","Architectural plans and a notebook arranged on a worktable","Suitable distinct real photograph remains to be sourced and reviewed","Missing distinct real replacement; inherited duplicate retained pending suitable photograph"
"/blog/warehouse-project-management-dubai-timeline-process#image-6","/images/internal/industrial-steel-roof.webp","/blog/warehouse-project-management-dubai-timeline-process","How to challenge a contractor proposal / Transparent editorial ownership","card","unsplash:photo-1662120399978-738d233edbec","Workers on a scissor lift installing industrial steel roof trusses","Suitable distinct real photograph remains to be sourced and reviewed","Missing distinct real replacement; inherited duplicate retained pending suitable photograph"
"/blog/warehouse-project-management-dubai-timeline-process#image-7","/images/internal/project-site-coordination.webp","/blog/warehouse-project-management-dubai-timeline-process","What a useful first technical meeting should produce / Transparent editorial ownership","card","unsplash:photo-1742112125567-3e8967bad60f","Two construction professionals reviewing a clipboard on site","Suitable distinct real photograph remains to be sourced and reviewed","Missing distinct real replacement; inherited duplicate retained pending suitable photograph"
"/blog/warehouse-renovation-dubai-approval-checklist#image-3","/images/generated/blog/civil-construction-dubai-guide-2026-desktop.webp","/blog/warehouse-renovation-dubai-approval-checklist","Warehouse Renovation Dubai: Approval Checklist / Transparent editorial ownership","hero","/images/generated/blog/civil-construction-dubai-guide-2026","Civil contractor Dubai planning for warehouse and industrial construction","Suitable distinct real photograph remains to be sourced and reviewed","Missing distinct real replacement; inherited duplicate retained pending suitable photograph"
"/blog/warehouse-renovation-dubai-approval-checklist#image-4","/images/internal/architectural-drawing-review.webp","/blog/warehouse-renovation-dubai-approval-checklist","Approval Checklist: define the scope before it becomes a price / Transparent editorial ownership","card","unsplash:photo-1608303588026-884930af2559","Hands reviewing architectural drawings with a ruler and calculator","Suitable distinct real photograph remains to be sourced and reviewed","Missing distinct real replacement; inherited duplicate retained pending suitable photograph"
"/blog/warehouse-renovation-dubai-approval-checklist#image-5","/images/project-authority-approvals-dubai.webp","/blog/warehouse-renovation-dubai-approval-checklist","Engineering interfaces that control warehouse renovation dubai / Transparent editorial ownership","card","unsplash:photo-1581674662583-5e89b374fae6","Architectural plans and a notebook arranged on a worktable","Suitable distinct real photograph remains to be sourced and reviewed","Missing distinct real replacement; inherited duplicate retained pending suitable photograph"
"/blog/warehouse-renovation-dubai-approval-checklist#image-6","/images/internal/project-site-coordination.webp","/blog/warehouse-renovation-dubai-approval-checklist","How to challenge a contractor proposal / Transparent editorial ownership","card","unsplash:photo-1742112125567-3e8967bad60f","Two construction professionals reviewing a clipboard on site","Suitable distinct real photograph remains to be sourced and reviewed","Missing distinct real replacement; inherited duplicate retained pending suitable photograph"
"/blog/warehouse-renovation-dubai-approval-checklist#image-7","/images/sections/office-records-desk.webp","/blog/warehouse-renovation-dubai-approval-checklist","What a useful first technical meeting should produce / Transparent editorial ownership","card","pexels:8353764","Paper documents, an open folder and computer monitors on an office desk","Suitable distinct real photograph remains to be sourced and reviewed","Missing distinct real replacement; inherited duplicate retained pending suitable photograph"
"/blog/warehouse-renovation-dubai-contractor-selection#image-3","/images/generated/blog/warehouse-construction-planning-guide-desktop.webp","/blog/warehouse-renovation-dubai-contractor-selection","Warehouse Renovation Dubai: Contractor Selection / Transparent editorial ownership","hero","/images/generated/blog/warehouse-construction-planning-guide","Warehouse construction planning and contractor coordination in Dubai","Suitable distinct real photograph remains to be sourced and reviewed","Missing distinct real replacement; inherited duplicate retained pending suitable photograph"
"/blog/warehouse-renovation-dubai-contractor-selection#image-4","/images/project-warehouse-industrial-dubai.webp","/blog/warehouse-renovation-dubai-contractor-selection","Contractor Selection: define the scope before it becomes a price / Transparent editorial ownership","card","unsplash:photo-1592085198739-ffcad7f36b54","Pallet racks and stored goods inside an industrial warehouse","Suitable distinct real photograph remains to be sourced and reviewed","Missing distinct real replacement; inherited duplicate retained pending suitable photograph"
"/blog/warehouse-renovation-dubai-contractor-selection#image-5","/images/project-authority-approvals-dubai.webp","/blog/warehouse-renovation-dubai-contractor-selection","Engineering interfaces that control warehouse renovation dubai / Transparent editorial ownership","card","unsplash:photo-1581674662583-5e89b374fae6","Architectural plans and a notebook arranged on a worktable","Suitable distinct real photograph remains to be sourced and reviewed","Missing distinct real replacement; inherited duplicate retained pending suitable photograph"
"/blog/warehouse-renovation-dubai-contractor-selection#image-6","/images/internal/industrial-steel-roof.webp","/blog/warehouse-renovation-dubai-contractor-selection","How to challenge a contractor proposal / Transparent editorial ownership","card","unsplash:photo-1662120399978-738d233edbec","Workers on a scissor lift installing industrial steel roof trusses","Suitable distinct real photograph remains to be sourced and reviewed","Missing distinct real replacement; inherited duplicate retained pending suitable photograph"
"/blog/warehouse-renovation-dubai-contractor-selection#image-7","/images/internal/project-site-coordination.webp","/blog/warehouse-renovation-dubai-contractor-selection","What a useful first technical meeting should produce / Transparent editorial ownership","card","unsplash:photo-1742112125567-3e8967bad60f","Two construction professionals reviewing a clipboard on site","Suitable distinct real photograph remains to be sourced and reviewed","Missing distinct real replacement; inherited duplicate retained pending suitable photograph"
"/blog/warehouse-renovation-dubai-cost-factors#image-3","/images/generated/blog/dubai-authority-approvals-guide-desktop.webp","/blog/warehouse-renovation-dubai-cost-factors","Warehouse Renovation Dubai: Cost Factors / Transparent editorial ownership","hero","/images/generated/blog/dubai-authority-approvals-guide","Dubai authority approval documents for warehouse construction projects","Suitable distinct real photograph remains to be sourced and reviewed","Missing distinct real replacement; inherited duplicate retained pending suitable photograph"
"/blog/warehouse-renovation-dubai-cost-factors#image-4","/images/project-warehouse-industrial-dubai.webp","/blog/warehouse-renovation-dubai-cost-factors","Cost Factors: define the scope before it becomes a price / Transparent editorial ownership","card","unsplash:photo-1592085198739-ffcad7f36b54","Pallet racks and stored goods inside an industrial warehouse","Suitable distinct real photograph remains to be sourced and reviewed","Missing distinct real replacement; inherited duplicate retained pending suitable photograph"
"/blog/warehouse-renovation-dubai-cost-factors#image-5","/images/project-authority-approvals-dubai.webp","/blog/warehouse-renovation-dubai-cost-factors","Engineering interfaces that control warehouse renovation dubai / Transparent editorial ownership","card","unsplash:photo-1581674662583-5e89b374fae6","Architectural plans and a notebook arranged on a worktable","Suitable distinct real photograph remains to be sourced and reviewed","Missing distinct real replacement; inherited duplicate retained pending suitable photograph"
"/blog/warehouse-renovation-dubai-cost-factors#image-6","/images/internal/industrial-steel-roof.webp","/blog/warehouse-renovation-dubai-cost-factors","How to challenge a contractor proposal / Transparent editorial ownership","card","unsplash:photo-1662120399978-738d233edbec","Workers on a scissor lift installing industrial steel roof trusses","Suitable distinct real photograph remains to be sourced and reviewed","Missing distinct real replacement; inherited duplicate retained pending suitable photograph"
"/blog/warehouse-renovation-dubai-cost-factors#image-7","/images/internal/project-site-coordination.webp","/blog/warehouse-renovation-dubai-cost-factors","What a useful first technical meeting should produce / Transparent editorial ownership","card","unsplash:photo-1742112125567-3e8967bad60f","Two construction professionals reviewing a clipboard on site","Suitable distinct real photograph remains to be sourced and reviewed","Missing distinct real replacement; inherited duplicate retained pending suitable photograph"
"/blog/warehouse-renovation-dubai-planning-guide#image-3","/images/generated/blog/warehouse-construction-planning-guide-desktop.webp","/blog/warehouse-renovation-dubai-planning-guide","Warehouse Renovation Dubai: Planning Guide / Transparent editorial ownership","hero","/images/generated/blog/warehouse-construction-planning-guide","Warehouse construction planning and contractor coordination in Dubai","Suitable distinct real photograph remains to be sourced and reviewed","Missing distinct real replacement; inherited duplicate retained pending suitable photograph"
"/blog/warehouse-renovation-dubai-planning-guide#image-4","/images/project-warehouse-industrial-dubai.webp","/blog/warehouse-renovation-dubai-planning-guide","Planning Guide: define the scope before it becomes a price / Transparent editorial ownership","card","unsplash:photo-1592085198739-ffcad7f36b54","Pallet racks and stored goods inside an industrial warehouse","Suitable distinct real photograph remains to be sourced and reviewed","Missing distinct real replacement; inherited duplicate retained pending suitable photograph"
"/blog/warehouse-renovation-dubai-planning-guide#image-5","/images/project-authority-approvals-dubai.webp","/blog/warehouse-renovation-dubai-planning-guide","Engineering interfaces that control warehouse renovation dubai / Transparent editorial ownership","card","unsplash:photo-1581674662583-5e89b374fae6","Architectural plans and a notebook arranged on a worktable","Suitable distinct real photograph remains to be sourced and reviewed","Missing distinct real replacement; inherited duplicate retained pending suitable photograph"
"/blog/warehouse-renovation-dubai-planning-guide#image-6","/images/internal/industrial-steel-roof.webp","/blog/warehouse-renovation-dubai-planning-guide","How to challenge a contractor proposal / Transparent editorial ownership","card","unsplash:photo-1662120399978-738d233edbec","Workers on a scissor lift installing industrial steel roof trusses","Suitable distinct real photograph remains to be sourced and reviewed","Missing distinct real replacement; inherited duplicate retained pending suitable photograph"
"/blog/warehouse-renovation-dubai-planning-guide#image-7","/images/internal/project-site-coordination.webp","/blog/warehouse-renovation-dubai-planning-guide","What a useful first technical meeting should produce / Transparent editorial ownership","card","unsplash:photo-1742112125567-3e8967bad60f","Two construction professionals reviewing a clipboard on site","Suitable distinct real photograph remains to be sourced and reviewed","Missing distinct real replacement; inherited duplicate retained pending suitable photograph"
"/blog/warehouse-renovation-dubai-timeline-process#image-3","/images/generated/blog/choosing-building-contractor-dubai-desktop.webp","/blog/warehouse-renovation-dubai-timeline-process","Warehouse Renovation Dubai: Timeline and Process / Transparent editorial ownership","hero","/images/generated/blog/choosing-building-contractor-dubai","Construction company Dubai team reviewing warehouse contractor scope","Suitable distinct real photograph remains to be sourced and reviewed","Missing distinct real replacement; inherited duplicate retained pending suitable photograph"
"/blog/warehouse-renovation-dubai-timeline-process#image-4","/images/project-warehouse-industrial-dubai.webp","/blog/warehouse-renovation-dubai-timeline-process","Timeline and Process: define the scope before it becomes a price / Transparent editorial ownership","card","unsplash:photo-1592085198739-ffcad7f36b54","Pallet racks and stored goods inside an industrial warehouse","Suitable distinct real photograph remains to be sourced and reviewed","Missing distinct real replacement; inherited duplicate retained pending suitable photograph"
"/blog/warehouse-renovation-dubai-timeline-process#image-5","/images/project-authority-approvals-dubai.webp","/blog/warehouse-renovation-dubai-timeline-process","Engineering interfaces that control warehouse renovation dubai / Transparent editorial ownership","card","unsplash:photo-1581674662583-5e89b374fae6","Architectural plans and a notebook arranged on a worktable","Suitable distinct real photograph remains to be sourced and reviewed","Missing distinct real replacement; inherited duplicate retained pending suitable photograph"
"/blog/warehouse-renovation-dubai-timeline-process#image-6","/images/internal/industrial-steel-roof.webp","/blog/warehouse-renovation-dubai-timeline-process","How to challenge a contractor proposal / Transparent editorial ownership","card","unsplash:photo-1662120399978-738d233edbec","Workers on a scissor lift installing industrial steel roof trusses","Suitable distinct real photograph remains to be sourced and reviewed","Missing distinct real replacement; inherited duplicate retained pending suitable photograph"
"/blog/warehouse-renovation-dubai-timeline-process#image-7","/images/internal/project-site-coordination.webp","/blog/warehouse-renovation-dubai-timeline-process","What a useful first technical meeting should produce / Transparent editorial ownership","card","unsplash:photo-1742112125567-3e8967bad60f","Two construction professionals reviewing a clipboard on site","Suitable distinct real photograph remains to be sourced and reviewed","Missing distinct real replacement; inherited duplicate retained pending suitable photograph"
"/careers#image-3","/images/generated/team/construction-team-dubai-desktop.webp","/careers","Build Your Career With Emitronix","hero","/images/generated/team/construction-team-dubai","Construction team wearing full PPE at a clean Dubai site.","Suitable distinct real photograph remains to be sourced and reviewed","Missing distinct real replacement; inherited duplicate retained pending suitable photograph"
"/careers#image-4","/images/internal/project-site-coordination.webp","/careers","A premium construction environment for people who value clarity. / Dubai project exposure","card","unsplash:photo-1742112125567-3e8967bad60f","Two construction professionals reviewing a clipboard on site","Suitable distinct real photograph remains to be sourced and reviewed","Missing distinct real replacement; inherited duplicate retained pending suitable photograph"
"/careers#image-5","/images/project-authority-approvals-dubai.webp","/careers","A premium construction environment for people who value clarity. / Clear communication","card","unsplash:photo-1581674662583-5e89b374fae6","Architectural plans and a notebook arranged on a worktable","Suitable distinct real photograph remains to be sourced and reviewed","Missing distinct real replacement; inherited duplicate retained pending suitable photograph"
"/careers#image-6","/images/home/construction-workers-sunset.webp","/careers","Register interest in role areas that match your experience.","section photograph","pexels:28964677","Silhouettes of construction workers on a building at sunset","Suitable distinct real photograph remains to be sourced and reviewed","Missing distinct real replacement; inherited duplicate retained pending suitable photograph"
"/careers#image-7","/images/project-fit-out-dubai.webp","/careers","Submit your profile for Dubai construction opportunities.","section photograph","unsplash:photo-1771918050103-57b5de00d960","Office workstations below exposed ventilation ductwork and suspended lights","Suitable distinct real photograph remains to be sourced and reviewed","Missing distinct real replacement; inherited duplicate retained pending suitable photograph"
"/commercial-buildings#image-3","/images/home/dubai-commercial-towers.webp","/commercial-buildings","Commercial Buildings Dubai","hero","pexels:14309391","Completed Emirates Towers buildings photographed from below in Dubai","Suitable distinct real photograph remains to be sourced and reviewed","Missing distinct real replacement; inherited duplicate retained pending suitable photograph"
"/commercial-buildings#image-4","/images/project-office-fit-out-dubai.webp","/commercial-buildings","Commercial Buildings: scope and approach","section photograph","unsplash:photo-1504297050568-910d24c426d3","Glass-partitioned office corridor with exposed ceiling services","Suitable distinct real photograph remains to be sourced and reviewed","Missing distinct real replacement; inherited duplicate retained pending suitable photograph"
"/commercial-buildings#image-5","/images/internal/architectural-drawing-review.webp","/commercial-buildings","How we approach commercial","section photograph","unsplash:photo-1608303588026-884930af2559","Hands reviewing architectural drawings with a ruler and calculator","Suitable distinct real photograph remains to be sourced and reviewed","Missing distinct real replacement; inherited duplicate retained pending suitable photograph"
"/commercial-buildings#image-6","/images/project-commercial-renovation-dubai.webp","/commercial-buildings","Resolve the technical scope before work starts","section photograph","unsplash:photo-1739700712159-550519327ca7","Finished commercial corridor with exposed ventilation ducts and building services","Suitable distinct real photograph remains to be sourced and reviewed","Missing distinct real replacement; inherited duplicate retained pending suitable photograph"
"/commercial-buildings#image-7","/images/internal/project-site-coordination.webp","/commercial-buildings","Request commercial consultation.","section photograph","unsplash:photo-1742112125567-3e8967bad60f","Two construction professionals reviewing a clipboard on site","Suitable distinct real photograph remains to be sourced and reviewed","Missing distinct real replacement; inherited duplicate retained pending suitable photograph"
"/company-information#image-4","/images/internal/project-site-coordination.webp","/company-information","Published business facts in one clear place.","hero","unsplash:photo-1742112125567-3e8967bad60f","Two construction professionals reviewing a clipboard on site","Suitable distinct real photograph remains to be sourced and reviewed","Missing distinct real replacement; inherited duplicate retained pending suitable photograph"
"/company-information#image-5","/images/internal/warehouse-steel-frame.webp","/company-information","Published company identity.","section photograph","unsplash:photo-1649587345666-0f4ad68aa723","Cranes and lifting equipment erecting a steel warehouse frame","Suitable distinct real photograph remains to be sourced and reviewed","Missing distinct real replacement; inherited duplicate retained pending suitable photograph"
"/company-information#image-6","/images/project-civil-works-dubai.webp","/company-information","Direct business contact information.","section photograph","unsplash:photo-1504307651254-35680f356dfd","Construction workers preparing reinforcement and cutting steel at a building site","Suitable distinct real photograph remains to be sourced and reviewed","Missing distinct real replacement; inherited duplicate retained pending suitable photograph"
"/company-information#image-7","/images/project-office-fit-out-dubai.webp","/company-information","Locations in the verified website record.","section photograph","unsplash:photo-1504297050568-910d24c426d3","Glass-partitioned office corridor with exposed ceiling services","Suitable distinct real photograph remains to be sourced and reviewed","Missing distinct real replacement; inherited duplicate retained pending suitable photograph"
"/company-information#image-8","/images/home/dubai-commercial-towers.webp","/company-information","Unpublished company details are not inferred.","section photograph","pexels:14309391","Completed Emirates Towers buildings photographed from below in Dubai","Suitable distinct real photograph remains to be sourced and reviewed","Missing distinct real replacement; inherited duplicate retained pending suitable photograph"
"/concordia-dmcc-approvals#image-3","/images/internal/commercial-office-corridor.webp","/concordia-dmcc-approvals","Concordia-DMCC Approvals Process in Dubai","hero","unsplash:photo-1554232456-8727aae0cfa4","Completed office corridor with glass partitions and ceiling services","Suitable distinct real photograph remains to be sourced and reviewed","Missing distinct real replacement; inherited duplicate retained pending suitable photograph"
"/concordia-dmcc-approvals#image-4","/images/project-office-fit-out-dubai.webp","/concordia-dmcc-approvals","JLT projects need one sequence for tenant, landlord and Concordia actions.","section photograph","unsplash:photo-1504297050568-910d24c426d3","Glass-partitioned office corridor with exposed ceiling services","Suitable distinct real photograph remains to be sourced and reviewed","Missing distinct real replacement; inherited duplicate retained pending suitable photograph"
"/concordia-dmcc-approvals#image-5","/images/internal/architectural-drawing-review.webp","/concordia-dmcc-approvals","Prepare the submission records","section photograph","unsplash:photo-1608303588026-884930af2559","Hands reviewing architectural drawings with a ruler and calculator","Suitable distinct real photograph remains to be sourced and reviewed","Missing distinct real replacement; inherited duplicate retained pending suitable photograph"
"/concordia-dmcc-approvals#image-6","/images/project-mep-coordination-dubai.webp","/concordia-dmcc-approvals","What can delay Concordia-DMCC Approvals Process","section photograph","unsplash:photo-1778514825784-0659eaf8e7a2","Water pipes and electrical conduits during building services installation","Suitable distinct real photograph remains to be sourced and reviewed","Missing distinct real replacement; inherited duplicate retained pending suitable photograph"
"/concordia-dmcc-approvals#image-7","/images/internal/project-site-coordination.webp","/concordia-dmcc-approvals","Request Concordia-DMCC Approvals Process support.","section photograph","unsplash:photo-1742112125567-3e8967bad60f","Two construction professionals reviewing a clipboard on site","Suitable distinct real photograph remains to be sourced and reviewed","Missing distinct real replacement; inherited duplicate retained pending suitable photograph"
"/contact#image-3","/images/generated/company/dubai-project-consultation-hero-desktop.webp","/contact","Start with the facts that control the Dubai project.","hero","/images/generated/company/dubai-project-consultation-hero","Engineers discussing a Dubai construction project during a consultation.","Suitable distinct real photograph remains to be sourced and reviewed","Missing distinct real replacement; inherited duplicate retained pending suitable photograph"
"/contact#image-4","/images/about-construction-coordination-dubai.webp","/contact","Talk to Emitronix.","section photograph","unsplash:photo-1626885930974-4b69aa21bbf9","Construction professionals overlooking reinforced concrete work on site","Suitable distinct real photograph remains to be sourced and reviewed","Missing distinct real replacement; inherited duplicate retained pending suitable photograph"
"/contact#image-5","/images/project-authority-approvals-dubai.webp","/contact","Page content","section photograph","unsplash:photo-1581674662583-5e89b374fae6","Architectural plans and a notebook arranged on a worktable","Suitable distinct real photograph remains to be sourced and reviewed","Missing distinct real replacement; inherited duplicate retained pending suitable photograph"
"/contact#image-6","/images/about-civil-works-dubai.webp","/contact","Page content","section photograph","unsplash:photo-1742112125630-dd2955dd6120","Two construction professionals in hard hats reviewing work beside stored materials","Suitable distinct real photograph remains to be sourced and reviewed","Missing distinct real replacement; inherited duplicate retained pending suitable photograph"
"/contact#image-7","/images/internal/architectural-drawing-review.webp","/contact","Page content","section photograph","unsplash:photo-1608303588026-884930af2559","Hands reviewing architectural drawings with a ruler and calculator","Suitable distinct real photograph remains to be sourced and reviewed","Missing distinct real replacement; inherited duplicate retained pending suitable photograph"
"/corrections-policy#image-3","/images/sections/office-laptop-work.webp","/corrections-policy","What can be reported / Policy principles","card","pexels:6405641","Hands using a laptop at a desk with office stationery","Suitable distinct real photograph remains to be sourced and reviewed","Missing distinct real replacement; inherited duplicate retained pending suitable photograph"
"/corrections-policy#image-4","/images/sections/document-binders.webp","/corrections-policy","How to submit a correction / Policy principles","card","pexels:17018372","Labelled ring binders and an open document file on a desk","Suitable distinct real photograph remains to be sourced and reviewed","Missing distinct real replacement; inherited duplicate retained pending suitable photograph"
"/corrections-policy#image-5","/images/sections/office-records-desk.webp","/corrections-policy","Review and response process / Policy principles","card","pexels:8353764","Paper documents, an open folder and computer monitors on an office desk","Suitable distinct real photograph remains to be sourced and reviewed","Missing distinct real replacement; inherited duplicate retained pending suitable photograph"
"/corrections-policy#image-6","/images/project-authority-approvals-dubai.webp","/corrections-policy","Types of change / Policy principles","card","unsplash:photo-1581674662583-5e89b374fae6","Architectural plans and a notebook arranged on a worktable","Suitable distinct real photograph remains to be sourced and reviewed","Missing distinct real replacement; inherited duplicate retained pending suitable photograph"
"/corrections-policy#image-7","/images/project-fit-out-dubai.webp","/corrections-policy","Limits of the process / Policy principles","card","unsplash:photo-1771918050103-57b5de00d960","Office workstations below exposed ventilation ductwork and suspended lights","Suitable distinct real photograph remains to be sourced and reviewed","Missing distinct real replacement; inherited duplicate retained pending suitable photograph"
"/dda-approvals#image-3","/images/home/jumeirah-village-circle-construction.webp","/dda-approvals","DDA Approval Services in Dubai","hero","unsplash:photo-1743819344477-3b67c19621e9","Tower cranes and reinforced concrete structures under construction in Jumeirah Village Circle, Dubai","Suitable distinct real photograph remains to be sourced and reviewed","Missing distinct real replacement; inherited duplicate retained pending suitable photograph"
"/dda-approvals#image-4","/images/internal/architectural-drawing-review.webp","/dda-approvals","DDA review begins with jurisdiction and community obligations.","section photograph","unsplash:photo-1608303588026-884930af2559","Hands reviewing architectural drawings with a ruler and calculator","Suitable distinct real photograph remains to be sourced and reviewed","Missing distinct real replacement; inherited duplicate retained pending suitable photograph"
"/dda-approvals#image-5","/images/project-authority-approvals-dubai.webp","/dda-approvals","Prepare the submission records","section photograph","unsplash:photo-1581674662583-5e89b374fae6","Architectural plans and a notebook arranged on a worktable","Suitable distinct real photograph remains to be sourced and reviewed","Missing distinct real replacement; inherited duplicate retained pending suitable photograph"
"/dda-approvals#image-6","/images/internal/project-site-coordination.webp","/dda-approvals","What can delay DDA Approvals","section photograph","unsplash:photo-1742112125567-3e8967bad60f","Two construction professionals reviewing a clipboard on site","Suitable distinct real photograph remains to be sourced and reviewed","Missing distinct real replacement; inherited duplicate retained pending suitable photograph"
"/dda-approvals#image-7","/images/sections/office-records-desk.webp","/dda-approvals","Request DDA Approvals support.","section photograph","pexels:8353764","Paper documents, an open folder and computer monitors on an office desk","Suitable distinct real photograph remains to be sourced and reviewed","Missing distinct real replacement; inherited duplicate retained pending suitable photograph"
"/design-build#image-4","/images/about-construction-coordination-dubai.webp","/design-build","Design & Build: scope and approach","section photograph","unsplash:photo-1626885930974-4b69aa21bbf9","Construction professionals overlooking reinforced concrete work on site","Suitable distinct real photograph remains to be sourced and reviewed","Missing distinct real replacement; inherited duplicate retained pending suitable photograph"
"/design-build#image-5","/images/about-civil-works-dubai.webp","/design-build","How we approach design build","section photograph","unsplash:photo-1742112125630-dd2955dd6120","Two construction professionals in hard hats reviewing work beside stored materials","Suitable distinct real photograph remains to be sourced and reviewed","Missing distinct real replacement; inherited duplicate retained pending suitable photograph"
"/design-build#image-6","/images/internal/architectural-drawing-review.webp","/design-build","Resolve the technical scope before work starts","section photograph","unsplash:photo-1608303588026-884930af2559","Hands reviewing architectural drawings with a ruler and calculator","Suitable distinct real photograph remains to be sourced and reviewed","Missing distinct real replacement; inherited duplicate retained pending suitable photograph"
"/design-build#image-7","/images/internal/project-site-coordination.webp","/design-build","Request design build consultation.","section photograph","unsplash:photo-1742112125567-3e8967bad60f","Two construction professionals reviewing a clipboard on site","Suitable distinct real photograph remains to be sourced and reviewed","Missing distinct real replacement; inherited duplicate retained pending suitable photograph"
"/dewa-approvals#image-4","/images/dewa-lv-inspection-testing-dubai.webp","/dewa-approvals","DEWA approval work must connect engineering documents with real site conditions.","section photograph","unsplash:photo-1758101755915-462eddc23f57","Gloved hands using electrical test probes on distribution equipment","Suitable distinct real photograph remains to be sourced and reviewed","Missing distinct real replacement; inherited duplicate retained pending suitable photograph"
"/dewa-approvals#image-6","/images/dewa-hv-lv-cable-works-dubai.webp","/dewa-approvals","HV cable works, LV cable works and utility NOCs need early route control.","section photograph","unsplash:photo-1608574839637-2f7d0290d01d","Electrical and communication cables arranged in overhead cable trays","Suitable distinct real photograph remains to be sourced and reviewed","Missing distinct real replacement; inherited duplicate retained pending suitable photograph"
"/difc-approvals#image-3","/images/project-fit-out-dubai.webp","/difc-approvals","DIFC Approval Services in Dubai","hero","unsplash:photo-1771918050103-57b5de00d960","Office workstations below exposed ventilation ductwork and suspended lights","Suitable distinct real photograph remains to be sourced and reviewed","Missing distinct real replacement; inherited duplicate retained pending suitable photograph"
"/difc-approvals#image-4","/images/project-office-fit-out-dubai.webp","/difc-approvals","DIFC fit-out planning must respect the building as well as the tenancy.","section photograph","unsplash:photo-1504297050568-910d24c426d3","Glass-partitioned office corridor with exposed ceiling services","Suitable distinct real photograph remains to be sourced and reviewed","Missing distinct real replacement; inherited duplicate retained pending suitable photograph"
"/difc-approvals#image-5","/images/internal/architectural-drawing-review.webp","/difc-approvals","Prepare the submission records","section photograph","unsplash:photo-1608303588026-884930af2559","Hands reviewing architectural drawings with a ruler and calculator","Suitable distinct real photograph remains to be sourced and reviewed","Missing distinct real replacement; inherited duplicate retained pending suitable photograph"
"/difc-approvals#image-6","/images/project-commercial-renovation-dubai.webp","/difc-approvals","What can delay DIFC Approvals","section photograph","unsplash:photo-1739700712159-550519327ca7","Finished commercial corridor with exposed ventilation ducts and building services","Suitable distinct real photograph remains to be sourced and reviewed","Missing distinct real replacement; inherited duplicate retained pending suitable photograph"
"/difc-approvals#image-7","/images/internal/project-site-coordination.webp","/difc-approvals","Request DIFC Approvals support.","section photograph","unsplash:photo-1742112125567-3e8967bad60f","Two construction professionals reviewing a clipboard on site","Suitable distinct real photograph remains to be sourced and reviewed","Missing distinct real replacement; inherited duplicate retained pending suitable photograph"
"/disclaimer#image-3","/images/sections/office-laptop-work.webp","/disclaimer","No project-specific professional advice / Policy principles","card","pexels:6405641","Hands using a laptop at a desk with office stationery","Suitable distinct real photograph remains to be sourced and reviewed","Missing distinct real replacement; inherited duplicate retained pending suitable photograph"
"/disclaimer#image-4","/images/sections/document-binders.webp","/disclaimer","Authority and regulatory information / Policy principles","card","pexels:17018372","Labelled ring binders and an open document file on a desk","Suitable distinct real photograph remains to be sourced and reviewed","Missing distinct real replacement; inherited duplicate retained pending suitable photograph"
"/disclaimer#image-5","/images/sections/office-records-desk.webp","/disclaimer","Costs, programmes and examples / Policy principles","card","pexels:8353764","Paper documents, an open folder and computer monitors on an office desk","Suitable distinct real photograph remains to be sourced and reviewed","Missing distinct real replacement; inherited duplicate retained pending suitable photograph"
"/disclaimer#image-6","/images/project-authority-approvals-dubai.webp","/disclaimer","Third-party material and links / Policy principles","card","unsplash:photo-1581674662583-5e89b374fae6","Architectural plans and a notebook arranged on a worktable","Suitable distinct real photograph remains to be sourced and reviewed","Missing distinct real replacement; inherited duplicate retained pending suitable photograph"
"/disclaimer#image-7","/images/project-fit-out-dubai.webp","/disclaimer","Website availability and enquiries / Policy principles","card","unsplash:photo-1771918050103-57b5de00d960","Office workstations below exposed ventilation ductwork and suspended lights","Suitable distinct real photograph remains to be sourced and reviewed","Missing distinct real replacement; inherited duplicate retained pending suitable photograph"
"/dubai-municipality-approval#image-3","/images/internal/architectural-drawing-review.webp","/dubai-municipality-approval","Dubai Municipality Approval Services in Dubai","hero","unsplash:photo-1608303588026-884930af2559","Hands reviewing architectural drawings with a ruler and calculator","Suitable distinct real photograph remains to be sourced and reviewed","Missing distinct real replacement; inherited duplicate retained pending suitable photograph"
"/dubai-municipality-approval#image-4","/images/project-authority-approvals-dubai.webp","/dubai-municipality-approval","Start with the plot, the approved baseline and the proposed change.","section photograph","unsplash:photo-1581674662583-5e89b374fae6","Architectural plans and a notebook arranged on a worktable","Suitable distinct real photograph remains to be sourced and reviewed","Missing distinct real replacement; inherited duplicate retained pending suitable photograph"
"/dubai-municipality-approval#image-5","/images/internal/project-site-coordination.webp","/dubai-municipality-approval","Prepare the submission records","section photograph","unsplash:photo-1742112125567-3e8967bad60f","Two construction professionals reviewing a clipboard on site","Suitable distinct real photograph remains to be sourced and reviewed","Missing distinct real replacement; inherited duplicate retained pending suitable photograph"
"/dubai-municipality-approval#image-6","/images/sections/office-records-desk.webp","/dubai-municipality-approval","What can delay Dubai Municipality Approval","section photograph","pexels:8353764","Paper documents, an open folder and computer monitors on an office desk","Suitable distinct real photograph remains to be sourced and reviewed","Missing distinct real replacement; inherited duplicate retained pending suitable photograph"
"/dubai-municipality-approval#image-7","/images/sections/document-binders.webp","/dubai-municipality-approval","Request Dubai Municipality Approval support.","section photograph","pexels:17018372","Labelled ring binders and an open document file on a desk","Suitable distinct real photograph remains to be sourced and reviewed","Missing distinct real replacement; inherited duplicate retained pending suitable photograph"
"/editorial-policy#image-3","/images/sections/office-laptop-work.webp","/editorial-policy","What this policy covers / Policy principles","card","pexels:6405641","Hands using a laptop at a desk with office stationery","Suitable distinct real photograph remains to be sourced and reviewed","Missing distinct real replacement; inherited duplicate retained pending suitable photograph"
"/editorial-policy#image-4","/images/sections/document-binders.webp","/editorial-policy","Editorial workflow / Policy principles","card","pexels:17018372","Labelled ring binders and an open document file on a desk","Suitable distinct real photograph remains to be sourced and reviewed","Missing distinct real replacement; inherited duplicate retained pending suitable photograph"
"/editorial-policy#image-5","/images/sections/office-records-desk.webp","/editorial-policy","Sources and factual boundaries / Policy principles","card","pexels:8353764","Paper documents, an open folder and computer monitors on an office desk","Suitable distinct real photograph remains to be sourced and reviewed","Missing distinct real replacement; inherited duplicate retained pending suitable photograph"
"/editorial-policy#image-6","/images/project-authority-approvals-dubai.webp","/editorial-policy","Authorship and review / Policy principles","card","unsplash:photo-1581674662583-5e89b374fae6","Architectural plans and a notebook arranged on a worktable","Suitable distinct real photograph remains to be sourced and reviewed","Missing distinct real replacement; inherited duplicate retained pending suitable photograph"
"/editorial-policy#image-7","/images/project-fit-out-dubai.webp","/editorial-policy","Updates and commercial independence / Policy principles","card","unsplash:photo-1771918050103-57b5de00d960","Office workstations below exposed ventilation ductwork and suspended lights","Suitable distinct real photograph remains to be sourced and reviewed","Missing distinct real replacement; inherited duplicate retained pending suitable photograph"
"/faqs#image-3","/images/project-civil-works-dubai.webp","/faqs","Find the service route that fits your project.","section photograph","unsplash:photo-1504307651254-35680f356dfd","Construction workers preparing reinforcement and cutting steel at a building site","Suitable distinct real photograph remains to be sourced and reviewed","Missing distinct real replacement; inherited duplicate retained pending suitable photograph"
"/faqs#image-4","/images/project-authority-approvals-dubai.webp","/faqs","Find the service route that fits your project.","section photograph","unsplash:photo-1581674662583-5e89b374fae6","Architectural plans and a notebook arranged on a worktable","Suitable distinct real photograph remains to be sourced and reviewed","Missing distinct real replacement; inherited duplicate retained pending suitable photograph"
"/faqs#image-5","/images/internal/project-site-coordination.webp","/faqs","Prepare a useful construction enquiry.","section photograph","unsplash:photo-1742112125567-3e8967bad60f","Two construction professionals reviewing a clipboard on site","Suitable distinct real photograph remains to be sourced and reviewed","Missing distinct real replacement; inherited duplicate retained pending suitable photograph"
"/faqs#image-6","/images/project-office-fit-out-dubai.webp","/faqs","Prepare a useful construction enquiry.","section photograph","unsplash:photo-1504297050568-910d24c426d3","Glass-partitioned office corridor with exposed ceiling services","Suitable distinct real photograph remains to be sourced and reviewed","Missing distinct real replacement; inherited duplicate retained pending suitable photograph"
"/faqs#image-7","/images/internal/warehouse-steel-frame.webp","/faqs","Construction questions organized by decision.","section photograph","unsplash:photo-1649587345666-0f4ad68aa723","Cranes and lifting equipment erecting a steel warehouse frame","Suitable distinct real photograph remains to be sourced and reviewed","Missing distinct real replacement; inherited duplicate retained pending suitable photograph"
"/founder#image-3","/images/about-construction-coordination-dubai.webp","/founder","Marieswaran Sadaiappan","hero","unsplash:photo-1626885930974-4b69aa21bbf9","Construction professionals overlooking reinforced concrete work on site","Suitable distinct real photograph remains to be sourced and reviewed","Missing distinct real replacement; inherited duplicate retained pending suitable photograph"
"/founder#image-4","/images/project-authority-approvals-dubai.webp","/founder","Engineering perspective connected to construction delivery.","section photograph","unsplash:photo-1581674662583-5e89b374fae6","Architectural plans and a notebook arranged on a worktable","Suitable distinct real photograph remains to be sourced and reviewed","Missing distinct real replacement; inherited duplicate retained pending suitable photograph"
"/founder#image-5","/images/about-civil-works-dubai.webp","/founder","Innovation with a practical construction purpose.","section photograph","unsplash:photo-1742112125630-dd2955dd6120","Two construction professionals in hard hats reviewing work beside stored materials","Suitable distinct real photograph remains to be sourced and reviewed","Missing distinct real replacement; inherited duplicate retained pending suitable photograph"
"/founder#image-6","/images/internal/architectural-drawing-review.webp","/founder","Profile details intentionally withheld.","section photograph","unsplash:photo-1608303588026-884930af2559","Hands reviewing architectural drawings with a ruler and calculator","Suitable distinct real photograph remains to be sourced and reviewed","Missing distinct real replacement; inherited duplicate retained pending suitable photograph"
"/founder#image-7","/images/internal/project-site-coordination.webp","/founder","Review the company facts and delivery functions.","section photograph","unsplash:photo-1742112125567-3e8967bad60f","Two construction professionals reviewing a clipboard on site","Suitable distinct real photograph remains to be sourced and reviewed","Missing distinct real replacement; inherited duplicate retained pending suitable photograph"
"/guest-post#image-3","/images/generated/company/construction-technical-resources-dubai-hero-desktop.webp","/guest-post","Guest post enquiries for construction and approval topics.","hero","/images/generated/company/construction-technical-resources-dubai-hero","Construction drawings, tablet and coordination tools in a project office.","Suitable distinct real photograph remains to be sourced and reviewed","Missing distinct real replacement; inherited duplicate retained pending suitable photograph"
"/guest-post#image-4","/images/sections/office-laptop-work.webp","/guest-post","Relevant topics must support practical construction decisions.","card","pexels:6405641","Hands using a laptop at a desk with office stationery","Suitable distinct real photograph remains to be sourced and reviewed","Missing distinct real replacement; inherited duplicate retained pending suitable photograph"
"/guest-post#image-5","/images/sections/office-records-desk.webp","/guest-post","Relevant topics must support practical construction decisions.","card","pexels:8353764","Paper documents, an open folder and computer monitors on an office desk","Suitable distinct real photograph remains to be sourced and reviewed","Missing distinct real replacement; inherited duplicate retained pending suitable photograph"
"/guest-post#image-6","/images/sections/document-binders.webp","/guest-post","Relevant topics must support practical construction decisions.","card","pexels:17018372","Labelled ring binders and an open document file on a desk","Suitable distinct real photograph remains to be sourced and reviewed","Missing distinct real replacement; inherited duplicate retained pending suitable photograph"
"/guest-post#image-7","/images/project-fit-out-dubai.webp","/guest-post","Relevant topics must support practical construction decisions.","section photograph","unsplash:photo-1771918050103-57b5de00d960","Office workstations below exposed ventilation ductwork and suspended lights","Suitable distinct real photograph remains to be sourced and reviewed","Missing distinct real replacement; inherited duplicate retained pending suitable photograph"
"/html-sitemap#image-3","/images/generated/company/construction-technical-resources-dubai-hero-desktop.webp","/html-sitemap","Browse Emitronix construction resources.","hero","/images/generated/company/construction-technical-resources-dubai-hero","Construction drawings, tablet and coordination tools in a project office.","Suitable distinct real photograph remains to be sourced and reviewed","Missing distinct real replacement; inherited duplicate retained pending suitable photograph"
"/html-sitemap#image-4","/images/sections/office-laptop-work.webp","/html-sitemap","Find the right page by topic. / Main pages","card","pexels:6405641","Hands using a laptop at a desk with office stationery","Suitable distinct real photograph remains to be sourced and reviewed","Missing distinct real replacement; inherited duplicate retained pending suitable photograph"
"/html-sitemap#image-5","/images/sections/office-records-desk.webp","/html-sitemap","Find the right page by topic. / Construction services","card","pexels:8353764","Paper documents, an open folder and computer monitors on an office desk","Suitable distinct real photograph remains to be sourced and reviewed","Missing distinct real replacement; inherited duplicate retained pending suitable photograph"
"/html-sitemap#image-6","/images/sections/document-binders.webp","/html-sitemap","Find the right page by topic. / Dubai authority approvals","card","pexels:17018372","Labelled ring binders and an open document file on a desk","Suitable distinct real photograph remains to be sourced and reviewed","Missing distinct real replacement; inherited duplicate retained pending suitable photograph"
"/html-sitemap#image-7","/images/project-fit-out-dubai.webp","/html-sitemap","Find the right page by topic. / Warehouse construction authority silo","card","unsplash:photo-1771918050103-57b5de00d960","Office workstations below exposed ventilation ductwork and suspended lights","Suitable distinct real photograph remains to be sourced and reviewed","Missing distinct real replacement; inherited duplicate retained pending suitable photograph"
"/html-sitemap#image-8","/images/project-authority-approvals-dubai.webp","/html-sitemap","Find the right page by topic. / Construction knowledge center","card","unsplash:photo-1581674662583-5e89b374fae6","Architectural plans and a notebook arranged on a worktable","Suitable distinct real photograph remains to be sourced and reviewed","Missing distinct real replacement; inherited duplicate retained pending suitable photograph"
"/industries#image-3","/images/generated/company/dubai-construction-industries-hero-desktop.webp","/industries","Built for Dubai's real estate, logistics and commercial economy.","hero","/images/generated/company/dubai-construction-industries-hero","Modern warehouse, commercial and light-industrial buildings in Dubai.","Suitable distinct real photograph remains to be sourced and reviewed","Missing distinct real replacement; inherited duplicate retained pending suitable photograph"
"/industries#image-4","/images/project-civil-works-dubai.webp","/industries","Construction categories that need disciplined coordination.","section photograph","unsplash:photo-1504307651254-35680f356dfd","Construction workers preparing reinforcement and cutting steel at a building site","Suitable distinct real photograph remains to be sourced and reviewed","Missing distinct real replacement; inherited duplicate retained pending suitable photograph"
"/industries#image-5","/images/project-authority-approvals-dubai.webp","/industries","From private villas to authority-controlled commercial environments.","section photograph","unsplash:photo-1581674662583-5e89b374fae6","Architectural plans and a notebook arranged on a worktable","Suitable distinct real photograph remains to be sourced and reviewed","Missing distinct real replacement; inherited duplicate retained pending suitable photograph"
"/industries#image-6","/images/internal/project-site-coordination.webp","/industries","Page content","section photograph","unsplash:photo-1742112125567-3e8967bad60f","Two construction professionals reviewing a clipboard on site","Suitable distinct real photograph remains to be sourced and reviewed","Missing distinct real replacement; inherited duplicate retained pending suitable photograph"
"/industries#image-7","/images/project-office-fit-out-dubai.webp","/industries","Page content","section photograph","unsplash:photo-1504297050568-910d24c426d3","Glass-partitioned office corridor with exposed ceiling services","Suitable distinct real photograph remains to be sourced and reviewed","Missing distinct real replacement; inherited duplicate retained pending suitable photograph"
"/leadership#image-4","/images/about-construction-coordination-dubai.webp","/leadership","Leadership identity with clear publication boundaries.","hero","unsplash:photo-1626885930974-4b69aa21bbf9","Construction professionals overlooking reinforced concrete work on site","Suitable distinct real photograph remains to be sourced and reviewed","Missing distinct real replacement; inherited duplicate retained pending suitable photograph"
"/leadership#image-5","/images/project-authority-approvals-dubai.webp","/leadership","Leadership identity with clear publication boundaries.","hero","unsplash:photo-1581674662583-5e89b374fae6","Architectural plans and a notebook arranged on a worktable","Suitable distinct real photograph remains to be sourced and reviewed","Missing distinct real replacement; inherited duplicate retained pending suitable photograph"
"/leadership#image-6","/images/about-civil-works-dubai.webp","/leadership","How construction delivery responsibilities are grouped.","section photograph","unsplash:photo-1742112125630-dd2955dd6120","Two construction professionals in hard hats reviewing work beside stored materials","Suitable distinct real photograph remains to be sourced and reviewed","Missing distinct real replacement; inherited duplicate retained pending suitable photograph"
"/leadership#image-7","/images/internal/architectural-drawing-review.webp","/leadership","Function titles are not staff biographies.","section photograph","unsplash:photo-1608303588026-884930af2559","Hands reviewing architectural drawings with a ruler and calculator","Suitable distinct real photograph remains to be sourced and reviewed","Missing distinct real replacement; inherited duplicate retained pending suitable photograph"
"/leadership#image-8","/images/internal/project-site-coordination.webp","/leadership","Move from people and functions to verified company facts.","section photograph","unsplash:photo-1742112125567-3e8967bad60f","Two construction professionals reviewing a clipboard on site","Suitable distinct real photograph remains to be sourced and reviewed","Missing distinct real replacement; inherited duplicate retained pending suitable photograph"
"/locations#image-6","/images/home/dubai-hills-construction.webp","/locations","Dubai","section photograph","unsplash:photo-1588757470003-419f6a827196","Tower cranes and concrete buildings under construction in Dubai Hills","Suitable distinct real photograph remains to be sourced and reviewed","Missing distinct real replacement; inherited duplicate retained pending suitable photograph"
"/locations#image-7","/images/home/dubai-commercial-towers.webp","/locations","What confirms whether a project can be considered?","section photograph","pexels:14309391","Completed Emirates Towers buildings photographed from below in Dubai","Suitable distinct real photograph remains to be sourced and reviewed","Missing distinct real replacement; inherited duplicate retained pending suitable photograph"
"/locations/dubai#image-3","/images/dubai-building-contracting-company.webp","/locations/dubai","Verified Dubai business information","section photograph","unsplash:photo-1617018628636-6f3f5dcda7b1","Dubai waterfront and city skyline","Suitable distinct real photograph remains to be sourced and reviewed","Missing distinct real replacement; inherited duplicate retained pending suitable photograph"
"/locations/dubai#image-4","/images/home/dubai-marina-residences.webp","/locations/dubai","The correct Dubai route depends on more than a city name.","section photograph","pexels:4491949","Residential towers beside the Dubai Marina waterfront","Suitable distinct real photograph remains to be sourced and reviewed","Missing distinct real replacement; inherited duplicate retained pending suitable photograph"
"/locations/dubai#image-5","/images/home/dubai-jbr-residences.webp","/locations/dubai","Choose a service by scope, then confirm the interfaces.","section photograph","pexels:30445927","Completed waterfront residential towers in Dubai","Suitable distinct real photograph remains to be sourced and reviewed","Missing distinct real replacement; inherited duplicate retained pending suitable photograph"
"/locations/dubai#image-6","/images/home/dubai-hills-construction.webp","/locations/dubai","From location to a defined next step.","section photograph","unsplash:photo-1588757470003-419f6a827196","Tower cranes and concrete buildings under construction in Dubai Hills","Suitable distinct real photograph remains to be sourced and reviewed","Missing distinct real replacement; inherited duplicate retained pending suitable photograph"
"/locations/dubai#image-7","/images/home/dubai-commercial-towers.webp","/locations/dubai","Clear location answers without unsupported claims.","section photograph","pexels:14309391","Completed Emirates Towers buildings photographed from below in Dubai","Suitable distinct real photograph remains to be sourced and reviewed","Missing distinct real replacement; inherited duplicate retained pending suitable photograph"
"/project-management#image-4","/images/about-construction-coordination-dubai.webp","/project-management","Project Management: scope and approach","section photograph","unsplash:photo-1626885930974-4b69aa21bbf9","Construction professionals overlooking reinforced concrete work on site","Suitable distinct real photograph remains to be sourced and reviewed","Missing distinct real replacement; inherited duplicate retained pending suitable photograph"
"/project-management#image-5","/images/project-authority-approvals-dubai.webp","/project-management","How we approach pm","section photograph","unsplash:photo-1581674662583-5e89b374fae6","Architectural plans and a notebook arranged on a worktable","Suitable distinct real photograph remains to be sourced and reviewed","Missing distinct real replacement; inherited duplicate retained pending suitable photograph"
"/project-management#image-6","/images/about-civil-works-dubai.webp","/project-management","Resolve the technical scope before work starts","section photograph","unsplash:photo-1742112125630-dd2955dd6120","Two construction professionals in hard hats reviewing work beside stored materials","Suitable distinct real photograph remains to be sourced and reviewed","Missing distinct real replacement; inherited duplicate retained pending suitable photograph"
"/project-management#image-7","/images/internal/architectural-drawing-review.webp","/project-management","Request pm consultation.","section photograph","unsplash:photo-1608303588026-884930af2559","Hands reviewing architectural drawings with a ruler and calculator","Suitable distinct real photograph remains to be sourced and reviewed","Missing distinct real replacement; inherited duplicate retained pending suitable photograph"
"/projects#image-3","/images/generated/projects/portfolio-planning-dubai-hero-desktop.webp","/projects","Construction scope planning scenarios","hero","/images/generated/projects/portfolio-planning-dubai-hero","Construction drawings and models for varied building scopes in Dubai.","Suitable distinct real photograph remains to be sourced and reviewed","Missing distinct real replacement; inherited duplicate retained pending suitable photograph"
"/projects#image-4","/images/generated/projects/villa-renovation-planning-dubai-desktop.webp","/projects","Illustrative Dubai project-planning scenarios. / Villa renovation planning scenario","card","/images/generated/projects/villa-renovation-planning-dubai","Villa renovation plans and material samples in Dubai.","Suitable distinct real photograph remains to be sourced and reviewed","Missing distinct real replacement; inherited duplicate retained pending suitable photograph"
"/projects#image-5","/images/generated/projects/warehouse-civil-mep-upgrade-planning-dubai-desktop.webp","/projects","Illustrative Dubai project-planning scenarios. / Warehouse civil and MEP planning scenario","card","/images/generated/projects/warehouse-civil-mep-upgrade-planning-dubai","Warehouse civil and MEP upgrade plans in Dubai.","Suitable distinct real photograph remains to be sourced and reviewed","Missing distinct real replacement; inherited duplicate retained pending suitable photograph"
"/projects#image-6","/images/generated/projects/commercial-office-fit-out-planning-dubai-desktop.webp","/projects","Illustrative Dubai project-planning scenarios. / Commercial office fit-out planning scenario","card","/images/generated/projects/commercial-office-fit-out-planning-dubai","Commercial office fit-out plans and finish samples in Dubai.","Suitable distinct real photograph remains to be sourced and reviewed","Missing distinct real replacement; inherited duplicate retained pending suitable photograph"
"/projects#image-7","/images/generated/projects/building-maintenance-inspection-planning-dubai-desktop.webp","/projects","Illustrative Dubai project-planning scenarios. / Building maintenance planning scenario","card","/images/generated/projects/building-maintenance-inspection-planning-dubai","Building maintenance inspection in Dubai.","Suitable distinct real photograph remains to be sourced and reviewed","Missing distinct real replacement; inherited duplicate retained pending suitable photograph"
"/projects#image-8","/images/generated/projects/utility-approval-coordination-planning-dubai-desktop.webp","/projects","Illustrative Dubai project-planning scenarios. / Utility approval coordination scenario","card","/images/generated/projects/utility-approval-coordination-planning-dubai","Utility drawings and technical documents arranged for coordination in Dubai.","Suitable distinct real photograph remains to be sourced and reviewed","Missing distinct real replacement; inherited duplicate retained pending suitable photograph"
"/projects#image-9","/images/generated/projects/retail-renovation-planning-dubai-desktop.webp","/projects","Illustrative Dubai project-planning scenarios. / Retail renovation planning scenario","card","/images/generated/projects/retail-renovation-planning-dubai","Retail renovation plans and interior material samples in Dubai.","Suitable distinct real photograph remains to be sourced and reviewed","Missing distinct real replacement; inherited duplicate retained pending suitable photograph"
"/projects#image-10","/images/generated/projects/industrial-facility-modification-planning-dubai-desktop.webp","/projects","Illustrative Dubai project-planning scenarios. / Industrial facility modification scenario","card","/images/generated/projects/industrial-facility-modification-planning-dubai","Industrial facility modification plans in Dubai.","Suitable distinct real photograph remains to be sourced and reviewed","Missing distinct real replacement; inherited duplicate retained pending suitable photograph"
"/projects#image-11","/images/generated/projects/mep-interface-coordination-planning-dubai-desktop.webp","/projects","Illustrative Dubai project-planning scenarios. / MEP interface coordination scenario","card","/images/generated/projects/mep-interface-coordination-planning-dubai","MEP drawings under coordination for a Dubai facility.","Suitable distinct real photograph remains to be sourced and reviewed","Missing distinct real replacement; inherited duplicate retained pending suitable photograph"
"/projects#image-12","/images/generated/projects/authority-noc-coordination-planning-dubai-desktop.webp","/projects","Illustrative Dubai project-planning scenarios. / Authority and NOC coordination scenario","card","/images/generated/projects/authority-noc-coordination-planning-dubai","Construction drawings and NOC documents arranged for review in Dubai.","Suitable distinct real photograph remains to be sourced and reviewed","Missing distinct real replacement; inherited duplicate retained pending suitable photograph"
"/resources#image-3","/images/generated/company/construction-technical-resources-dubai-hero-desktop.webp","/resources","Practical construction and engineering knowledge for Dubai projects.","hero","/images/generated/company/construction-technical-resources-dubai-hero","Construction drawings, tablet and coordination tools in a project office.","Suitable distinct real photograph remains to be sourced and reviewed","Missing distinct real replacement; inherited duplicate retained pending suitable photograph"
"/resources#image-4","/images/project-civil-works-dubai.webp","/resources","Find the context behind the next project decision.","section photograph","unsplash:photo-1504307651254-35680f356dfd","Construction workers preparing reinforcement and cutting steel at a building site","Suitable distinct real photograph remains to be sourced and reviewed","Missing distinct real replacement; inherited duplicate retained pending suitable photograph"
"/resources#image-5","/images/project-authority-approvals-dubai.webp","/resources","Detailed scope pages.","section photograph","unsplash:photo-1581674662583-5e89b374fae6","Architectural plans and a notebook arranged on a worktable","Suitable distinct real photograph remains to be sourced and reviewed","Missing distinct real replacement; inherited duplicate retained pending suitable photograph"
"/resources#image-6","/images/internal/project-site-coordination.webp","/resources","Detailed scope pages.","section photograph","unsplash:photo-1742112125567-3e8967bad60f","Two construction professionals reviewing a clipboard on site","Suitable distinct real photograph remains to be sourced and reviewed","Missing distinct real replacement; inherited duplicate retained pending suitable photograph"
"/resources#image-7","/images/project-office-fit-out-dubai.webp","/resources","Page content","section photograph","unsplash:photo-1504297050568-910d24c426d3","Glass-partitioned office corridor with exposed ceiling services","Suitable distinct real photograph remains to be sourced and reviewed","Missing distinct real replacement; inherited duplicate retained pending suitable photograph"
"/rta-approval#image-3","/images/internal/roadworks-asphalt.webp","/rta-approval","RTA Approval Services in Dubai","hero","pexels:4575148","Road workers laying asphalt beside a road roller and traffic cones","Suitable distinct real photograph remains to be sourced and reviewed","Missing distinct real replacement; inherited duplicate retained pending suitable photograph"
"/rta-approval#image-4","/images/internal/architectural-drawing-review.webp","/rta-approval","Road-interface approval starts with real vehicle and work-zone movements.","section photograph","unsplash:photo-1608303588026-884930af2559","Hands reviewing architectural drawings with a ruler and calculator","Suitable distinct real photograph remains to be sourced and reviewed","Missing distinct real replacement; inherited duplicate retained pending suitable photograph"
"/rta-approval#image-5","/images/civil-contractor-dubai-construction-site.webp","/rta-approval","Prepare the submission records","section photograph","unsplash:photo-1541888946425-d81bb19240f5","Construction team standing beside a large reinforced foundation slab","Suitable distinct real photograph remains to be sourced and reviewed","Missing distinct real replacement; inherited duplicate retained pending suitable photograph"
"/rta-approval#image-6","/images/internal/project-site-coordination.webp","/rta-approval","What can delay RTA Approval","section photograph","unsplash:photo-1742112125567-3e8967bad60f","Two construction professionals reviewing a clipboard on site","Suitable distinct real photograph remains to be sourced and reviewed","Missing distinct real replacement; inherited duplicate retained pending suitable photograph"
"/rta-approval#image-7","/images/project-authority-approvals-dubai.webp","/rta-approval","Request RTA Approval support.","section photograph","unsplash:photo-1581674662583-5e89b374fae6","Architectural plans and a notebook arranged on a worktable","Suitable distinct real photograph remains to be sourced and reviewed","Missing distinct real replacement; inherited duplicate retained pending suitable photograph"
"/services#image-3","/images/generated/services/construction-services-dubai-hero-desktop.webp","/services","A complete construction platform for Dubai projects.","hero","/images/generated/services/construction-services-dubai-hero","Civil, building, industrial and MEP construction activity in Dubai.","Suitable distinct real photograph remains to be sourced and reviewed","Missing distinct real replacement; inherited duplicate retained pending suitable photograph"
"/services#image-4","/images/project-civil-works-dubai.webp","/services","Civil, main contracting, warehouse, villa and fit-out scopes with visible responsibilities.","section photograph","unsplash:photo-1504307651254-35680f356dfd","Construction workers preparing reinforcement and cutting steel at a building site","Suitable distinct real photograph remains to be sourced and reviewed","Missing distinct real replacement; inherited duplicate retained pending suitable photograph"
"/services#image-17","/images/project-authority-approvals-dubai.webp","/services","Authority approval services built into project planning.","section photograph","unsplash:photo-1581674662583-5e89b374fae6","Architectural plans and a notebook arranged on a worktable","Suitable distinct real photograph remains to be sourced and reviewed","Missing distinct real replacement; inherited duplicate retained pending suitable photograph"
"/services#image-18","/images/internal/project-site-coordination.webp","/services","Page content","section photograph","unsplash:photo-1742112125567-3e8967bad60f","Two construction professionals reviewing a clipboard on site","Suitable distinct real photograph remains to be sourced and reviewed","Missing distinct real replacement; inherited duplicate retained pending suitable photograph"
"/services#image-19","/images/project-office-fit-out-dubai.webp","/services","Dubai agencies and authority interfaces we coordinate with.","section photograph","unsplash:photo-1504297050568-910d24c426d3","Glass-partitioned office corridor with exposed ceiling services","Suitable distinct real photograph remains to be sourced and reviewed","Missing distinct real replacement; inherited duplicate retained pending suitable photograph"
"/structural-works#image-5","/images/internal/architectural-drawing-review.webp","/structural-works","How we approach structural","section photograph","unsplash:photo-1608303588026-884930af2559","Hands reviewing architectural drawings with a ruler and calculator","Suitable distinct real photograph remains to be sourced and reviewed","Missing distinct real replacement; inherited duplicate retained pending suitable photograph"
"/structural-works#image-6","/images/internal/project-site-coordination.webp","/structural-works","Resolve the technical scope before work starts","section photograph","unsplash:photo-1742112125567-3e8967bad60f","Two construction professionals reviewing a clipboard on site","Suitable distinct real photograph remains to be sourced and reviewed","Missing distinct real replacement; inherited duplicate retained pending suitable photograph"
"/structural-works#image-7","/images/project-civil-works-dubai.webp","/structural-works","Request structural consultation.","section photograph","unsplash:photo-1504307651254-35680f356dfd","Construction workers preparing reinforcement and cutting steel at a building site","Suitable distinct real photograph remains to be sourced and reviewed","Missing distinct real replacement; inherited duplicate retained pending suitable photograph"
"/technical-review-policy#image-3","/images/sections/office-laptop-work.webp","/technical-review-policy","When technical review is expected / Policy principles","card","pexels:6405641","Hands using a laptop at a desk with office stationery","Suitable distinct real photograph remains to be sourced and reviewed","Missing distinct real replacement; inherited duplicate retained pending suitable photograph"
"/technical-review-policy#image-4","/images/sections/document-binders.webp","/technical-review-policy","What a technical reviewer checks / Policy principles","card","pexels:17018372","Labelled ring binders and an open document file on a desk","Suitable distinct real photograph remains to be sourced and reviewed","Missing distinct real replacement; inherited duplicate retained pending suitable photograph"
"/technical-review-policy#image-5","/images/sections/office-records-desk.webp","/technical-review-policy","Editorial review is not technical approval / Policy principles","card","pexels:8353764","Paper documents, an open folder and computer monitors on an office desk","Suitable distinct real photograph remains to be sourced and reviewed","Missing distinct real replacement; inherited duplicate retained pending suitable photograph"
"/technical-review-policy#image-6","/images/project-authority-approvals-dubai.webp","/technical-review-policy","Reviewer identification / Policy principles","card","unsplash:photo-1581674662583-5e89b374fae6","Architectural plans and a notebook arranged on a worktable","Suitable distinct real photograph remains to be sourced and reviewed","Missing distinct real replacement; inherited duplicate retained pending suitable photograph"
"/technical-review-policy#image-7","/images/project-fit-out-dubai.webp","/technical-review-policy","Project-specific professional advice / Policy principles","card","unsplash:photo-1771918050103-57b5de00d960","Office workstations below exposed ventilation ductwork and suspended lights","Suitable distinct real photograph remains to be sourced and reviewed","Missing distinct real replacement; inherited duplicate retained pending suitable photograph"
"/trakhees-approvals#image-3","/images/project-warehouse-industrial-dubai.webp","/trakhees-approvals","Trakhees Approval Services in Dubai","hero","unsplash:photo-1592085198739-ffcad7f36b54","Pallet racks and stored goods inside an industrial warehouse","Suitable distinct real photograph remains to be sourced and reviewed","Missing distinct real replacement; inherited duplicate retained pending suitable photograph"
"/trakhees-approvals#image-4","/images/project-authority-approvals-dubai.webp","/trakhees-approvals","Confirm the free-zone route before fixing the submission package.","section photograph","unsplash:photo-1581674662583-5e89b374fae6","Architectural plans and a notebook arranged on a worktable","Suitable distinct real photograph remains to be sourced and reviewed","Missing distinct real replacement; inherited duplicate retained pending suitable photograph"
"/trakhees-approvals#image-5","/images/internal/industrial-steel-roof.webp","/trakhees-approvals","Prepare the submission records","section photograph","unsplash:photo-1662120399978-738d233edbec","Workers on a scissor lift installing industrial steel roof trusses","Suitable distinct real photograph remains to be sourced and reviewed","Missing distinct real replacement; inherited duplicate retained pending suitable photograph"
"/trakhees-approvals#image-6","/images/internal/project-site-coordination.webp","/trakhees-approvals","What can delay Trakhees Approvals","section photograph","unsplash:photo-1742112125567-3e8967bad60f","Two construction professionals reviewing a clipboard on site","Suitable distinct real photograph remains to be sourced and reviewed","Missing distinct real replacement; inherited duplicate retained pending suitable photograph"
"/trakhees-approvals#image-7","/images/internal/warehouse-steel-frame.webp","/trakhees-approvals","Request Trakhees Approvals support.","section photograph","unsplash:photo-1649587345666-0f4ad68aa723","Cranes and lifting equipment erecting a steel warehouse frame","Suitable distinct real photograph remains to be sourced and reviewed","Missing distinct real replacement; inherited duplicate retained pending suitable photograph"
"/turnkey-construction#image-3","/images/project-commercial-renovation-dubai.webp","/turnkey-construction","Turnkey Construction Dubai","hero","unsplash:photo-1739700712159-550519327ca7","Finished commercial corridor with exposed ventilation ducts and building services","Suitable distinct real photograph remains to be sourced and reviewed","Missing distinct real replacement; inherited duplicate retained pending suitable photograph"
"/turnkey-construction#image-4","/images/project-office-fit-out-dubai.webp","/turnkey-construction","Turnkey Construction: scope and approach","section photograph","unsplash:photo-1504297050568-910d24c426d3","Glass-partitioned office corridor with exposed ceiling services","Suitable distinct real photograph remains to be sourced and reviewed","Missing distinct real replacement; inherited duplicate retained pending suitable photograph"
"/turnkey-construction#image-5","/images/internal/architectural-drawing-review.webp","/turnkey-construction","How we approach turnkey","section photograph","unsplash:photo-1608303588026-884930af2559","Hands reviewing architectural drawings with a ruler and calculator","Suitable distinct real photograph remains to be sourced and reviewed","Missing distinct real replacement; inherited duplicate retained pending suitable photograph"
"/turnkey-construction#image-6","/images/internal/project-site-coordination.webp","/turnkey-construction","Resolve the technical scope before work starts","section photograph","unsplash:photo-1742112125567-3e8967bad60f","Two construction professionals reviewing a clipboard on site","Suitable distinct real photograph remains to be sourced and reviewed","Missing distinct real replacement; inherited duplicate retained pending suitable photograph"
"/turnkey-construction#image-7","/images/home/dubai-commercial-towers.webp","/turnkey-construction","Request turnkey consultation.","section photograph","pexels:14309391","Completed Emirates Towers buildings photographed from below in Dubai","Suitable distinct real photograph remains to be sourced and reviewed","Missing distinct real replacement; inherited duplicate retained pending suitable photograph"
"/warehouse/cold-storage-warehouse#image-3","/images/generated/services/structural-works-dubai-desktop.webp","/warehouse/cold-storage-warehouse","Cold Storage Warehouse for Dubai and UAE industrial projects","hero","/images/generated/services/structural-works-dubai","Reinforced concrete and structural works at a Dubai construction site.","Suitable distinct real photograph remains to be sourced and reviewed","Missing distinct real replacement; inherited duplicate retained pending suitable photograph"
"/warehouse/cold-storage-warehouse#image-4","/images/project-warehouse-industrial-dubai.webp","/warehouse/cold-storage-warehouse","Cold Storage Warehouse","section photograph","unsplash:photo-1592085198739-ffcad7f36b54","Pallet racks and stored goods inside an industrial warehouse","Suitable distinct real photograph remains to be sourced and reviewed","Missing distinct real replacement; inherited duplicate retained pending suitable photograph"
"/warehouse/cold-storage-warehouse#image-5","/images/project-authority-approvals-dubai.webp","/warehouse/cold-storage-warehouse","What controls cold storage warehouse before work reaches site.","section photograph","unsplash:photo-1581674662583-5e89b374fae6","Architectural plans and a notebook arranged on a worktable","Suitable distinct real photograph remains to be sourced and reviewed","Missing distinct real replacement; inherited duplicate retained pending suitable photograph"
"/warehouse/cold-storage-warehouse#image-6","/images/internal/industrial-steel-roof.webp","/warehouse/cold-storage-warehouse","Documents and inputs that reduce delay.","section photograph","unsplash:photo-1662120399978-738d233edbec","Workers on a scissor lift installing industrial steel roof trusses","Suitable distinct real photograph remains to be sourced and reviewed","Missing distinct real replacement; inherited duplicate retained pending suitable photograph"
"/warehouse/cold-storage-warehouse#image-7","/images/internal/project-site-coordination.webp","/warehouse/cold-storage-warehouse","Authority pathways for Dubai warehouse projects.","section photograph","unsplash:photo-1742112125567-3e8967bad60f","Two construction professionals reviewing a clipboard on site","Suitable distinct real photograph remains to be sourced and reviewed","Missing distinct real replacement; inherited duplicate retained pending suitable photograph"
"/warehouse/distribution-centre-construction#image-3","/images/generated/services/warehouse-construction-dubai-desktop.webp","/warehouse/distribution-centre-construction","Distribution Centre Construction for Dubai and UAE industrial projects","hero","/images/generated/services/warehouse-construction-dubai","Modern warehouse under construction in a Dubai industrial area.","Suitable distinct real photograph remains to be sourced and reviewed","Missing distinct real replacement; inherited duplicate retained pending suitable photograph"
"/warehouse/distribution-centre-construction#image-4","/images/project-warehouse-industrial-dubai.webp","/warehouse/distribution-centre-construction","Distribution Centre Construction","section photograph","unsplash:photo-1592085198739-ffcad7f36b54","Pallet racks and stored goods inside an industrial warehouse","Suitable distinct real photograph remains to be sourced and reviewed","Missing distinct real replacement; inherited duplicate retained pending suitable photograph"
"/warehouse/distribution-centre-construction#image-5","/images/project-authority-approvals-dubai.webp","/warehouse/distribution-centre-construction","What controls distribution centre construction before work reaches site.","section photograph","unsplash:photo-1581674662583-5e89b374fae6","Architectural plans and a notebook arranged on a worktable","Suitable distinct real photograph remains to be sourced and reviewed","Missing distinct real replacement; inherited duplicate retained pending suitable photograph"
"/warehouse/distribution-centre-construction#image-6","/images/internal/industrial-steel-roof.webp","/warehouse/distribution-centre-construction","Documents and inputs that reduce delay.","section photograph","unsplash:photo-1662120399978-738d233edbec","Workers on a scissor lift installing industrial steel roof trusses","Suitable distinct real photograph remains to be sourced and reviewed","Missing distinct real replacement; inherited duplicate retained pending suitable photograph"
"/warehouse/distribution-centre-construction#image-7","/images/internal/project-site-coordination.webp","/warehouse/distribution-centre-construction","Authority pathways for Dubai warehouse projects.","section photograph","unsplash:photo-1742112125567-3e8967bad60f","Two construction professionals reviewing a clipboard on site","Suitable distinct real photograph remains to be sourced and reviewed","Missing distinct real replacement; inherited duplicate retained pending suitable photograph"
"/warehouse/factory-construction#image-3","/images/generated/services/design-build-contractor-dubai-desktop.webp","/warehouse/factory-construction","Factory Construction for Dubai and UAE industrial projects","hero","/images/generated/services/design-build-contractor-dubai","Architects and engineers coordinating design and construction in Dubai.","Suitable distinct real photograph remains to be sourced and reviewed","Missing distinct real replacement; inherited duplicate retained pending suitable photograph"
"/warehouse/factory-construction#image-4","/images/project-warehouse-industrial-dubai.webp","/warehouse/factory-construction","Factory Construction","section photograph","unsplash:photo-1592085198739-ffcad7f36b54","Pallet racks and stored goods inside an industrial warehouse","Suitable distinct real photograph remains to be sourced and reviewed","Missing distinct real replacement; inherited duplicate retained pending suitable photograph"
"/warehouse/factory-construction#image-5","/images/project-authority-approvals-dubai.webp","/warehouse/factory-construction","What controls factory construction before work reaches site.","section photograph","unsplash:photo-1581674662583-5e89b374fae6","Architectural plans and a notebook arranged on a worktable","Suitable distinct real photograph remains to be sourced and reviewed","Missing distinct real replacement; inherited duplicate retained pending suitable photograph"
"/warehouse/factory-construction#image-6","/images/internal/industrial-steel-roof.webp","/warehouse/factory-construction","Documents and inputs that reduce delay.","section photograph","unsplash:photo-1662120399978-738d233edbec","Workers on a scissor lift installing industrial steel roof trusses","Suitable distinct real photograph remains to be sourced and reviewed","Missing distinct real replacement; inherited duplicate retained pending suitable photograph"
"/warehouse/factory-construction#image-7","/images/internal/project-site-coordination.webp","/warehouse/factory-construction","Authority pathways for Dubai warehouse projects.","section photograph","unsplash:photo-1742112125567-3e8967bad60f","Two construction professionals reviewing a clipboard on site","Suitable distinct real photograph remains to be sourced and reviewed","Missing distinct real replacement; inherited duplicate retained pending suitable photograph"
"/warehouse/industrial-building-construction#image-3","/images/generated/services/project-management-dubai-desktop.webp","/warehouse/industrial-building-construction","Industrial Building Construction for Dubai and UAE industrial projects","hero","/images/generated/services/project-management-dubai","Construction professionals reviewing project progress in Dubai.","Suitable distinct real photograph remains to be sourced and reviewed","Missing distinct real replacement; inherited duplicate retained pending suitable photograph"
"/warehouse/industrial-building-construction#image-4","/images/project-warehouse-industrial-dubai.webp","/warehouse/industrial-building-construction","Industrial Building Construction","section photograph","unsplash:photo-1592085198739-ffcad7f36b54","Pallet racks and stored goods inside an industrial warehouse","Suitable distinct real photograph remains to be sourced and reviewed","Missing distinct real replacement; inherited duplicate retained pending suitable photograph"
"/warehouse/industrial-building-construction#image-5","/images/project-authority-approvals-dubai.webp","/warehouse/industrial-building-construction","What controls industrial building construction before work reaches site.","section photograph","unsplash:photo-1581674662583-5e89b374fae6","Architectural plans and a notebook arranged on a worktable","Suitable distinct real photograph remains to be sourced and reviewed","Missing distinct real replacement; inherited duplicate retained pending suitable photograph"
"/warehouse/industrial-building-construction#image-6","/images/internal/industrial-steel-roof.webp","/warehouse/industrial-building-construction","Documents and inputs that reduce delay.","section photograph","unsplash:photo-1662120399978-738d233edbec","Workers on a scissor lift installing industrial steel roof trusses","Suitable distinct real photograph remains to be sourced and reviewed","Missing distinct real replacement; inherited duplicate retained pending suitable photograph"
"/warehouse/industrial-building-construction#image-7","/images/internal/project-site-coordination.webp","/warehouse/industrial-building-construction","Authority pathways for Dubai warehouse projects.","section photograph","unsplash:photo-1742112125567-3e8967bad60f","Two construction professionals reviewing a clipboard on site","Suitable distinct real photograph remains to be sourced and reviewed","Missing distinct real replacement; inherited duplicate retained pending suitable photograph"
"/warehouse/industrial-warehouse-construction#image-3","/images/generated/services/design-build-contractor-dubai-desktop.webp","/warehouse/industrial-warehouse-construction","Industrial Warehouse Construction for Dubai and UAE industrial projects","hero","/images/generated/services/design-build-contractor-dubai","Architects and engineers coordinating design and construction in Dubai.","Suitable distinct real photograph remains to be sourced and reviewed","Missing distinct real replacement; inherited duplicate retained pending suitable photograph"
"/warehouse/industrial-warehouse-construction#image-4","/images/project-warehouse-industrial-dubai.webp","/warehouse/industrial-warehouse-construction","Industrial Warehouse Construction","section photograph","unsplash:photo-1592085198739-ffcad7f36b54","Pallet racks and stored goods inside an industrial warehouse","Suitable distinct real photograph remains to be sourced and reviewed","Missing distinct real replacement; inherited duplicate retained pending suitable photograph"
"/warehouse/industrial-warehouse-construction#image-5","/images/project-authority-approvals-dubai.webp","/warehouse/industrial-warehouse-construction","What controls industrial warehouse construction before work reaches site.","section photograph","unsplash:photo-1581674662583-5e89b374fae6","Architectural plans and a notebook arranged on a worktable","Suitable distinct real photograph remains to be sourced and reviewed","Missing distinct real replacement; inherited duplicate retained pending suitable photograph"
"/warehouse/industrial-warehouse-construction#image-6","/images/internal/industrial-steel-roof.webp","/warehouse/industrial-warehouse-construction","Documents and inputs that reduce delay.","section photograph","unsplash:photo-1662120399978-738d233edbec","Workers on a scissor lift installing industrial steel roof trusses","Suitable distinct real photograph remains to be sourced and reviewed","Missing distinct real replacement; inherited duplicate retained pending suitable photograph"
"/warehouse/industrial-warehouse-construction#image-7","/images/internal/project-site-coordination.webp","/warehouse/industrial-warehouse-construction","Authority pathways for Dubai warehouse projects.","section photograph","unsplash:photo-1742112125567-3e8967bad60f","Two construction professionals reviewing a clipboard on site","Suitable distinct real photograph remains to be sourced and reviewed","Missing distinct real replacement; inherited duplicate retained pending suitable photograph"
"/warehouse/logistics-warehouse#image-3","/images/generated/services/industrial-construction-dubai-desktop.webp","/warehouse/logistics-warehouse","Logistics Warehouse for Dubai and UAE industrial projects","hero","/images/generated/services/industrial-construction-dubai","Light-industrial facility under construction in Dubai.","Suitable distinct real photograph remains to be sourced and reviewed","Missing distinct real replacement; inherited duplicate retained pending suitable photograph"
"/warehouse/logistics-warehouse#image-4","/images/project-warehouse-industrial-dubai.webp","/warehouse/logistics-warehouse","Logistics Warehouse","section photograph","unsplash:photo-1592085198739-ffcad7f36b54","Pallet racks and stored goods inside an industrial warehouse","Suitable distinct real photograph remains to be sourced and reviewed","Missing distinct real replacement; inherited duplicate retained pending suitable photograph"
"/warehouse/logistics-warehouse#image-5","/images/project-authority-approvals-dubai.webp","/warehouse/logistics-warehouse","What controls logistics warehouse before work reaches site.","section photograph","unsplash:photo-1581674662583-5e89b374fae6","Architectural plans and a notebook arranged on a worktable","Suitable distinct real photograph remains to be sourced and reviewed","Missing distinct real replacement; inherited duplicate retained pending suitable photograph"
"/warehouse/logistics-warehouse#image-6","/images/internal/industrial-steel-roof.webp","/warehouse/logistics-warehouse","Documents and inputs that reduce delay.","section photograph","unsplash:photo-1662120399978-738d233edbec","Workers on a scissor lift installing industrial steel roof trusses","Suitable distinct real photograph remains to be sourced and reviewed","Missing distinct real replacement; inherited duplicate retained pending suitable photograph"
"/warehouse/logistics-warehouse#image-7","/images/internal/project-site-coordination.webp","/warehouse/logistics-warehouse","Authority pathways for Dubai warehouse projects.","section photograph","unsplash:photo-1742112125567-3e8967bad60f","Two construction professionals reviewing a clipboard on site","Suitable distinct real photograph remains to be sourced and reviewed","Missing distinct real replacement; inherited duplicate retained pending suitable photograph"
"/warehouse/steel-warehouse-construction#image-3","/images/generated/services/project-management-dubai-desktop.webp","/warehouse/steel-warehouse-construction","Steel Warehouse Construction for Dubai and UAE industrial projects","hero","/images/generated/services/project-management-dubai","Construction professionals reviewing project progress in Dubai.","Suitable distinct real photograph remains to be sourced and reviewed","Missing distinct real replacement; inherited duplicate retained pending suitable photograph"
"/warehouse/steel-warehouse-construction#image-4","/images/internal/warehouse-steel-frame.webp","/warehouse/steel-warehouse-construction","Steel Warehouse Construction","section photograph","unsplash:photo-1649587345666-0f4ad68aa723","Cranes and lifting equipment erecting a steel warehouse frame","Suitable distinct real photograph remains to be sourced and reviewed","Missing distinct real replacement; inherited duplicate retained pending suitable photograph"
"/warehouse/steel-warehouse-construction#image-5","/images/internal/architectural-drawing-review.webp","/warehouse/steel-warehouse-construction","What controls steel warehouse construction before work reaches site.","section photograph","unsplash:photo-1608303588026-884930af2559","Hands reviewing architectural drawings with a ruler and calculator","Suitable distinct real photograph remains to be sourced and reviewed","Missing distinct real replacement; inherited duplicate retained pending suitable photograph"
"/warehouse/steel-warehouse-construction#image-6","/images/internal/industrial-steel-roof.webp","/warehouse/steel-warehouse-construction","Documents and inputs that reduce delay.","section photograph","unsplash:photo-1662120399978-738d233edbec","Workers on a scissor lift installing industrial steel roof trusses","Suitable distinct real photograph remains to be sourced and reviewed","Missing distinct real replacement; inherited duplicate retained pending suitable photograph"
"/warehouse/steel-warehouse-construction#image-7","/images/internal/project-site-coordination.webp","/warehouse/steel-warehouse-construction","Authority pathways for Dubai warehouse projects.","section photograph","unsplash:photo-1742112125567-3e8967bad60f","Two construction professionals reviewing a clipboard on site","Suitable distinct real photograph remains to be sourced and reviewed","Missing distinct real replacement; inherited duplicate retained pending suitable photograph"
"/warehouse/warehouse-authority-approvals#image-3","/images/generated/services/warehouse-construction-dubai-desktop.webp","/warehouse/warehouse-authority-approvals","Warehouse Authority Approvals for Dubai and UAE industrial projects","hero","/images/generated/services/warehouse-construction-dubai","Modern warehouse under construction in a Dubai industrial area.","Suitable distinct real photograph remains to be sourced and reviewed","Missing distinct real replacement; inherited duplicate retained pending suitable photograph"
"/warehouse/warehouse-authority-approvals#image-4","/images/internal/architectural-drawing-review.webp","/warehouse/warehouse-authority-approvals","Warehouse Authority Approvals","section photograph","unsplash:photo-1608303588026-884930af2559","Hands reviewing architectural drawings with a ruler and calculator","Suitable distinct real photograph remains to be sourced and reviewed","Missing distinct real replacement; inherited duplicate retained pending suitable photograph"
"/warehouse/warehouse-authority-approvals#image-5","/images/project-authority-approvals-dubai.webp","/warehouse/warehouse-authority-approvals","What controls warehouse authority approvals before work reaches site.","section photograph","unsplash:photo-1581674662583-5e89b374fae6","Architectural plans and a notebook arranged on a worktable","Suitable distinct real photograph remains to be sourced and reviewed","Missing distinct real replacement; inherited duplicate retained pending suitable photograph"
"/warehouse/warehouse-authority-approvals#image-6","/images/internal/project-site-coordination.webp","/warehouse/warehouse-authority-approvals","Documents and inputs that reduce delay.","section photograph","unsplash:photo-1742112125567-3e8967bad60f","Two construction professionals reviewing a clipboard on site","Suitable distinct real photograph remains to be sourced and reviewed","Missing distinct real replacement; inherited duplicate retained pending suitable photograph"
"/warehouse/warehouse-authority-approvals#image-7","/images/sections/office-records-desk.webp","/warehouse/warehouse-authority-approvals","Authority pathways for Dubai warehouse projects.","section photograph","pexels:8353764","Paper documents, an open folder and computer monitors on an office desk","Suitable distinct real photograph remains to be sourced and reviewed","Missing distinct real replacement; inherited duplicate retained pending suitable photograph"
"/warehouse/warehouse-builder-uae#image-3","/images/generated/services/structural-works-dubai-desktop.webp","/warehouse/warehouse-builder-uae","Warehouse Builder UAE for Dubai and UAE industrial projects","hero","/images/generated/services/structural-works-dubai","Reinforced concrete and structural works at a Dubai construction site.","Suitable distinct real photograph remains to be sourced and reviewed","Missing distinct real replacement; inherited duplicate retained pending suitable photograph"
"/warehouse/warehouse-builder-uae#image-4","/images/project-warehouse-industrial-dubai.webp","/warehouse/warehouse-builder-uae","Warehouse Builder UAE","section photograph","unsplash:photo-1592085198739-ffcad7f36b54","Pallet racks and stored goods inside an industrial warehouse","Suitable distinct real photograph remains to be sourced and reviewed","Missing distinct real replacement; inherited duplicate retained pending suitable photograph"
"/warehouse/warehouse-builder-uae#image-5","/images/project-authority-approvals-dubai.webp","/warehouse/warehouse-builder-uae","What controls warehouse builder uae before work reaches site.","section photograph","unsplash:photo-1581674662583-5e89b374fae6","Architectural plans and a notebook arranged on a worktable","Suitable distinct real photograph remains to be sourced and reviewed","Missing distinct real replacement; inherited duplicate retained pending suitable photograph"
"/warehouse/warehouse-builder-uae#image-6","/images/internal/industrial-steel-roof.webp","/warehouse/warehouse-builder-uae","Documents and inputs that reduce delay.","section photograph","unsplash:photo-1662120399978-738d233edbec","Workers on a scissor lift installing industrial steel roof trusses","Suitable distinct real photograph remains to be sourced and reviewed","Missing distinct real replacement; inherited duplicate retained pending suitable photograph"
"/warehouse/warehouse-builder-uae#image-7","/images/internal/project-site-coordination.webp","/warehouse/warehouse-builder-uae","Authority pathways for Dubai warehouse projects.","section photograph","unsplash:photo-1742112125567-3e8967bad60f","Two construction professionals reviewing a clipboard on site","Suitable distinct real photograph remains to be sourced and reviewed","Missing distinct real replacement; inherited duplicate retained pending suitable photograph"
"/warehouse/warehouse-civil-contractor#image-3","/images/generated/services/warehouse-construction-dubai-desktop.webp","/warehouse/warehouse-civil-contractor","Warehouse Civil Contractor for Dubai and UAE industrial projects","hero","/images/generated/services/warehouse-construction-dubai","Modern warehouse under construction in a Dubai industrial area.","Suitable distinct real photograph remains to be sourced and reviewed","Missing distinct real replacement; inherited duplicate retained pending suitable photograph"
"/warehouse/warehouse-civil-contractor#image-4","/images/project-warehouse-industrial-dubai.webp","/warehouse/warehouse-civil-contractor","Warehouse Civil Contractor","section photograph","unsplash:photo-1592085198739-ffcad7f36b54","Pallet racks and stored goods inside an industrial warehouse","Suitable distinct real photograph remains to be sourced and reviewed","Missing distinct real replacement; inherited duplicate retained pending suitable photograph"
"/warehouse/warehouse-civil-contractor#image-5","/images/project-authority-approvals-dubai.webp","/warehouse/warehouse-civil-contractor","What controls warehouse civil contractor before work reaches site.","section photograph","unsplash:photo-1581674662583-5e89b374fae6","Architectural plans and a notebook arranged on a worktable","Suitable distinct real photograph remains to be sourced and reviewed","Missing distinct real replacement; inherited duplicate retained pending suitable photograph"
"/warehouse/warehouse-civil-contractor#image-6","/images/internal/industrial-steel-roof.webp","/warehouse/warehouse-civil-contractor","Documents and inputs that reduce delay.","section photograph","unsplash:photo-1662120399978-738d233edbec","Workers on a scissor lift installing industrial steel roof trusses","Suitable distinct real photograph remains to be sourced and reviewed","Missing distinct real replacement; inherited duplicate retained pending suitable photograph"
"/warehouse/warehouse-civil-contractor#image-7","/images/internal/project-site-coordination.webp","/warehouse/warehouse-civil-contractor","Authority pathways for Dubai warehouse projects.","section photograph","unsplash:photo-1742112125567-3e8967bad60f","Two construction professionals reviewing a clipboard on site","Suitable distinct real photograph remains to be sourced and reviewed","Missing distinct real replacement; inherited duplicate retained pending suitable photograph"
"/warehouse/warehouse-civil-works#image-3","/images/generated/services/industrial-construction-dubai-desktop.webp","/warehouse/warehouse-civil-works","Warehouse Civil Works for Dubai and UAE industrial projects","hero","/images/generated/services/industrial-construction-dubai","Light-industrial facility under construction in Dubai.","Suitable distinct real photograph remains to be sourced and reviewed","Missing distinct real replacement; inherited duplicate retained pending suitable photograph"
"/warehouse/warehouse-civil-works#image-4","/images/project-warehouse-industrial-dubai.webp","/warehouse/warehouse-civil-works","Warehouse Civil Works","section photograph","unsplash:photo-1592085198739-ffcad7f36b54","Pallet racks and stored goods inside an industrial warehouse","Suitable distinct real photograph remains to be sourced and reviewed","Missing distinct real replacement; inherited duplicate retained pending suitable photograph"
"/warehouse/warehouse-civil-works#image-5","/images/project-authority-approvals-dubai.webp","/warehouse/warehouse-civil-works","What controls warehouse civil works before work reaches site.","section photograph","unsplash:photo-1581674662583-5e89b374fae6","Architectural plans and a notebook arranged on a worktable","Suitable distinct real photograph remains to be sourced and reviewed","Missing distinct real replacement; inherited duplicate retained pending suitable photograph"
"/warehouse/warehouse-civil-works#image-6","/images/internal/industrial-steel-roof.webp","/warehouse/warehouse-civil-works","Documents and inputs that reduce delay.","section photograph","unsplash:photo-1662120399978-738d233edbec","Workers on a scissor lift installing industrial steel roof trusses","Suitable distinct real photograph remains to be sourced and reviewed","Missing distinct real replacement; inherited duplicate retained pending suitable photograph"
"/warehouse/warehouse-civil-works#image-7","/images/internal/project-site-coordination.webp","/warehouse/warehouse-civil-works","Authority pathways for Dubai warehouse projects.","section photograph","unsplash:photo-1742112125567-3e8967bad60f","Two construction professionals reviewing a clipboard on site","Suitable distinct real photograph remains to be sourced and reviewed","Missing distinct real replacement; inherited duplicate retained pending suitable photograph"
"/warehouse/warehouse-completion#image-3","/images/generated/services/project-management-dubai-desktop.webp","/warehouse/warehouse-completion","Warehouse Completion for Dubai and UAE industrial projects","hero","/images/generated/services/project-management-dubai","Construction professionals reviewing project progress in Dubai.","Suitable distinct real photograph remains to be sourced and reviewed","Missing distinct real replacement; inherited duplicate retained pending suitable photograph"
"/warehouse/warehouse-completion#image-4","/images/project-warehouse-industrial-dubai.webp","/warehouse/warehouse-completion","Warehouse Completion","section photograph","unsplash:photo-1592085198739-ffcad7f36b54","Pallet racks and stored goods inside an industrial warehouse","Suitable distinct real photograph remains to be sourced and reviewed","Missing distinct real replacement; inherited duplicate retained pending suitable photograph"
"/warehouse/warehouse-completion#image-5","/images/project-authority-approvals-dubai.webp","/warehouse/warehouse-completion","What controls warehouse completion before work reaches site.","section photograph","unsplash:photo-1581674662583-5e89b374fae6","Architectural plans and a notebook arranged on a worktable","Suitable distinct real photograph remains to be sourced and reviewed","Missing distinct real replacement; inherited duplicate retained pending suitable photograph"
"/warehouse/warehouse-completion#image-6","/images/internal/industrial-steel-roof.webp","/warehouse/warehouse-completion","Documents and inputs that reduce delay.","section photograph","unsplash:photo-1662120399978-738d233edbec","Workers on a scissor lift installing industrial steel roof trusses","Suitable distinct real photograph remains to be sourced and reviewed","Missing distinct real replacement; inherited duplicate retained pending suitable photograph"
"/warehouse/warehouse-completion#image-7","/images/internal/project-site-coordination.webp","/warehouse/warehouse-completion","Authority pathways for Dubai warehouse projects.","section photograph","unsplash:photo-1742112125567-3e8967bad60f","Two construction professionals reviewing a clipboard on site","Suitable distinct real photograph remains to be sourced and reviewed","Missing distinct real replacement; inherited duplicate retained pending suitable photograph"
"/warehouse/warehouse-compliance-uae#image-3","/images/generated/services/design-build-contractor-dubai-desktop.webp","/warehouse/warehouse-compliance-uae","Warehouse Compliance UAE for Dubai and UAE industrial projects","hero","/images/generated/services/design-build-contractor-dubai","Architects and engineers coordinating design and construction in Dubai.","Suitable distinct real photograph remains to be sourced and reviewed","Missing distinct real replacement; inherited duplicate retained pending suitable photograph"
"/warehouse/warehouse-compliance-uae#image-4","/images/project-warehouse-industrial-dubai.webp","/warehouse/warehouse-compliance-uae","Warehouse Compliance UAE","section photograph","unsplash:photo-1592085198739-ffcad7f36b54","Pallet racks and stored goods inside an industrial warehouse","Suitable distinct real photograph remains to be sourced and reviewed","Missing distinct real replacement; inherited duplicate retained pending suitable photograph"
"/warehouse/warehouse-compliance-uae#image-5","/images/project-authority-approvals-dubai.webp","/warehouse/warehouse-compliance-uae","What controls warehouse compliance uae before work reaches site.","section photograph","unsplash:photo-1581674662583-5e89b374fae6","Architectural plans and a notebook arranged on a worktable","Suitable distinct real photograph remains to be sourced and reviewed","Missing distinct real replacement; inherited duplicate retained pending suitable photograph"
"/warehouse/warehouse-compliance-uae#image-6","/images/internal/industrial-steel-roof.webp","/warehouse/warehouse-compliance-uae","Documents and inputs that reduce delay.","section photograph","unsplash:photo-1662120399978-738d233edbec","Workers on a scissor lift installing industrial steel roof trusses","Suitable distinct real photograph remains to be sourced and reviewed","Missing distinct real replacement; inherited duplicate retained pending suitable photograph"
"/warehouse/warehouse-compliance-uae#image-7","/images/internal/project-site-coordination.webp","/warehouse/warehouse-compliance-uae","Authority pathways for Dubai warehouse projects.","section photograph","unsplash:photo-1742112125567-3e8967bad60f","Two construction professionals reviewing a clipboard on site","Suitable distinct real photograph remains to be sourced and reviewed","Missing distinct real replacement; inherited duplicate retained pending suitable photograph"
"/warehouse/warehouse-concrete-works#image-3","/images/generated/services/project-management-dubai-desktop.webp","/warehouse/warehouse-concrete-works","Warehouse Concrete Works for Dubai and UAE industrial projects","hero","/images/generated/services/project-management-dubai","Construction professionals reviewing project progress in Dubai.","Suitable distinct real photograph remains to be sourced and reviewed","Missing distinct real replacement; inherited duplicate retained pending suitable photograph"
"/warehouse/warehouse-concrete-works#image-4","/images/civil-contractor-dubai-construction-site.webp","/warehouse/warehouse-concrete-works","Warehouse Concrete Works","section photograph","unsplash:photo-1541888946425-d81bb19240f5","Construction team standing beside a large reinforced foundation slab","Suitable distinct real photograph remains to be sourced and reviewed","Missing distinct real replacement; inherited duplicate retained pending suitable photograph"
"/warehouse/warehouse-concrete-works#image-5","/images/project-authority-approvals-dubai.webp","/warehouse/warehouse-concrete-works","What controls warehouse concrete works before work reaches site.","section photograph","unsplash:photo-1581674662583-5e89b374fae6","Architectural plans and a notebook arranged on a worktable","Suitable distinct real photograph remains to be sourced and reviewed","Missing distinct real replacement; inherited duplicate retained pending suitable photograph"
"/warehouse/warehouse-concrete-works#image-6","/images/internal/structural-reinforcement.webp","/warehouse/warehouse-concrete-works","Documents and inputs that reduce delay.","section photograph","unsplash:photo-1768677903496-becc4be07258","Construction worker inspecting a dense reinforcement grid before concrete placement","Suitable distinct real photograph remains to be sourced and reviewed","Missing distinct real replacement; inherited duplicate retained pending suitable photograph"
"/warehouse/warehouse-concrete-works#image-7","/images/internal/project-site-coordination.webp","/warehouse/warehouse-concrete-works","Authority pathways for Dubai warehouse projects.","section photograph","unsplash:photo-1742112125567-3e8967bad60f","Two construction professionals reviewing a clipboard on site","Suitable distinct real photograph remains to be sourced and reviewed","Missing distinct real replacement; inherited duplicate retained pending suitable photograph"
"/warehouse/warehouse-construction-dubai#image-3","/images/generated/services/warehouse-construction-dubai-desktop.webp","/warehouse/warehouse-construction-dubai","Warehouse Construction Dubai for Dubai and UAE industrial projects","hero","/images/generated/services/warehouse-construction-dubai","Modern warehouse under construction in a Dubai industrial area.","Suitable distinct real photograph remains to be sourced and reviewed","Missing distinct real replacement; inherited duplicate retained pending suitable photograph"
"/warehouse/warehouse-construction-dubai#image-4","/images/project-warehouse-industrial-dubai.webp","/warehouse/warehouse-construction-dubai","Warehouse Construction Dubai","section photograph","unsplash:photo-1592085198739-ffcad7f36b54","Pallet racks and stored goods inside an industrial warehouse","Suitable distinct real photograph remains to be sourced and reviewed","Missing distinct real replacement; inherited duplicate retained pending suitable photograph"
"/warehouse/warehouse-construction-dubai#image-5","/images/project-authority-approvals-dubai.webp","/warehouse/warehouse-construction-dubai","What controls warehouse construction dubai before work reaches site.","section photograph","unsplash:photo-1581674662583-5e89b374fae6","Architectural plans and a notebook arranged on a worktable","Suitable distinct real photograph remains to be sourced and reviewed","Missing distinct real replacement; inherited duplicate retained pending suitable photograph"
"/warehouse/warehouse-construction-dubai#image-6","/images/internal/industrial-steel-roof.webp","/warehouse/warehouse-construction-dubai","Documents and inputs that reduce delay.","section photograph","unsplash:photo-1662120399978-738d233edbec","Workers on a scissor lift installing industrial steel roof trusses","Suitable distinct real photograph remains to be sourced and reviewed","Missing distinct real replacement; inherited duplicate retained pending suitable photograph"
"/warehouse/warehouse-construction-dubai#image-7","/images/internal/project-site-coordination.webp","/warehouse/warehouse-construction-dubai","Authority pathways for Dubai warehouse projects.","section photograph","unsplash:photo-1742112125567-3e8967bad60f","Two construction professionals reviewing a clipboard on site","Suitable distinct real photograph remains to be sourced and reviewed","Missing distinct real replacement; inherited duplicate retained pending suitable photograph"
"/warehouse/warehouse-construction-timeline#image-3","/images/generated/services/project-management-dubai-desktop.webp","/warehouse/warehouse-construction-timeline","Warehouse Construction Timeline for Dubai and UAE industrial projects","hero","/images/generated/services/project-management-dubai","Construction professionals reviewing project progress in Dubai.","Suitable distinct real photograph remains to be sourced and reviewed","Missing distinct real replacement; inherited duplicate retained pending suitable photograph"
"/warehouse/warehouse-construction-timeline#image-4","/images/project-warehouse-industrial-dubai.webp","/warehouse/warehouse-construction-timeline","Warehouse Construction Timeline","section photograph","unsplash:photo-1592085198739-ffcad7f36b54","Pallet racks and stored goods inside an industrial warehouse","Suitable distinct real photograph remains to be sourced and reviewed","Missing distinct real replacement; inherited duplicate retained pending suitable photograph"
"/warehouse/warehouse-construction-timeline#image-5","/images/project-authority-approvals-dubai.webp","/warehouse/warehouse-construction-timeline","What controls warehouse construction timeline before work reaches site.","section photograph","unsplash:photo-1581674662583-5e89b374fae6","Architectural plans and a notebook arranged on a worktable","Suitable distinct real photograph remains to be sourced and reviewed","Missing distinct real replacement; inherited duplicate retained pending suitable photograph"
"/warehouse/warehouse-construction-timeline#image-6","/images/internal/industrial-steel-roof.webp","/warehouse/warehouse-construction-timeline","Documents and inputs that reduce delay.","section photograph","unsplash:photo-1662120399978-738d233edbec","Workers on a scissor lift installing industrial steel roof trusses","Suitable distinct real photograph remains to be sourced and reviewed","Missing distinct real replacement; inherited duplicate retained pending suitable photograph"
"/warehouse/warehouse-construction-timeline#image-7","/images/internal/project-site-coordination.webp","/warehouse/warehouse-construction-timeline","Authority pathways for Dubai warehouse projects.","section photograph","unsplash:photo-1742112125567-3e8967bad60f","Two construction professionals reviewing a clipboard on site","Suitable distinct real photograph remains to be sourced and reviewed","Missing distinct real replacement; inherited duplicate retained pending suitable photograph"
"/warehouse/warehouse-consultant#image-3","/images/generated/services/warehouse-construction-dubai-desktop.webp","/warehouse/warehouse-consultant","Warehouse Consultant for Dubai and UAE industrial projects","hero","/images/generated/services/warehouse-construction-dubai","Modern warehouse under construction in a Dubai industrial area.","Suitable distinct real photograph remains to be sourced and reviewed","Missing distinct real replacement; inherited duplicate retained pending suitable photograph"
"/warehouse/warehouse-consultant#image-4","/images/project-warehouse-industrial-dubai.webp","/warehouse/warehouse-consultant","Warehouse Consultant","section photograph","unsplash:photo-1592085198739-ffcad7f36b54","Pallet racks and stored goods inside an industrial warehouse","Suitable distinct real photograph remains to be sourced and reviewed","Missing distinct real replacement; inherited duplicate retained pending suitable photograph"
"/warehouse/warehouse-consultant#image-5","/images/project-authority-approvals-dubai.webp","/warehouse/warehouse-consultant","What controls warehouse consultant before work reaches site.","section photograph","unsplash:photo-1581674662583-5e89b374fae6","Architectural plans and a notebook arranged on a worktable","Suitable distinct real photograph remains to be sourced and reviewed","Missing distinct real replacement; inherited duplicate retained pending suitable photograph"
"/warehouse/warehouse-consultant#image-6","/images/internal/industrial-steel-roof.webp","/warehouse/warehouse-consultant","Documents and inputs that reduce delay.","section photograph","unsplash:photo-1662120399978-738d233edbec","Workers on a scissor lift installing industrial steel roof trusses","Suitable distinct real photograph remains to be sourced and reviewed","Missing distinct real replacement; inherited duplicate retained pending suitable photograph"
"/warehouse/warehouse-consultant#image-7","/images/internal/project-site-coordination.webp","/warehouse/warehouse-consultant","Authority pathways for Dubai warehouse projects.","section photograph","unsplash:photo-1742112125567-3e8967bad60f","Two construction professionals reviewing a clipboard on site","Suitable distinct real photograph remains to be sourced and reviewed","Missing distinct real replacement; inherited duplicate retained pending suitable photograph"
"/warehouse/warehouse-contractor-checklist#image-3","/images/generated/services/industrial-construction-dubai-desktop.webp","/warehouse/warehouse-contractor-checklist","Warehouse Contractor Checklist for Dubai and UAE industrial projects","hero","/images/generated/services/industrial-construction-dubai","Light-industrial facility under construction in Dubai.","Suitable distinct real photograph remains to be sourced and reviewed","Missing distinct real replacement; inherited duplicate retained pending suitable photograph"
"/warehouse/warehouse-contractor-checklist#image-4","/images/project-warehouse-industrial-dubai.webp","/warehouse/warehouse-contractor-checklist","Warehouse Contractor Checklist","section photograph","unsplash:photo-1592085198739-ffcad7f36b54","Pallet racks and stored goods inside an industrial warehouse","Suitable distinct real photograph remains to be sourced and reviewed","Missing distinct real replacement; inherited duplicate retained pending suitable photograph"
"/warehouse/warehouse-contractor-checklist#image-5","/images/project-authority-approvals-dubai.webp","/warehouse/warehouse-contractor-checklist","What controls warehouse contractor checklist before work reaches site.","section photograph","unsplash:photo-1581674662583-5e89b374fae6","Architectural plans and a notebook arranged on a worktable","Suitable distinct real photograph remains to be sourced and reviewed","Missing distinct real replacement; inherited duplicate retained pending suitable photograph"
"/warehouse/warehouse-contractor-checklist#image-6","/images/internal/industrial-steel-roof.webp","/warehouse/warehouse-contractor-checklist","Documents and inputs that reduce delay.","section photograph","unsplash:photo-1662120399978-738d233edbec","Workers on a scissor lift installing industrial steel roof trusses","Suitable distinct real photograph remains to be sourced and reviewed","Missing distinct real replacement; inherited duplicate retained pending suitable photograph"
"/warehouse/warehouse-contractor-checklist#image-7","/images/internal/project-site-coordination.webp","/warehouse/warehouse-contractor-checklist","Authority pathways for Dubai warehouse projects.","section photograph","unsplash:photo-1742112125567-3e8967bad60f","Two construction professionals reviewing a clipboard on site","Suitable distinct real photograph remains to be sourced and reviewed","Missing distinct real replacement; inherited duplicate retained pending suitable photograph"
"/warehouse/warehouse-contractors-dubai#image-3","/images/generated/services/industrial-construction-dubai-desktop.webp","/warehouse/warehouse-contractors-dubai","Warehouse Contractors Dubai for Dubai and UAE industrial projects","hero","/images/generated/services/industrial-construction-dubai","Light-industrial facility under construction in Dubai.","Suitable distinct real photograph remains to be sourced and reviewed","Missing distinct real replacement; inherited duplicate retained pending suitable photograph"
"/warehouse/warehouse-contractors-dubai#image-4","/images/project-warehouse-industrial-dubai.webp","/warehouse/warehouse-contractors-dubai","Warehouse Contractors Dubai","section photograph","unsplash:photo-1592085198739-ffcad7f36b54","Pallet racks and stored goods inside an industrial warehouse","Suitable distinct real photograph remains to be sourced and reviewed","Missing distinct real replacement; inherited duplicate retained pending suitable photograph"
"/warehouse/warehouse-contractors-dubai#image-5","/images/project-authority-approvals-dubai.webp","/warehouse/warehouse-contractors-dubai","What controls warehouse contractors dubai before work reaches site.","section photograph","unsplash:photo-1581674662583-5e89b374fae6","Architectural plans and a notebook arranged on a worktable","Suitable distinct real photograph remains to be sourced and reviewed","Missing distinct real replacement; inherited duplicate retained pending suitable photograph"
"/warehouse/warehouse-contractors-dubai#image-6","/images/internal/industrial-steel-roof.webp","/warehouse/warehouse-contractors-dubai","Documents and inputs that reduce delay.","section photograph","unsplash:photo-1662120399978-738d233edbec","Workers on a scissor lift installing industrial steel roof trusses","Suitable distinct real photograph remains to be sourced and reviewed","Missing distinct real replacement; inherited duplicate retained pending suitable photograph"
"/warehouse/warehouse-contractors-dubai#image-7","/images/internal/project-site-coordination.webp","/warehouse/warehouse-contractors-dubai","Authority pathways for Dubai warehouse projects.","section photograph","unsplash:photo-1742112125567-3e8967bad60f","Two construction professionals reviewing a clipboard on site","Suitable distinct real photograph remains to be sourced and reviewed","Missing distinct real replacement; inherited duplicate retained pending suitable photograph"
"/warehouse/warehouse-cost-guide#image-3","/images/generated/services/design-build-contractor-dubai-desktop.webp","/warehouse/warehouse-cost-guide","Warehouse Cost Guide for Dubai and UAE industrial projects","hero","/images/generated/services/design-build-contractor-dubai","Architects and engineers coordinating design and construction in Dubai.","Suitable distinct real photograph remains to be sourced and reviewed","Missing distinct real replacement; inherited duplicate retained pending suitable photograph"
"/warehouse/warehouse-cost-guide#image-4","/images/project-warehouse-industrial-dubai.webp","/warehouse/warehouse-cost-guide","Warehouse Cost Guide","section photograph","unsplash:photo-1592085198739-ffcad7f36b54","Pallet racks and stored goods inside an industrial warehouse","Suitable distinct real photograph remains to be sourced and reviewed","Missing distinct real replacement; inherited duplicate retained pending suitable photograph"
"/warehouse/warehouse-cost-guide#image-5","/images/project-authority-approvals-dubai.webp","/warehouse/warehouse-cost-guide","What controls warehouse cost guide before work reaches site.","section photograph","unsplash:photo-1581674662583-5e89b374fae6","Architectural plans and a notebook arranged on a worktable","Suitable distinct real photograph remains to be sourced and reviewed","Missing distinct real replacement; inherited duplicate retained pending suitable photograph"
"/warehouse/warehouse-cost-guide#image-6","/images/internal/industrial-steel-roof.webp","/warehouse/warehouse-cost-guide","Documents and inputs that reduce delay.","section photograph","unsplash:photo-1662120399978-738d233edbec","Workers on a scissor lift installing industrial steel roof trusses","Suitable distinct real photograph remains to be sourced and reviewed","Missing distinct real replacement; inherited duplicate retained pending suitable photograph"
"/warehouse/warehouse-cost-guide#image-7","/images/internal/project-site-coordination.webp","/warehouse/warehouse-cost-guide","Authority pathways for Dubai warehouse projects.","section photograph","unsplash:photo-1742112125567-3e8967bad60f","Two construction professionals reviewing a clipboard on site","Suitable distinct real photograph remains to be sourced and reviewed","Missing distinct real replacement; inherited duplicate retained pending suitable photograph"
"/warehouse/warehouse-dcd-approvals#image-3","/images/generated/services/design-build-contractor-dubai-desktop.webp","/warehouse/warehouse-dcd-approvals","Warehouse DCD Approvals for Dubai and UAE industrial projects","hero","/images/generated/services/design-build-contractor-dubai","Architects and engineers coordinating design and construction in Dubai.","Suitable distinct real photograph remains to be sourced and reviewed","Missing distinct real replacement; inherited duplicate retained pending suitable photograph"
"/warehouse/warehouse-dcd-approvals#image-4","/images/internal/fire-sprinkler-pipework.webp","/warehouse/warehouse-dcd-approvals","Warehouse DCD Approvals","section photograph","pexels:37352142","Red sprinkler risers with control valves and gauges on an industrial building","Suitable distinct real photograph remains to be sourced and reviewed","Missing distinct real replacement; inherited duplicate retained pending suitable photograph"
"/warehouse/warehouse-dcd-approvals#image-5","/images/internal/architectural-drawing-review.webp","/warehouse/warehouse-dcd-approvals","What controls warehouse dcd approvals before work reaches site.","section photograph","unsplash:photo-1608303588026-884930af2559","Hands reviewing architectural drawings with a ruler and calculator","Suitable distinct real photograph remains to be sourced and reviewed","Missing distinct real replacement; inherited duplicate retained pending suitable photograph"
"/warehouse/warehouse-dcd-approvals#image-6","/images/project-mep-coordination-dubai.webp","/warehouse/warehouse-dcd-approvals","Documents and inputs that reduce delay.","section photograph","unsplash:photo-1778514825784-0659eaf8e7a2","Water pipes and electrical conduits during building services installation","Suitable distinct real photograph remains to be sourced and reviewed","Missing distinct real replacement; inherited duplicate retained pending suitable photograph"
"/warehouse/warehouse-dcd-approvals#image-7","/images/internal/project-site-coordination.webp","/warehouse/warehouse-dcd-approvals","Authority pathways for Dubai warehouse projects.","section photograph","unsplash:photo-1742112125567-3e8967bad60f","Two construction professionals reviewing a clipboard on site","Suitable distinct real photograph remains to be sourced and reviewed","Missing distinct real replacement; inherited duplicate retained pending suitable photograph"
"/warehouse/warehouse-design-build#image-3","/images/generated/services/industrial-construction-dubai-desktop.webp","/warehouse/warehouse-design-build","Warehouse Design & Build for Dubai and UAE industrial projects","hero","/images/generated/services/industrial-construction-dubai","Light-industrial facility under construction in Dubai.","Suitable distinct real photograph remains to be sourced and reviewed","Missing distinct real replacement; inherited duplicate retained pending suitable photograph"
"/warehouse/warehouse-design-build#image-4","/images/project-warehouse-industrial-dubai.webp","/warehouse/warehouse-design-build","Warehouse Design & Build","section photograph","unsplash:photo-1592085198739-ffcad7f36b54","Pallet racks and stored goods inside an industrial warehouse","Suitable distinct real photograph remains to be sourced and reviewed","Missing distinct real replacement; inherited duplicate retained pending suitable photograph"
"/warehouse/warehouse-design-build#image-5","/images/project-authority-approvals-dubai.webp","/warehouse/warehouse-design-build","What controls warehouse design & build before work reaches site.","section photograph","unsplash:photo-1581674662583-5e89b374fae6","Architectural plans and a notebook arranged on a worktable","Suitable distinct real photograph remains to be sourced and reviewed","Missing distinct real replacement; inherited duplicate retained pending suitable photograph"
"/warehouse/warehouse-design-build#image-6","/images/internal/industrial-steel-roof.webp","/warehouse/warehouse-design-build","Documents and inputs that reduce delay.","section photograph","unsplash:photo-1662120399978-738d233edbec","Workers on a scissor lift installing industrial steel roof trusses","Suitable distinct real photograph remains to be sourced and reviewed","Missing distinct real replacement; inherited duplicate retained pending suitable photograph"
"/warehouse/warehouse-design-build#image-7","/images/internal/project-site-coordination.webp","/warehouse/warehouse-design-build","Authority pathways for Dubai warehouse projects.","section photograph","unsplash:photo-1742112125567-3e8967bad60f","Two construction professionals reviewing a clipboard on site","Suitable distinct real photograph remains to be sourced and reviewed","Missing distinct real replacement; inherited duplicate retained pending suitable photograph"
"/warehouse/warehouse-design-standards-uae#image-3","/images/generated/services/warehouse-construction-dubai-desktop.webp","/warehouse/warehouse-design-standards-uae","Warehouse Design Standards UAE for Dubai and UAE industrial projects","hero","/images/generated/services/warehouse-construction-dubai","Modern warehouse under construction in a Dubai industrial area.","Suitable distinct real photograph remains to be sourced and reviewed","Missing distinct real replacement; inherited duplicate retained pending suitable photograph"
"/warehouse/warehouse-design-standards-uae#image-4","/images/project-warehouse-industrial-dubai.webp","/warehouse/warehouse-design-standards-uae","Warehouse Design Standards UAE","section photograph","unsplash:photo-1592085198739-ffcad7f36b54","Pallet racks and stored goods inside an industrial warehouse","Suitable distinct real photograph remains to be sourced and reviewed","Missing distinct real replacement; inherited duplicate retained pending suitable photograph"
"/warehouse/warehouse-design-standards-uae#image-5","/images/project-authority-approvals-dubai.webp","/warehouse/warehouse-design-standards-uae","What controls warehouse design standards uae before work reaches site.","section photograph","unsplash:photo-1581674662583-5e89b374fae6","Architectural plans and a notebook arranged on a worktable","Suitable distinct real photograph remains to be sourced and reviewed","Missing distinct real replacement; inherited duplicate retained pending suitable photograph"
"/warehouse/warehouse-design-standards-uae#image-6","/images/internal/industrial-steel-roof.webp","/warehouse/warehouse-design-standards-uae","Documents and inputs that reduce delay.","section photograph","unsplash:photo-1662120399978-738d233edbec","Workers on a scissor lift installing industrial steel roof trusses","Suitable distinct real photograph remains to be sourced and reviewed","Missing distinct real replacement; inherited duplicate retained pending suitable photograph"
"/warehouse/warehouse-design-standards-uae#image-7","/images/internal/project-site-coordination.webp","/warehouse/warehouse-design-standards-uae","Authority pathways for Dubai warehouse projects.","section photograph","unsplash:photo-1742112125567-3e8967bad60f","Two construction professionals reviewing a clipboard on site","Suitable distinct real photograph remains to be sourced and reviewed","Missing distinct real replacement; inherited duplicate retained pending suitable photograph"
"/warehouse/warehouse-dewa-approvals#image-3","/images/generated/services/industrial-construction-dubai-desktop.webp","/warehouse/warehouse-dewa-approvals","Warehouse DEWA Approvals for Dubai and UAE industrial projects","hero","/images/generated/services/industrial-construction-dubai","Light-industrial facility under construction in Dubai.","Suitable distinct real photograph remains to be sourced and reviewed","Missing distinct real replacement; inherited duplicate retained pending suitable photograph"
"/warehouse/warehouse-dewa-approvals#image-4","/images/internal/architectural-drawing-review.webp","/warehouse/warehouse-dewa-approvals","Warehouse DEWA Approvals","section photograph","unsplash:photo-1608303588026-884930af2559","Hands reviewing architectural drawings with a ruler and calculator","Suitable distinct real photograph remains to be sourced and reviewed","Missing distinct real replacement; inherited duplicate retained pending suitable photograph"
"/warehouse/warehouse-dewa-approvals#image-5","/images/project-building-maintenance-dubai.webp","/warehouse/warehouse-dewa-approvals","What controls warehouse dewa approvals before work reaches site.","section photograph","unsplash:photo-1621905251189-08b45d6a269e","Technician working on a wall-mounted electrical installation","Suitable distinct real photograph remains to be sourced and reviewed","Missing distinct real replacement; inherited duplicate retained pending suitable photograph"
"/warehouse/warehouse-dewa-approvals#image-6","/images/dewa-hv-lv-cable-works-dubai.webp","/warehouse/warehouse-dewa-approvals","Documents and inputs that reduce delay.","section photograph","unsplash:photo-1608574839637-2f7d0290d01d","Electrical cables routed through overhead trays","Suitable distinct real photograph remains to be sourced and reviewed","Missing distinct real replacement; inherited duplicate retained pending suitable photograph"
"/warehouse/warehouse-dewa-approvals#image-7","/images/dewa-lv-inspection-testing-dubai.webp","/warehouse/warehouse-dewa-approvals","Authority pathways for Dubai warehouse projects.","section photograph","unsplash:photo-1758101755915-462eddc23f57","Gloved hands testing an electrical distribution panel","Suitable distinct real photograph remains to be sourced and reviewed","Missing distinct real replacement; inherited duplicate retained pending suitable photograph"
"/warehouse/warehouse-dm-approvals#image-3","/images/generated/services/structural-works-dubai-desktop.webp","/warehouse/warehouse-dm-approvals","Warehouse DM Approvals for Dubai and UAE industrial projects","hero","/images/generated/services/structural-works-dubai","Reinforced concrete and structural works at a Dubai construction site.","Suitable distinct real photograph remains to be sourced and reviewed","Missing distinct real replacement; inherited duplicate retained pending suitable photograph"
"/warehouse/warehouse-dm-approvals#image-4","/images/internal/architectural-drawing-review.webp","/warehouse/warehouse-dm-approvals","Warehouse DM Approvals","section photograph","unsplash:photo-1608303588026-884930af2559","Hands reviewing architectural drawings with a ruler and calculator","Suitable distinct real photograph remains to be sourced and reviewed","Missing distinct real replacement; inherited duplicate retained pending suitable photograph"
"/warehouse/warehouse-dm-approvals#image-5","/images/project-authority-approvals-dubai.webp","/warehouse/warehouse-dm-approvals","What controls warehouse dm approvals before work reaches site.","section photograph","unsplash:photo-1581674662583-5e89b374fae6","Architectural plans and a notebook arranged on a worktable","Suitable distinct real photograph remains to be sourced and reviewed","Missing distinct real replacement; inherited duplicate retained pending suitable photograph"
"/warehouse/warehouse-dm-approvals#image-6","/images/internal/project-site-coordination.webp","/warehouse/warehouse-dm-approvals","Documents and inputs that reduce delay.","section photograph","unsplash:photo-1742112125567-3e8967bad60f","Two construction professionals reviewing a clipboard on site","Suitable distinct real photograph remains to be sourced and reviewed","Missing distinct real replacement; inherited duplicate retained pending suitable photograph"
"/warehouse/warehouse-dm-approvals#image-7","/images/sections/office-records-desk.webp","/warehouse/warehouse-dm-approvals","Authority pathways for Dubai warehouse projects.","section photograph","pexels:8353764","Paper documents, an open folder and computer monitors on an office desk","Suitable distinct real photograph remains to be sourced and reviewed","Missing distinct real replacement; inherited duplicate retained pending suitable photograph"
"/warehouse/warehouse-engineering#image-3","/images/generated/services/structural-works-dubai-desktop.webp","/warehouse/warehouse-engineering","Warehouse Engineering for Dubai and UAE industrial projects","hero","/images/generated/services/structural-works-dubai","Reinforced concrete and structural works at a Dubai construction site.","Suitable distinct real photograph remains to be sourced and reviewed","Missing distinct real replacement; inherited duplicate retained pending suitable photograph"
"/warehouse/warehouse-engineering#image-4","/images/project-warehouse-industrial-dubai.webp","/warehouse/warehouse-engineering","Warehouse Engineering","section photograph","unsplash:photo-1592085198739-ffcad7f36b54","Pallet racks and stored goods inside an industrial warehouse","Suitable distinct real photograph remains to be sourced and reviewed","Missing distinct real replacement; inherited duplicate retained pending suitable photograph"
"/warehouse/warehouse-engineering#image-5","/images/project-authority-approvals-dubai.webp","/warehouse/warehouse-engineering","What controls warehouse engineering before work reaches site.","section photograph","unsplash:photo-1581674662583-5e89b374fae6","Architectural plans and a notebook arranged on a worktable","Suitable distinct real photograph remains to be sourced and reviewed","Missing distinct real replacement; inherited duplicate retained pending suitable photograph"
"/warehouse/warehouse-engineering#image-6","/images/internal/industrial-steel-roof.webp","/warehouse/warehouse-engineering","Documents and inputs that reduce delay.","section photograph","unsplash:photo-1662120399978-738d233edbec","Workers on a scissor lift installing industrial steel roof trusses","Suitable distinct real photograph remains to be sourced and reviewed","Missing distinct real replacement; inherited duplicate retained pending suitable photograph"
"/warehouse/warehouse-engineering#image-7","/images/internal/project-site-coordination.webp","/warehouse/warehouse-engineering","Authority pathways for Dubai warehouse projects.","section photograph","unsplash:photo-1742112125567-3e8967bad60f","Two construction professionals reviewing a clipboard on site","Suitable distinct real photograph remains to be sourced and reviewed","Missing distinct real replacement; inherited duplicate retained pending suitable photograph"
"/warehouse/warehouse-epc-contractor#image-3","/images/generated/services/warehouse-construction-dubai-desktop.webp","/warehouse/warehouse-epc-contractor","Warehouse EPC Contractor for Dubai and UAE industrial projects","hero","/images/generated/services/warehouse-construction-dubai","Modern warehouse under construction in a Dubai industrial area.","Suitable distinct real photograph remains to be sourced and reviewed","Missing distinct real replacement; inherited duplicate retained pending suitable photograph"
"/warehouse/warehouse-epc-contractor#image-4","/images/project-warehouse-industrial-dubai.webp","/warehouse/warehouse-epc-contractor","Warehouse EPC Contractor","section photograph","unsplash:photo-1592085198739-ffcad7f36b54","Pallet racks and stored goods inside an industrial warehouse","Suitable distinct real photograph remains to be sourced and reviewed","Missing distinct real replacement; inherited duplicate retained pending suitable photograph"
"/warehouse/warehouse-epc-contractor#image-5","/images/project-authority-approvals-dubai.webp","/warehouse/warehouse-epc-contractor","What controls warehouse epc contractor before work reaches site.","section photograph","unsplash:photo-1581674662583-5e89b374fae6","Architectural plans and a notebook arranged on a worktable","Suitable distinct real photograph remains to be sourced and reviewed","Missing distinct real replacement; inherited duplicate retained pending suitable photograph"
"/warehouse/warehouse-epc-contractor#image-6","/images/internal/industrial-steel-roof.webp","/warehouse/warehouse-epc-contractor","Documents and inputs that reduce delay.","section photograph","unsplash:photo-1662120399978-738d233edbec","Workers on a scissor lift installing industrial steel roof trusses","Suitable distinct real photograph remains to be sourced and reviewed","Missing distinct real replacement; inherited duplicate retained pending suitable photograph"
"/warehouse/warehouse-epc-contractor#image-7","/images/internal/project-site-coordination.webp","/warehouse/warehouse-epc-contractor","Authority pathways for Dubai warehouse projects.","section photograph","unsplash:photo-1742112125567-3e8967bad60f","Two construction professionals reviewing a clipboard on site","Suitable distinct real photograph remains to be sourced and reviewed","Missing distinct real replacement; inherited duplicate retained pending suitable photograph"
"/warehouse/warehouse-expansion#image-3","/images/generated/services/design-build-contractor-dubai-desktop.webp","/warehouse/warehouse-expansion","Warehouse Expansion for Dubai and UAE industrial projects","hero","/images/generated/services/design-build-contractor-dubai","Architects and engineers coordinating design and construction in Dubai.","Suitable distinct real photograph remains to be sourced and reviewed","Missing distinct real replacement; inherited duplicate retained pending suitable photograph"
"/warehouse/warehouse-expansion#image-4","/images/project-warehouse-industrial-dubai.webp","/warehouse/warehouse-expansion","Warehouse Expansion","section photograph","unsplash:photo-1592085198739-ffcad7f36b54","Pallet racks and stored goods inside an industrial warehouse","Suitable distinct real photograph remains to be sourced and reviewed","Missing distinct real replacement; inherited duplicate retained pending suitable photograph"
"/warehouse/warehouse-expansion#image-5","/images/project-authority-approvals-dubai.webp","/warehouse/warehouse-expansion","What controls warehouse expansion before work reaches site.","section photograph","unsplash:photo-1581674662583-5e89b374fae6","Architectural plans and a notebook arranged on a worktable","Suitable distinct real photograph remains to be sourced and reviewed","Missing distinct real replacement; inherited duplicate retained pending suitable photograph"
"/warehouse/warehouse-expansion#image-6","/images/internal/industrial-steel-roof.webp","/warehouse/warehouse-expansion","Documents and inputs that reduce delay.","section photograph","unsplash:photo-1662120399978-738d233edbec","Workers on a scissor lift installing industrial steel roof trusses","Suitable distinct real photograph remains to be sourced and reviewed","Missing distinct real replacement; inherited duplicate retained pending suitable photograph"
"/warehouse/warehouse-expansion#image-7","/images/internal/project-site-coordination.webp","/warehouse/warehouse-expansion","Authority pathways for Dubai warehouse projects.","section photograph","unsplash:photo-1742112125567-3e8967bad60f","Two construction professionals reviewing a clipboard on site","Suitable distinct real photograph remains to be sourced and reviewed","Missing distinct real replacement; inherited duplicate retained pending suitable photograph"
"/warehouse/warehouse-extension#image-3","/images/generated/services/warehouse-construction-dubai-desktop.webp","/warehouse/warehouse-extension","Warehouse Extension for Dubai and UAE industrial projects","hero","/images/generated/services/warehouse-construction-dubai","Modern warehouse under construction in a Dubai industrial area.","Suitable distinct real photograph remains to be sourced and reviewed","Missing distinct real replacement; inherited duplicate retained pending suitable photograph"
"/warehouse/warehouse-extension#image-4","/images/project-warehouse-industrial-dubai.webp","/warehouse/warehouse-extension","Warehouse Extension","section photograph","unsplash:photo-1592085198739-ffcad7f36b54","Pallet racks and stored goods inside an industrial warehouse","Suitable distinct real photograph remains to be sourced and reviewed","Missing distinct real replacement; inherited duplicate retained pending suitable photograph"
"/warehouse/warehouse-extension#image-5","/images/project-authority-approvals-dubai.webp","/warehouse/warehouse-extension","What controls warehouse extension before work reaches site.","section photograph","unsplash:photo-1581674662583-5e89b374fae6","Architectural plans and a notebook arranged on a worktable","Suitable distinct real photograph remains to be sourced and reviewed","Missing distinct real replacement; inherited duplicate retained pending suitable photograph"
"/warehouse/warehouse-extension#image-6","/images/internal/industrial-steel-roof.webp","/warehouse/warehouse-extension","Documents and inputs that reduce delay.","section photograph","unsplash:photo-1662120399978-738d233edbec","Workers on a scissor lift installing industrial steel roof trusses","Suitable distinct real photograph remains to be sourced and reviewed","Missing distinct real replacement; inherited duplicate retained pending suitable photograph"
"/warehouse/warehouse-extension#image-7","/images/internal/project-site-coordination.webp","/warehouse/warehouse-extension","Authority pathways for Dubai warehouse projects.","section photograph","unsplash:photo-1742112125567-3e8967bad60f","Two construction professionals reviewing a clipboard on site","Suitable distinct real photograph remains to be sourced and reviewed","Missing distinct real replacement; inherited duplicate retained pending suitable photograph"
"/warehouse/warehouse-fire-alarm#image-3","/images/generated/services/project-management-dubai-desktop.webp","/warehouse/warehouse-fire-alarm","Warehouse Fire Alarm for Dubai and UAE industrial projects","hero","/images/generated/services/project-management-dubai","Construction professionals reviewing project progress in Dubai.","Suitable distinct real photograph remains to be sourced and reviewed","Missing distinct real replacement; inherited duplicate retained pending suitable photograph"
"/warehouse/warehouse-fire-alarm#image-4","/images/internal/fire-sprinkler-pipework.webp","/warehouse/warehouse-fire-alarm","Warehouse Fire Alarm","section photograph","pexels:37352142","Red sprinkler risers with control valves and gauges on an industrial building","Suitable distinct real photograph remains to be sourced and reviewed","Missing distinct real replacement; inherited duplicate retained pending suitable photograph"
"/warehouse/warehouse-fire-alarm#image-5","/images/internal/architectural-drawing-review.webp","/warehouse/warehouse-fire-alarm","What controls warehouse fire alarm before work reaches site.","section photograph","unsplash:photo-1608303588026-884930af2559","Hands reviewing architectural drawings with a ruler and calculator","Suitable distinct real photograph remains to be sourced and reviewed","Missing distinct real replacement; inherited duplicate retained pending suitable photograph"
"/warehouse/warehouse-fire-alarm#image-6","/images/project-mep-coordination-dubai.webp","/warehouse/warehouse-fire-alarm","Documents and inputs that reduce delay.","section photograph","unsplash:photo-1778514825784-0659eaf8e7a2","Water pipes and electrical conduits during building services installation","Suitable distinct real photograph remains to be sourced and reviewed","Missing distinct real replacement; inherited duplicate retained pending suitable photograph"
"/warehouse/warehouse-fire-alarm#image-7","/images/internal/project-site-coordination.webp","/warehouse/warehouse-fire-alarm","Authority pathways for Dubai warehouse projects.","section photograph","unsplash:photo-1742112125567-3e8967bad60f","Two construction professionals reviewing a clipboard on site","Suitable distinct real photograph remains to be sourced and reviewed","Missing distinct real replacement; inherited duplicate retained pending suitable photograph"
"/warehouse/warehouse-fire-fighting#image-3","/images/generated/services/design-build-contractor-dubai-desktop.webp","/warehouse/warehouse-fire-fighting","Warehouse Fire Fighting for Dubai and UAE industrial projects","hero","/images/generated/services/design-build-contractor-dubai","Architects and engineers coordinating design and construction in Dubai.","Suitable distinct real photograph remains to be sourced and reviewed","Missing distinct real replacement; inherited duplicate retained pending suitable photograph"
"/warehouse/warehouse-fire-fighting#image-4","/images/internal/fire-sprinkler-pipework.webp","/warehouse/warehouse-fire-fighting","Warehouse Fire Fighting","section photograph","pexels:37352142","Red sprinkler risers with control valves and gauges on an industrial building","Suitable distinct real photograph remains to be sourced and reviewed","Missing distinct real replacement; inherited duplicate retained pending suitable photograph"
"/warehouse/warehouse-fire-fighting#image-5","/images/internal/architectural-drawing-review.webp","/warehouse/warehouse-fire-fighting","What controls warehouse fire fighting before work reaches site.","section photograph","unsplash:photo-1608303588026-884930af2559","Hands reviewing architectural drawings with a ruler and calculator","Suitable distinct real photograph remains to be sourced and reviewed","Missing distinct real replacement; inherited duplicate retained pending suitable photograph"
"/warehouse/warehouse-fire-fighting#image-6","/images/project-mep-coordination-dubai.webp","/warehouse/warehouse-fire-fighting","Documents and inputs that reduce delay.","section photograph","unsplash:photo-1778514825784-0659eaf8e7a2","Water pipes and electrical conduits during building services installation","Suitable distinct real photograph remains to be sourced and reviewed","Missing distinct real replacement; inherited duplicate retained pending suitable photograph"
"/warehouse/warehouse-fire-fighting#image-7","/images/internal/project-site-coordination.webp","/warehouse/warehouse-fire-fighting","Authority pathways for Dubai warehouse projects.","section photograph","unsplash:photo-1742112125567-3e8967bad60f","Two construction professionals reviewing a clipboard on site","Suitable distinct real photograph remains to be sourced and reviewed","Missing distinct real replacement; inherited duplicate retained pending suitable photograph"
"/warehouse/warehouse-fit-out#image-3","/images/generated/services/industrial-construction-dubai-desktop.webp","/warehouse/warehouse-fit-out","Warehouse Fit-Out for Dubai and UAE industrial projects","hero","/images/generated/services/industrial-construction-dubai","Light-industrial facility under construction in Dubai.","Suitable distinct real photograph remains to be sourced and reviewed","Missing distinct real replacement; inherited duplicate retained pending suitable photograph"
"/warehouse/warehouse-fit-out#image-4","/images/project-warehouse-industrial-dubai.webp","/warehouse/warehouse-fit-out","Warehouse Fit-Out","section photograph","unsplash:photo-1592085198739-ffcad7f36b54","Pallet racks and stored goods inside an industrial warehouse","Suitable distinct real photograph remains to be sourced and reviewed","Missing distinct real replacement; inherited duplicate retained pending suitable photograph"
"/warehouse/warehouse-fit-out#image-5","/images/project-authority-approvals-dubai.webp","/warehouse/warehouse-fit-out","What controls warehouse fit-out before work reaches site.","section photograph","unsplash:photo-1581674662583-5e89b374fae6","Architectural plans and a notebook arranged on a worktable","Suitable distinct real photograph remains to be sourced and reviewed","Missing distinct real replacement; inherited duplicate retained pending suitable photograph"
"/warehouse/warehouse-fit-out#image-6","/images/internal/industrial-steel-roof.webp","/warehouse/warehouse-fit-out","Documents and inputs that reduce delay.","section photograph","unsplash:photo-1662120399978-738d233edbec","Workers on a scissor lift installing industrial steel roof trusses","Suitable distinct real photograph remains to be sourced and reviewed","Missing distinct real replacement; inherited duplicate retained pending suitable photograph"
"/warehouse/warehouse-fit-out#image-7","/images/internal/project-site-coordination.webp","/warehouse/warehouse-fit-out","Authority pathways for Dubai warehouse projects.","section photograph","unsplash:photo-1742112125567-3e8967bad60f","Two construction professionals reviewing a clipboard on site","Suitable distinct real photograph remains to be sourced and reviewed","Missing distinct real replacement; inherited duplicate retained pending suitable photograph"
"/warehouse/warehouse-flooring#image-3","/images/generated/services/design-build-contractor-dubai-desktop.webp","/warehouse/warehouse-flooring","Warehouse Flooring for Dubai and UAE industrial projects","hero","/images/generated/services/design-build-contractor-dubai","Architects and engineers coordinating design and construction in Dubai.","Suitable distinct real photograph remains to be sourced and reviewed","Missing distinct real replacement; inherited duplicate retained pending suitable photograph"
"/warehouse/warehouse-flooring#image-4","/images/civil-contractor-dubai-construction-site.webp","/warehouse/warehouse-flooring","Warehouse Flooring","section photograph","unsplash:photo-1541888946425-d81bb19240f5","Construction team standing beside a large reinforced foundation slab","Suitable distinct real photograph remains to be sourced and reviewed","Missing distinct real replacement; inherited duplicate retained pending suitable photograph"
"/warehouse/warehouse-flooring#image-5","/images/project-authority-approvals-dubai.webp","/warehouse/warehouse-flooring","What controls warehouse flooring before work reaches site.","section photograph","unsplash:photo-1581674662583-5e89b374fae6","Architectural plans and a notebook arranged on a worktable","Suitable distinct real photograph remains to be sourced and reviewed","Missing distinct real replacement; inherited duplicate retained pending suitable photograph"
"/warehouse/warehouse-flooring#image-6","/images/internal/structural-reinforcement.webp","/warehouse/warehouse-flooring","Documents and inputs that reduce delay.","section photograph","unsplash:photo-1768677903496-becc4be07258","Construction worker inspecting a dense reinforcement grid before concrete placement","Suitable distinct real photograph remains to be sourced and reviewed","Missing distinct real replacement; inherited duplicate retained pending suitable photograph"
"/warehouse/warehouse-flooring#image-7","/images/internal/project-site-coordination.webp","/warehouse/warehouse-flooring","Authority pathways for Dubai warehouse projects.","section photograph","unsplash:photo-1742112125567-3e8967bad60f","Two construction professionals reviewing a clipboard on site","Suitable distinct real photograph remains to be sourced and reviewed","Missing distinct real replacement; inherited duplicate retained pending suitable photograph"
"/warehouse/warehouse-foundations#image-3","/images/generated/services/industrial-construction-dubai-desktop.webp","/warehouse/warehouse-foundations","Warehouse Foundations for Dubai and UAE industrial projects","hero","/images/generated/services/industrial-construction-dubai","Light-industrial facility under construction in Dubai.","Suitable distinct real photograph remains to be sourced and reviewed","Missing distinct real replacement; inherited duplicate retained pending suitable photograph"
"/warehouse/warehouse-foundations#image-4","/images/civil-contractor-dubai-construction-site.webp","/warehouse/warehouse-foundations","Warehouse Foundations","section photograph","unsplash:photo-1541888946425-d81bb19240f5","Construction team standing beside a large reinforced foundation slab","Suitable distinct real photograph remains to be sourced and reviewed","Missing distinct real replacement; inherited duplicate retained pending suitable photograph"
"/warehouse/warehouse-foundations#image-5","/images/project-authority-approvals-dubai.webp","/warehouse/warehouse-foundations","What controls warehouse foundations before work reaches site.","section photograph","unsplash:photo-1581674662583-5e89b374fae6","Architectural plans and a notebook arranged on a worktable","Suitable distinct real photograph remains to be sourced and reviewed","Missing distinct real replacement; inherited duplicate retained pending suitable photograph"
"/warehouse/warehouse-foundations#image-6","/images/internal/structural-reinforcement.webp","/warehouse/warehouse-foundations","Documents and inputs that reduce delay.","section photograph","unsplash:photo-1768677903496-becc4be07258","Construction worker inspecting a dense reinforcement grid before concrete placement","Suitable distinct real photograph remains to be sourced and reviewed","Missing distinct real replacement; inherited duplicate retained pending suitable photograph"
"/warehouse/warehouse-foundations#image-7","/images/internal/project-site-coordination.webp","/warehouse/warehouse-foundations","Authority pathways for Dubai warehouse projects.","section photograph","unsplash:photo-1742112125567-3e8967bad60f","Two construction professionals reviewing a clipboard on site","Suitable distinct real photograph remains to be sourced and reviewed","Missing distinct real replacement; inherited duplicate retained pending suitable photograph"
"/warehouse/warehouse-infrastructure#image-3","/images/generated/services/structural-works-dubai-desktop.webp","/warehouse/warehouse-infrastructure","Warehouse Infrastructure for Dubai and UAE industrial projects","hero","/images/generated/services/structural-works-dubai","Reinforced concrete and structural works at a Dubai construction site.","Suitable distinct real photograph remains to be sourced and reviewed","Missing distinct real replacement; inherited duplicate retained pending suitable photograph"
"/warehouse/warehouse-infrastructure#image-4","/images/project-warehouse-industrial-dubai.webp","/warehouse/warehouse-infrastructure","Warehouse Infrastructure","section photograph","unsplash:photo-1592085198739-ffcad7f36b54","Pallet racks and stored goods inside an industrial warehouse","Suitable distinct real photograph remains to be sourced and reviewed","Missing distinct real replacement; inherited duplicate retained pending suitable photograph"
"/warehouse/warehouse-infrastructure#image-5","/images/project-authority-approvals-dubai.webp","/warehouse/warehouse-infrastructure","What controls warehouse infrastructure before work reaches site.","section photograph","unsplash:photo-1581674662583-5e89b374fae6","Architectural plans and a notebook arranged on a worktable","Suitable distinct real photograph remains to be sourced and reviewed","Missing distinct real replacement; inherited duplicate retained pending suitable photograph"
"/warehouse/warehouse-infrastructure#image-6","/images/internal/industrial-steel-roof.webp","/warehouse/warehouse-infrastructure","Documents and inputs that reduce delay.","section photograph","unsplash:photo-1662120399978-738d233edbec","Workers on a scissor lift installing industrial steel roof trusses","Suitable distinct real photograph remains to be sourced and reviewed","Missing distinct real replacement; inherited duplicate retained pending suitable photograph"
"/warehouse/warehouse-infrastructure#image-7","/images/internal/project-site-coordination.webp","/warehouse/warehouse-infrastructure","Authority pathways for Dubai warehouse projects.","section photograph","unsplash:photo-1742112125567-3e8967bad60f","Two construction professionals reviewing a clipboard on site","Suitable distinct real photograph remains to be sourced and reviewed","Missing distinct real replacement; inherited duplicate retained pending suitable photograph"
"/warehouse/warehouse-landscaping#image-3","/images/generated/services/project-management-dubai-desktop.webp","/warehouse/warehouse-landscaping","Warehouse Landscaping for Dubai and UAE industrial projects","hero","/images/generated/services/project-management-dubai","Construction professionals reviewing project progress in Dubai.","Suitable distinct real photograph remains to be sourced and reviewed","Missing distinct real replacement; inherited duplicate retained pending suitable photograph"
"/warehouse/warehouse-landscaping#image-4","/images/project-warehouse-industrial-dubai.webp","/warehouse/warehouse-landscaping","Warehouse Landscaping","section photograph","unsplash:photo-1592085198739-ffcad7f36b54","Pallet racks and stored goods inside an industrial warehouse","Suitable distinct real photograph remains to be sourced and reviewed","Missing distinct real replacement; inherited duplicate retained pending suitable photograph"
"/warehouse/warehouse-landscaping#image-5","/images/project-authority-approvals-dubai.webp","/warehouse/warehouse-landscaping","What controls warehouse landscaping before work reaches site.","section photograph","unsplash:photo-1581674662583-5e89b374fae6","Architectural plans and a notebook arranged on a worktable","Suitable distinct real photograph remains to be sourced and reviewed","Missing distinct real replacement; inherited duplicate retained pending suitable photograph"
"/warehouse/warehouse-landscaping#image-6","/images/internal/industrial-steel-roof.webp","/warehouse/warehouse-landscaping","Documents and inputs that reduce delay.","section photograph","unsplash:photo-1662120399978-738d233edbec","Workers on a scissor lift installing industrial steel roof trusses","Suitable distinct real photograph remains to be sourced and reviewed","Missing distinct real replacement; inherited duplicate retained pending suitable photograph"
"/warehouse/warehouse-landscaping#image-7","/images/internal/project-site-coordination.webp","/warehouse/warehouse-landscaping","Authority pathways for Dubai warehouse projects.","section photograph","unsplash:photo-1742112125567-3e8967bad60f","Two construction professionals reviewing a clipboard on site","Suitable distinct real photograph remains to be sourced and reviewed","Missing distinct real replacement; inherited duplicate retained pending suitable photograph"
"/warehouse/warehouse-loading-dock-construction#image-3","/images/generated/services/warehouse-construction-dubai-desktop.webp","/warehouse/warehouse-loading-dock-construction","Warehouse Loading Dock Construction for Dubai and UAE industrial projects","hero","/images/generated/services/warehouse-construction-dubai","Modern warehouse under construction in a Dubai industrial area.","Suitable distinct real photograph remains to be sourced and reviewed","Missing distinct real replacement; inherited duplicate retained pending suitable photograph"
"/warehouse/warehouse-loading-dock-construction#image-4","/images/project-warehouse-industrial-dubai.webp","/warehouse/warehouse-loading-dock-construction","Warehouse Loading Dock Construction","section photograph","unsplash:photo-1592085198739-ffcad7f36b54","Pallet racks and stored goods inside an industrial warehouse","Suitable distinct real photograph remains to be sourced and reviewed","Missing distinct real replacement; inherited duplicate retained pending suitable photograph"
"/warehouse/warehouse-loading-dock-construction#image-5","/images/project-authority-approvals-dubai.webp","/warehouse/warehouse-loading-dock-construction","What controls warehouse loading dock construction before work reaches site.","section photograph","unsplash:photo-1581674662583-5e89b374fae6","Architectural plans and a notebook arranged on a worktable","Suitable distinct real photograph remains to be sourced and reviewed","Missing distinct real replacement; inherited duplicate retained pending suitable photograph"
"/warehouse/warehouse-loading-dock-construction#image-6","/images/internal/industrial-steel-roof.webp","/warehouse/warehouse-loading-dock-construction","Documents and inputs that reduce delay.","section photograph","unsplash:photo-1662120399978-738d233edbec","Workers on a scissor lift installing industrial steel roof trusses","Suitable distinct real photograph remains to be sourced and reviewed","Missing distinct real replacement; inherited duplicate retained pending suitable photograph"
"/warehouse/warehouse-loading-dock-construction#image-7","/images/internal/project-site-coordination.webp","/warehouse/warehouse-loading-dock-construction","Authority pathways for Dubai warehouse projects.","section photograph","unsplash:photo-1742112125567-3e8967bad60f","Two construction professionals reviewing a clipboard on site","Suitable distinct real photograph remains to be sourced and reviewed","Missing distinct real replacement; inherited duplicate retained pending suitable photograph"
"/warehouse/warehouse-maintenance#image-3","/images/generated/services/structural-works-dubai-desktop.webp","/warehouse/warehouse-maintenance","Warehouse Maintenance for Dubai and UAE industrial projects","hero","/images/generated/services/structural-works-dubai","Reinforced concrete and structural works at a Dubai construction site.","Suitable distinct real photograph remains to be sourced and reviewed","Missing distinct real replacement; inherited duplicate retained pending suitable photograph"
"/warehouse/warehouse-maintenance#image-4","/images/project-warehouse-industrial-dubai.webp","/warehouse/warehouse-maintenance","Warehouse Maintenance","section photograph","unsplash:photo-1592085198739-ffcad7f36b54","Pallet racks and stored goods inside an industrial warehouse","Suitable distinct real photograph remains to be sourced and reviewed","Missing distinct real replacement; inherited duplicate retained pending suitable photograph"
"/warehouse/warehouse-maintenance#image-5","/images/project-authority-approvals-dubai.webp","/warehouse/warehouse-maintenance","What controls warehouse maintenance before work reaches site.","section photograph","unsplash:photo-1581674662583-5e89b374fae6","Architectural plans and a notebook arranged on a worktable","Suitable distinct real photograph remains to be sourced and reviewed","Missing distinct real replacement; inherited duplicate retained pending suitable photograph"
"/warehouse/warehouse-maintenance#image-6","/images/internal/industrial-steel-roof.webp","/warehouse/warehouse-maintenance","Documents and inputs that reduce delay.","section photograph","unsplash:photo-1662120399978-738d233edbec","Workers on a scissor lift installing industrial steel roof trusses","Suitable distinct real photograph remains to be sourced and reviewed","Missing distinct real replacement; inherited duplicate retained pending suitable photograph"
"/warehouse/warehouse-maintenance#image-7","/images/internal/project-site-coordination.webp","/warehouse/warehouse-maintenance","Authority pathways for Dubai warehouse projects.","section photograph","unsplash:photo-1742112125567-3e8967bad60f","Two construction professionals reviewing a clipboard on site","Suitable distinct real photograph remains to be sourced and reviewed","Missing distinct real replacement; inherited duplicate retained pending suitable photograph"
"/warehouse/warehouse-mep#image-3","/images/generated/services/structural-works-dubai-desktop.webp","/warehouse/warehouse-mep","Warehouse MEP for Dubai and UAE industrial projects","hero","/images/generated/services/structural-works-dubai","Reinforced concrete and structural works at a Dubai construction site.","Suitable distinct real photograph remains to be sourced and reviewed","Missing distinct real replacement; inherited duplicate retained pending suitable photograph"
"/warehouse/warehouse-mep#image-4","/images/project-mep-coordination-dubai.webp","/warehouse/warehouse-mep","Warehouse MEP","section photograph","unsplash:photo-1778514825784-0659eaf8e7a2","Water pipes and electrical conduits during building services installation","Suitable distinct real photograph remains to be sourced and reviewed","Missing distinct real replacement; inherited duplicate retained pending suitable photograph"
"/warehouse/warehouse-mep#image-5","/images/project-authority-approvals-dubai.webp","/warehouse/warehouse-mep","What controls warehouse mep before work reaches site.","section photograph","unsplash:photo-1581674662583-5e89b374fae6","Architectural plans and a notebook arranged on a worktable","Suitable distinct real photograph remains to be sourced and reviewed","Missing distinct real replacement; inherited duplicate retained pending suitable photograph"
"/warehouse/warehouse-mep#image-6","/images/dewa-hv-lv-cable-works-dubai.webp","/warehouse/warehouse-mep","Documents and inputs that reduce delay.","section photograph","unsplash:photo-1608574839637-2f7d0290d01d","Electrical cables routed through overhead trays","Suitable distinct real photograph remains to be sourced and reviewed","Missing distinct real replacement; inherited duplicate retained pending suitable photograph"
"/warehouse/warehouse-mep#image-7","/images/internal/project-site-coordination.webp","/warehouse/warehouse-mep","Authority pathways for Dubai warehouse projects.","section photograph","unsplash:photo-1742112125567-3e8967bad60f","Two construction professionals reviewing a clipboard on site","Suitable distinct real photograph remains to be sourced and reviewed","Missing distinct real replacement; inherited duplicate retained pending suitable photograph"
"/warehouse/warehouse-office-construction#image-3","/images/generated/services/industrial-construction-dubai-desktop.webp","/warehouse/warehouse-office-construction","Warehouse Office Construction for Dubai and UAE industrial projects","hero","/images/generated/services/industrial-construction-dubai","Light-industrial facility under construction in Dubai.","Suitable distinct real photograph remains to be sourced and reviewed","Missing distinct real replacement; inherited duplicate retained pending suitable photograph"
"/warehouse/warehouse-office-construction#image-4","/images/project-warehouse-industrial-dubai.webp","/warehouse/warehouse-office-construction","Warehouse Office Construction","section photograph","unsplash:photo-1592085198739-ffcad7f36b54","Pallet racks and stored goods inside an industrial warehouse","Suitable distinct real photograph remains to be sourced and reviewed","Missing distinct real replacement; inherited duplicate retained pending suitable photograph"
"/warehouse/warehouse-office-construction#image-5","/images/project-authority-approvals-dubai.webp","/warehouse/warehouse-office-construction","What controls warehouse office construction before work reaches site.","section photograph","unsplash:photo-1581674662583-5e89b374fae6","Architectural plans and a notebook arranged on a worktable","Suitable distinct real photograph remains to be sourced and reviewed","Missing distinct real replacement; inherited duplicate retained pending suitable photograph"
"/warehouse/warehouse-office-construction#image-6","/images/internal/industrial-steel-roof.webp","/warehouse/warehouse-office-construction","Documents and inputs that reduce delay.","section photograph","unsplash:photo-1662120399978-738d233edbec","Workers on a scissor lift installing industrial steel roof trusses","Suitable distinct real photograph remains to be sourced and reviewed","Missing distinct real replacement; inherited duplicate retained pending suitable photograph"
"/warehouse/warehouse-office-construction#image-7","/images/internal/project-site-coordination.webp","/warehouse/warehouse-office-construction","Authority pathways for Dubai warehouse projects.","section photograph","unsplash:photo-1742112125567-3e8967bad60f","Two construction professionals reviewing a clipboard on site","Suitable distinct real photograph remains to be sourced and reviewed","Missing distinct real replacement; inherited duplicate retained pending suitable photograph"
"/warehouse/warehouse-parking-construction#image-3","/images/generated/services/structural-works-dubai-desktop.webp","/warehouse/warehouse-parking-construction","Warehouse Parking Construction for Dubai and UAE industrial projects","hero","/images/generated/services/structural-works-dubai","Reinforced concrete and structural works at a Dubai construction site.","Suitable distinct real photograph remains to be sourced and reviewed","Missing distinct real replacement; inherited duplicate retained pending suitable photograph"
"/warehouse/warehouse-parking-construction#image-4","/images/project-warehouse-industrial-dubai.webp","/warehouse/warehouse-parking-construction","Warehouse Parking Construction","section photograph","unsplash:photo-1592085198739-ffcad7f36b54","Pallet racks and stored goods inside an industrial warehouse","Suitable distinct real photograph remains to be sourced and reviewed","Missing distinct real replacement; inherited duplicate retained pending suitable photograph"
"/warehouse/warehouse-parking-construction#image-5","/images/project-authority-approvals-dubai.webp","/warehouse/warehouse-parking-construction","What controls warehouse parking construction before work reaches site.","section photograph","unsplash:photo-1581674662583-5e89b374fae6","Architectural plans and a notebook arranged on a worktable","Suitable distinct real photograph remains to be sourced and reviewed","Missing distinct real replacement; inherited duplicate retained pending suitable photograph"
"/warehouse/warehouse-parking-construction#image-6","/images/internal/industrial-steel-roof.webp","/warehouse/warehouse-parking-construction","Documents and inputs that reduce delay.","section photograph","unsplash:photo-1662120399978-738d233edbec","Workers on a scissor lift installing industrial steel roof trusses","Suitable distinct real photograph remains to be sourced and reviewed","Missing distinct real replacement; inherited duplicate retained pending suitable photograph"
"/warehouse/warehouse-parking-construction#image-7","/images/internal/project-site-coordination.webp","/warehouse/warehouse-parking-construction","Authority pathways for Dubai warehouse projects.","section photograph","unsplash:photo-1742112125567-3e8967bad60f","Two construction professionals reviewing a clipboard on site","Suitable distinct real photograph remains to be sourced and reviewed","Missing distinct real replacement; inherited duplicate retained pending suitable photograph"
"/warehouse/warehouse-planning#image-3","/images/generated/services/project-management-dubai-desktop.webp","/warehouse/warehouse-planning","Warehouse Planning for Dubai and UAE industrial projects","hero","/images/generated/services/project-management-dubai","Construction professionals reviewing project progress in Dubai.","Suitable distinct real photograph remains to be sourced and reviewed","Missing distinct real replacement; inherited duplicate retained pending suitable photograph"
"/warehouse/warehouse-planning#image-4","/images/project-warehouse-industrial-dubai.webp","/warehouse/warehouse-planning","Warehouse Planning","section photograph","unsplash:photo-1592085198739-ffcad7f36b54","Pallet racks and stored goods inside an industrial warehouse","Suitable distinct real photograph remains to be sourced and reviewed","Missing distinct real replacement; inherited duplicate retained pending suitable photograph"
"/warehouse/warehouse-planning#image-5","/images/project-authority-approvals-dubai.webp","/warehouse/warehouse-planning","What controls warehouse planning before work reaches site.","section photograph","unsplash:photo-1581674662583-5e89b374fae6","Architectural plans and a notebook arranged on a worktable","Suitable distinct real photograph remains to be sourced and reviewed","Missing distinct real replacement; inherited duplicate retained pending suitable photograph"
"/warehouse/warehouse-planning#image-6","/images/internal/industrial-steel-roof.webp","/warehouse/warehouse-planning","Documents and inputs that reduce delay.","section photograph","unsplash:photo-1662120399978-738d233edbec","Workers on a scissor lift installing industrial steel roof trusses","Suitable distinct real photograph remains to be sourced and reviewed","Missing distinct real replacement; inherited duplicate retained pending suitable photograph"
"/warehouse/warehouse-planning#image-7","/images/internal/project-site-coordination.webp","/warehouse/warehouse-planning","Authority pathways for Dubai warehouse projects.","section photograph","unsplash:photo-1742112125567-3e8967bad60f","Two construction professionals reviewing a clipboard on site","Suitable distinct real photograph remains to be sourced and reviewed","Missing distinct real replacement; inherited duplicate retained pending suitable photograph"
"/warehouse/warehouse-project-management#image-3","/images/generated/services/structural-works-dubai-desktop.webp","/warehouse/warehouse-project-management","Warehouse Project Management for Dubai and UAE industrial projects","hero","/images/generated/services/structural-works-dubai","Reinforced concrete and structural works at a Dubai construction site.","Suitable distinct real photograph remains to be sourced and reviewed","Missing distinct real replacement; inherited duplicate retained pending suitable photograph"
"/warehouse/warehouse-project-management#image-4","/images/project-warehouse-industrial-dubai.webp","/warehouse/warehouse-project-management","Warehouse Project Management","section photograph","unsplash:photo-1592085198739-ffcad7f36b54","Pallet racks and stored goods inside an industrial warehouse","Suitable distinct real photograph remains to be sourced and reviewed","Missing distinct real replacement; inherited duplicate retained pending suitable photograph"
"/warehouse/warehouse-project-management#image-5","/images/project-authority-approvals-dubai.webp","/warehouse/warehouse-project-management","What controls warehouse project management before work reaches site.","section photograph","unsplash:photo-1581674662583-5e89b374fae6","Architectural plans and a notebook arranged on a worktable","Suitable distinct real photograph remains to be sourced and reviewed","Missing distinct real replacement; inherited duplicate retained pending suitable photograph"
"/warehouse/warehouse-project-management#image-6","/images/internal/industrial-steel-roof.webp","/warehouse/warehouse-project-management","Documents and inputs that reduce delay.","section photograph","unsplash:photo-1662120399978-738d233edbec","Workers on a scissor lift installing industrial steel roof trusses","Suitable distinct real photograph remains to be sourced and reviewed","Missing distinct real replacement; inherited duplicate retained pending suitable photograph"
"/warehouse/warehouse-project-management#image-7","/images/internal/project-site-coordination.webp","/warehouse/warehouse-project-management","Authority pathways for Dubai warehouse projects.","section photograph","unsplash:photo-1742112125567-3e8967bad60f","Two construction professionals reviewing a clipboard on site","Suitable distinct real photograph remains to be sourced and reviewed","Missing distinct real replacement; inherited duplicate retained pending suitable photograph"
"/warehouse/warehouse-renovation#image-3","/images/generated/services/project-management-dubai-desktop.webp","/warehouse/warehouse-renovation","Warehouse Renovation for Dubai and UAE industrial projects","hero","/images/generated/services/project-management-dubai","Construction professionals reviewing project progress in Dubai.","Suitable distinct real photograph remains to be sourced and reviewed","Missing distinct real replacement; inherited duplicate retained pending suitable photograph"
"/warehouse/warehouse-renovation#image-4","/images/project-warehouse-industrial-dubai.webp","/warehouse/warehouse-renovation","Warehouse Renovation","section photograph","unsplash:photo-1592085198739-ffcad7f36b54","Pallet racks and stored goods inside an industrial warehouse","Suitable distinct real photograph remains to be sourced and reviewed","Missing distinct real replacement; inherited duplicate retained pending suitable photograph"
"/warehouse/warehouse-renovation#image-5","/images/project-authority-approvals-dubai.webp","/warehouse/warehouse-renovation","What controls warehouse renovation before work reaches site.","section photograph","unsplash:photo-1581674662583-5e89b374fae6","Architectural plans and a notebook arranged on a worktable","Suitable distinct real photograph remains to be sourced and reviewed","Missing distinct real replacement; inherited duplicate retained pending suitable photograph"
"/warehouse/warehouse-renovation#image-6","/images/internal/industrial-steel-roof.webp","/warehouse/warehouse-renovation","Documents and inputs that reduce delay.","section photograph","unsplash:photo-1662120399978-738d233edbec","Workers on a scissor lift installing industrial steel roof trusses","Suitable distinct real photograph remains to be sourced and reviewed","Missing distinct real replacement; inherited duplicate retained pending suitable photograph"
"/warehouse/warehouse-renovation#image-7","/images/internal/project-site-coordination.webp","/warehouse/warehouse-renovation","Authority pathways for Dubai warehouse projects.","section photograph","unsplash:photo-1742112125567-3e8967bad60f","Two construction professionals reviewing a clipboard on site","Suitable distinct real photograph remains to be sourced and reviewed","Missing distinct real replacement; inherited duplicate retained pending suitable photograph"
"/warehouse/warehouse-road-works#image-3","/images/generated/services/design-build-contractor-dubai-desktop.webp","/warehouse/warehouse-road-works","Warehouse Road Works for Dubai and UAE industrial projects","hero","/images/generated/services/design-build-contractor-dubai","Architects and engineers coordinating design and construction in Dubai.","Suitable distinct real photograph remains to be sourced and reviewed","Missing distinct real replacement; inherited duplicate retained pending suitable photograph"
"/warehouse/warehouse-road-works#image-4","/images/project-warehouse-industrial-dubai.webp","/warehouse/warehouse-road-works","Warehouse Road Works","section photograph","unsplash:photo-1592085198739-ffcad7f36b54","Pallet racks and stored goods inside an industrial warehouse","Suitable distinct real photograph remains to be sourced and reviewed","Missing distinct real replacement; inherited duplicate retained pending suitable photograph"
"/warehouse/warehouse-road-works#image-5","/images/project-authority-approvals-dubai.webp","/warehouse/warehouse-road-works","What controls warehouse road works before work reaches site.","section photograph","unsplash:photo-1581674662583-5e89b374fae6","Architectural plans and a notebook arranged on a worktable","Suitable distinct real photograph remains to be sourced and reviewed","Missing distinct real replacement; inherited duplicate retained pending suitable photograph"
"/warehouse/warehouse-road-works#image-6","/images/internal/industrial-steel-roof.webp","/warehouse/warehouse-road-works","Documents and inputs that reduce delay.","section photograph","unsplash:photo-1662120399978-738d233edbec","Workers on a scissor lift installing industrial steel roof trusses","Suitable distinct real photograph remains to be sourced and reviewed","Missing distinct real replacement; inherited duplicate retained pending suitable photograph"
"/warehouse/warehouse-road-works#image-7","/images/internal/project-site-coordination.webp","/warehouse/warehouse-road-works","Authority pathways for Dubai warehouse projects.","section photograph","unsplash:photo-1742112125567-3e8967bad60f","Two construction professionals reviewing a clipboard on site","Suitable distinct real photograph remains to be sourced and reviewed","Missing distinct real replacement; inherited duplicate retained pending suitable photograph"
"/warehouse/warehouse-roofing#image-3","/images/generated/services/project-management-dubai-desktop.webp","/warehouse/warehouse-roofing","Warehouse Roofing for Dubai and UAE industrial projects","hero","/images/generated/services/project-management-dubai","Construction professionals reviewing project progress in Dubai.","Suitable distinct real photograph remains to be sourced and reviewed","Missing distinct real replacement; inherited duplicate retained pending suitable photograph"
"/warehouse/warehouse-roofing#image-4","/images/internal/warehouse-steel-frame.webp","/warehouse/warehouse-roofing","Warehouse Roofing","section photograph","unsplash:photo-1649587345666-0f4ad68aa723","Cranes and lifting equipment erecting a steel warehouse frame","Suitable distinct real photograph remains to be sourced and reviewed","Missing distinct real replacement; inherited duplicate retained pending suitable photograph"
"/warehouse/warehouse-roofing#image-5","/images/internal/architectural-drawing-review.webp","/warehouse/warehouse-roofing","What controls warehouse roofing before work reaches site.","section photograph","unsplash:photo-1608303588026-884930af2559","Hands reviewing architectural drawings with a ruler and calculator","Suitable distinct real photograph remains to be sourced and reviewed","Missing distinct real replacement; inherited duplicate retained pending suitable photograph"
"/warehouse/warehouse-roofing#image-6","/images/internal/industrial-steel-roof.webp","/warehouse/warehouse-roofing","Documents and inputs that reduce delay.","section photograph","unsplash:photo-1662120399978-738d233edbec","Workers on a scissor lift installing industrial steel roof trusses","Suitable distinct real photograph remains to be sourced and reviewed","Missing distinct real replacement; inherited duplicate retained pending suitable photograph"
"/warehouse/warehouse-roofing#image-7","/images/internal/project-site-coordination.webp","/warehouse/warehouse-roofing","Authority pathways for Dubai warehouse projects.","section photograph","unsplash:photo-1742112125567-3e8967bad60f","Two construction professionals reviewing a clipboard on site","Suitable distinct real photograph remains to be sourced and reviewed","Missing distinct real replacement; inherited duplicate retained pending suitable photograph"
"/warehouse/warehouse-safety-standards#image-3","/images/generated/services/structural-works-dubai-desktop.webp","/warehouse/warehouse-safety-standards","Warehouse Safety Standards for Dubai and UAE industrial projects","hero","/images/generated/services/structural-works-dubai","Reinforced concrete and structural works at a Dubai construction site.","Suitable distinct real photograph remains to be sourced and reviewed","Missing distinct real replacement; inherited duplicate retained pending suitable photograph"
"/warehouse/warehouse-safety-standards#image-4","/images/project-warehouse-industrial-dubai.webp","/warehouse/warehouse-safety-standards","Warehouse Safety Standards","section photograph","unsplash:photo-1592085198739-ffcad7f36b54","Pallet racks and stored goods inside an industrial warehouse","Suitable distinct real photograph remains to be sourced and reviewed","Missing distinct real replacement; inherited duplicate retained pending suitable photograph"
"/warehouse/warehouse-safety-standards#image-5","/images/project-authority-approvals-dubai.webp","/warehouse/warehouse-safety-standards","What controls warehouse safety standards before work reaches site.","section photograph","unsplash:photo-1581674662583-5e89b374fae6","Architectural plans and a notebook arranged on a worktable","Suitable distinct real photograph remains to be sourced and reviewed","Missing distinct real replacement; inherited duplicate retained pending suitable photograph"
"/warehouse/warehouse-safety-standards#image-6","/images/internal/industrial-steel-roof.webp","/warehouse/warehouse-safety-standards","Documents and inputs that reduce delay.","section photograph","unsplash:photo-1662120399978-738d233edbec","Workers on a scissor lift installing industrial steel roof trusses","Suitable distinct real photograph remains to be sourced and reviewed","Missing distinct real replacement; inherited duplicate retained pending suitable photograph"
"/warehouse/warehouse-safety-standards#image-7","/images/internal/project-site-coordination.webp","/warehouse/warehouse-safety-standards","Authority pathways for Dubai warehouse projects.","section photograph","unsplash:photo-1742112125567-3e8967bad60f","Two construction professionals reviewing a clipboard on site","Suitable distinct real photograph remains to be sourced and reviewed","Missing distinct real replacement; inherited duplicate retained pending suitable photograph"
"/warehouse/warehouse-structural-steel#image-3","/images/generated/services/warehouse-construction-dubai-desktop.webp","/warehouse/warehouse-structural-steel","Warehouse Structural Steel for Dubai and UAE industrial projects","hero","/images/generated/services/warehouse-construction-dubai","Modern warehouse under construction in a Dubai industrial area.","Suitable distinct real photograph remains to be sourced and reviewed","Missing distinct real replacement; inherited duplicate retained pending suitable photograph"
"/warehouse/warehouse-structural-steel#image-4","/images/internal/warehouse-steel-frame.webp","/warehouse/warehouse-structural-steel","Warehouse Structural Steel","section photograph","unsplash:photo-1649587345666-0f4ad68aa723","Cranes and lifting equipment erecting a steel warehouse frame","Suitable distinct real photograph remains to be sourced and reviewed","Missing distinct real replacement; inherited duplicate retained pending suitable photograph"
"/warehouse/warehouse-structural-steel#image-5","/images/internal/architectural-drawing-review.webp","/warehouse/warehouse-structural-steel","What controls warehouse structural steel before work reaches site.","section photograph","unsplash:photo-1608303588026-884930af2559","Hands reviewing architectural drawings with a ruler and calculator","Suitable distinct real photograph remains to be sourced and reviewed","Missing distinct real replacement; inherited duplicate retained pending suitable photograph"
"/warehouse/warehouse-structural-steel#image-6","/images/internal/industrial-steel-roof.webp","/warehouse/warehouse-structural-steel","Documents and inputs that reduce delay.","section photograph","unsplash:photo-1662120399978-738d233edbec","Workers on a scissor lift installing industrial steel roof trusses","Suitable distinct real photograph remains to be sourced and reviewed","Missing distinct real replacement; inherited duplicate retained pending suitable photograph"
"/warehouse/warehouse-structural-steel#image-7","/images/internal/project-site-coordination.webp","/warehouse/warehouse-structural-steel","Authority pathways for Dubai warehouse projects.","section photograph","unsplash:photo-1742112125567-3e8967bad60f","Two construction professionals reviewing a clipboard on site","Suitable distinct real photograph remains to be sourced and reviewed","Missing distinct real replacement; inherited duplicate retained pending suitable photograph"
"/warehouse/warehouse-turnkey-contractor#image-3","/images/generated/services/industrial-construction-dubai-desktop.webp","/warehouse/warehouse-turnkey-contractor","Warehouse Turnkey Contractor for Dubai and UAE industrial projects","hero","/images/generated/services/industrial-construction-dubai","Light-industrial facility under construction in Dubai.","Suitable distinct real photograph remains to be sourced and reviewed","Missing distinct real replacement; inherited duplicate retained pending suitable photograph"
"/warehouse/warehouse-turnkey-contractor#image-4","/images/project-warehouse-industrial-dubai.webp","/warehouse/warehouse-turnkey-contractor","Warehouse Turnkey Contractor","section photograph","unsplash:photo-1592085198739-ffcad7f36b54","Pallet racks and stored goods inside an industrial warehouse","Suitable distinct real photograph remains to be sourced and reviewed","Missing distinct real replacement; inherited duplicate retained pending suitable photograph"
"/warehouse/warehouse-turnkey-contractor#image-5","/images/project-authority-approvals-dubai.webp","/warehouse/warehouse-turnkey-contractor","What controls warehouse turnkey contractor before work reaches site.","section photograph","unsplash:photo-1581674662583-5e89b374fae6","Architectural plans and a notebook arranged on a worktable","Suitable distinct real photograph remains to be sourced and reviewed","Missing distinct real replacement; inherited duplicate retained pending suitable photograph"
"/warehouse/warehouse-turnkey-contractor#image-6","/images/internal/industrial-steel-roof.webp","/warehouse/warehouse-turnkey-contractor","Documents and inputs that reduce delay.","section photograph","unsplash:photo-1662120399978-738d233edbec","Workers on a scissor lift installing industrial steel roof trusses","Suitable distinct real photograph remains to be sourced and reviewed","Missing distinct real replacement; inherited duplicate retained pending suitable photograph"
"/warehouse/warehouse-turnkey-contractor#image-7","/images/internal/project-site-coordination.webp","/warehouse/warehouse-turnkey-contractor","Authority pathways for Dubai warehouse projects.","section photograph","unsplash:photo-1742112125567-3e8967bad60f","Two construction professionals reviewing a clipboard on site","Suitable distinct real photograph remains to be sourced and reviewed","Missing distinct real replacement; inherited duplicate retained pending suitable photograph"
"/warehouse/warehouse-utility-services#image-3","/images/generated/services/design-build-contractor-dubai-desktop.webp","/warehouse/warehouse-utility-services","Warehouse Utility Services for Dubai and UAE industrial projects","hero","/images/generated/services/design-build-contractor-dubai","Architects and engineers coordinating design and construction in Dubai.","Suitable distinct real photograph remains to be sourced and reviewed","Missing distinct real replacement; inherited duplicate retained pending suitable photograph"
"/warehouse/warehouse-utility-services#image-4","/images/project-warehouse-industrial-dubai.webp","/warehouse/warehouse-utility-services","Warehouse Utility Services","section photograph","unsplash:photo-1592085198739-ffcad7f36b54","Pallet racks and stored goods inside an industrial warehouse","Suitable distinct real photograph remains to be sourced and reviewed","Missing distinct real replacement; inherited duplicate retained pending suitable photograph"
"/warehouse/warehouse-utility-services#image-5","/images/project-authority-approvals-dubai.webp","/warehouse/warehouse-utility-services","What controls warehouse utility services before work reaches site.","section photograph","unsplash:photo-1581674662583-5e89b374fae6","Architectural plans and a notebook arranged on a worktable","Suitable distinct real photograph remains to be sourced and reviewed","Missing distinct real replacement; inherited duplicate retained pending suitable photograph"
"/warehouse/warehouse-utility-services#image-6","/images/internal/industrial-steel-roof.webp","/warehouse/warehouse-utility-services","Documents and inputs that reduce delay.","section photograph","unsplash:photo-1662120399978-738d233edbec","Workers on a scissor lift installing industrial steel roof trusses","Suitable distinct real photograph remains to be sourced and reviewed","Missing distinct real replacement; inherited duplicate retained pending suitable photograph"
"/warehouse/warehouse-utility-services#image-7","/images/internal/project-site-coordination.webp","/warehouse/warehouse-utility-services","Authority pathways for Dubai warehouse projects.","section photograph","unsplash:photo-1742112125567-3e8967bad60f","Two construction professionals reviewing a clipboard on site","Suitable distinct real photograph remains to be sourced and reviewed","Missing distinct real replacement; inherited duplicate retained pending suitable photograph"
"/search#image-3","/images/internal/architectural-drawing-review.webp","/search","Search Emitronix services and approval resources. / Authority Approvals Dubai","hero","unsplash:photo-1608303588026-884930af2559","Hands reviewing architectural drawings with a ruler and calculator","Suitable distinct real photograph remains to be sourced and reviewed","Missing distinct real replacement; inherited duplicate retained pending suitable photograph"
"/search#image-4","/images/project-authority-approvals-dubai.webp","/search","Search Emitronix services and approval resources. / Dubai Municipality Approval","hero","unsplash:photo-1581674662583-5e89b374fae6","Architectural plans and a notebook arranged on a worktable","Suitable distinct real photograph remains to be sourced and reviewed","Missing distinct real replacement; inherited duplicate retained pending suitable photograph"
"/search#image-5","/images/internal/project-site-coordination.webp","/search","Search Emitronix services and approval resources. / DDA Approvals","hero","unsplash:photo-1742112125567-3e8967bad60f","Two construction professionals reviewing a clipboard on site","Suitable distinct real photograph remains to be sourced and reviewed","Missing distinct real replacement; inherited duplicate retained pending suitable photograph"
"/search#image-6","/images/project-mep-coordination-dubai.webp","/search","Search Emitronix services and approval resources. / DCD Approvals","hero","unsplash:photo-1778514825784-0659eaf8e7a2","Water pipes and electrical conduits during building services installation","Suitable distinct real photograph remains to be sourced and reviewed","Missing distinct real replacement; inherited duplicate retained pending suitable photograph"
"/search#image-7","/images/project-building-maintenance-dubai.webp","/search","Search Emitronix services and approval resources. / DEWA Approvals","hero","unsplash:photo-1621905251189-08b45d6a269e","Technician working on a wall-mounted electrical installation","Suitable distinct real photograph remains to be sourced and reviewed","Missing distinct real replacement; inherited duplicate retained pending suitable photograph"
"/cookie-policy#image-3","/images/sections/office-laptop-work.webp","/cookie-policy","How we use cookies / Emitronix","card","pexels:6405641","Hands using a laptop at a desk with office stationery","Suitable distinct real photograph remains to be sourced and reviewed","Missing distinct real replacement; inherited duplicate retained pending suitable photograph"
"/cookie-policy#image-4","/images/sections/document-binders.webp","/cookie-policy","Cookie categories","section photograph","pexels:17018372","Labelled ring binders and an open document file on a desk","Suitable distinct real photograph remains to be sourced and reviewed","Missing distinct real replacement; inherited duplicate retained pending suitable photograph"
"/cookie-policy#image-5","/images/sections/office-records-desk.webp","/cookie-policy","Live chat and visitor visibility","section photograph","pexels:8353764","Paper documents, an open folder and computer monitors on an office desk","Suitable distinct real photograph remains to be sourced and reviewed","Missing distinct real replacement; inherited duplicate retained pending suitable photograph"
"/cookie-policy#image-6","/images/project-authority-approvals-dubai.webp","/cookie-policy","Consent record and duration","section photograph","unsplash:photo-1581674662583-5e89b374fae6","Architectural plans and a notebook arranged on a worktable","Suitable distinct real photograph remains to be sourced and reviewed","Missing distinct real replacement; inherited duplicate retained pending suitable photograph"
"/cookie-policy#image-7","/images/project-fit-out-dubai.webp","/cookie-policy","Google Consent Mode v2","section photograph","unsplash:photo-1771918050103-57b5de00d960","Office workstations below exposed ventilation ductwork and suspended lights","Suitable distinct real photograph remains to be sourced and reviewed","Missing distinct real replacement; inherited duplicate retained pending suitable photograph"
"/privacy-policy#image-3","/images/sections/office-laptop-work.webp","/privacy-policy","Personal data we collect / Emitronix","card","pexels:6405641","Hands using a laptop at a desk with office stationery","Suitable distinct real photograph remains to be sourced and reviewed","Missing distinct real replacement; inherited duplicate retained pending suitable photograph"
"/privacy-policy#image-4","/images/sections/document-binders.webp","/privacy-policy","Purposes and consent","section photograph","pexels:17018372","Labelled ring binders and an open document file on a desk","Suitable distinct real photograph remains to be sourced and reviewed","Missing distinct real replacement; inherited duplicate retained pending suitable photograph"
"/privacy-policy#image-5","/images/sections/office-records-desk.webp","/privacy-policy","Career applications and CVs","section photograph","pexels:8353764","Paper documents, an open folder and computer monitors on an office desk","Suitable distinct real photograph remains to be sourced and reviewed","Missing distinct real replacement; inherited duplicate retained pending suitable photograph"
"/privacy-policy#image-6","/images/project-authority-approvals-dubai.webp","/privacy-policy","Retention and deletion","section photograph","unsplash:photo-1581674662583-5e89b374fae6","Architectural plans and a notebook arranged on a worktable","Suitable distinct real photograph remains to be sourced and reviewed","Missing distinct real replacement; inherited duplicate retained pending suitable photograph"
"/privacy-policy#image-7","/images/project-fit-out-dubai.webp","/privacy-policy","Requests and questions","section photograph","unsplash:photo-1771918050103-57b5de00d960","Office workstations below exposed ventilation ductwork and suspended lights","Suitable distinct real photograph remains to be sourced and reviewed","Missing distinct real replacement; inherited duplicate retained pending suitable photograph"
"/terms-and-conditions#image-3","/images/sections/office-laptop-work.webp","/terms-and-conditions","Website use / Emitronix","card","pexels:6405641","Hands using a laptop at a desk with office stationery","Suitable distinct real photograph remains to be sourced and reviewed","Missing distinct real replacement; inherited duplicate retained pending suitable photograph"
"/terms-and-conditions#image-4","/images/sections/document-binders.webp","/terms-and-conditions","Enquiries and proposals","section photograph","pexels:17018372","Labelled ring binders and an open document file on a desk","Suitable distinct real photograph remains to be sourced and reviewed","Missing distinct real replacement; inherited duplicate retained pending suitable photograph"
"/terms-and-conditions#image-5","/images/sections/office-records-desk.webp","/terms-and-conditions","Content accuracy","section photograph","pexels:8353764","Paper documents, an open folder and computer monitors on an office desk","Suitable distinct real photograph remains to be sourced and reviewed","Missing distinct real replacement; inherited duplicate retained pending suitable photograph"
"/terms-and-conditions#image-6","/images/project-authority-approvals-dubai.webp","/terms-and-conditions","Intellectual property","section photograph","unsplash:photo-1581674662583-5e89b374fae6","Architectural plans and a notebook arranged on a worktable","Suitable distinct real photograph remains to be sourced and reviewed","Missing distinct real replacement; inherited duplicate retained pending suitable photograph"
"/terms-and-conditions#image-7","/images/project-fit-out-dubai.webp","/terms-and-conditions","Legal review status","section photograph","unsplash:photo-1771918050103-57b5de00d960","Office workstations below exposed ventilation ductwork and suspended lights","Suitable distinct real photograph remains to be sourced and reviewed","Missing distinct real replacement; inherited duplicate retained pending suitable photograph"
"/ar/cookie-policy#image-3","/images/sections/office-laptop-work.webp","/ar/cookie-policy","كيفية استخدام ملفات الارتباط / Emitronix","card","pexels:6405641","يدان تستخدمان حاسوباً محمولاً على مكتب مع أدوات مكتبية","Suitable distinct real photograph remains to be sourced and reviewed","Missing distinct real replacement; inherited duplicate retained pending suitable photograph"
"/ar/cookie-policy#image-4","/images/sections/document-binders.webp","/ar/cookie-policy","فئات ملفات الارتباط","section photograph","pexels:17018372","ملفات حلقية بعلامات وملف مستندات مفتوح على مكتب","Suitable distinct real photograph remains to be sourced and reviewed","Missing distinct real replacement; inherited duplicate retained pending suitable photograph"
"/ar/cookie-policy#image-5","/images/sections/office-records-desk.webp","/ar/cookie-policy","الدردشة المباشرة وظهور الزائر","section photograph","pexels:8353764","مستندات ورقية وملف مفتوح وشاشات حاسوب على مكتب","Suitable distinct real photograph remains to be sourced and reviewed","Missing distinct real replacement; inherited duplicate retained pending suitable photograph"
"/ar/cookie-policy#image-6","/images/project-authority-approvals-dubai.webp","/ar/cookie-policy","سجل الموافقة ومدته","section photograph","unsplash:photo-1581674662583-5e89b374fae6","مخططات معمارية ودفتر ملاحظات على طاولة عمل","Suitable distinct real photograph remains to be sourced and reviewed","Missing distinct real replacement; inherited duplicate retained pending suitable photograph"
"/ar/cookie-policy#image-7","/images/project-fit-out-dubai.webp","/ar/cookie-policy","وضع موافقة Google v2","section photograph","unsplash:photo-1771918050103-57b5de00d960","محطات عمل مكتبية تحت قنوات تهوية وإضاءة معلقة","Suitable distinct real photograph remains to be sourced and reviewed","Missing distinct real replacement; inherited duplicate retained pending suitable photograph"
"/ar/privacy-policy#image-3","/images/sections/office-laptop-work.webp","/ar/privacy-policy","البيانات الشخصية التي نجمعها / Emitronix","card","pexels:6405641","يدان تستخدمان حاسوباً محمولاً على مكتب مع أدوات مكتبية","Suitable distinct real photograph remains to be sourced and reviewed","Missing distinct real replacement; inherited duplicate retained pending suitable photograph"
"/ar/privacy-policy#image-4","/images/sections/document-binders.webp","/ar/privacy-policy","الأغراض والموافقة","section photograph","pexels:17018372","ملفات حلقية بعلامات وملف مستندات مفتوح على مكتب","Suitable distinct real photograph remains to be sourced and reviewed","Missing distinct real replacement; inherited duplicate retained pending suitable photograph"
"/ar/privacy-policy#image-5","/images/sections/office-records-desk.webp","/ar/privacy-policy","طلبات التوظيف والسير الذاتية","section photograph","pexels:8353764","مستندات ورقية وملف مفتوح وشاشات حاسوب على مكتب","Suitable distinct real photograph remains to be sourced and reviewed","Missing distinct real replacement; inherited duplicate retained pending suitable photograph"
"/ar/privacy-policy#image-6","/images/project-authority-approvals-dubai.webp","/ar/privacy-policy","الاحتفاظ والحذف","section photograph","unsplash:photo-1581674662583-5e89b374fae6","مخططات معمارية ودفتر ملاحظات على طاولة عمل","Suitable distinct real photograph remains to be sourced and reviewed","Missing distinct real replacement; inherited duplicate retained pending suitable photograph"
"/ar/privacy-policy#image-7","/images/project-fit-out-dubai.webp","/ar/privacy-policy","الطلبات والأسئلة","section photograph","unsplash:photo-1771918050103-57b5de00d960","محطات عمل مكتبية تحت قنوات تهوية وإضاءة معلقة","Suitable distinct real photograph remains to be sourced and reviewed","Missing distinct real replacement; inherited duplicate retained pending suitable photograph"
"/ar/terms-and-conditions#image-3","/images/sections/office-laptop-work.webp","/ar/terms-and-conditions","استخدام الموقع / Emitronix","card","pexels:6405641","يدان تستخدمان حاسوباً محمولاً على مكتب مع أدوات مكتبية","Suitable distinct real photograph remains to be sourced and reviewed","Missing distinct real replacement; inherited duplicate retained pending suitable photograph"
"/ar/terms-and-conditions#image-4","/images/sections/document-binders.webp","/ar/terms-and-conditions","Page content","section photograph","pexels:17018372","ملفات حلقية بعلامات وملف مستندات مفتوح على مكتب","Suitable distinct real photograph remains to be sourced and reviewed","Missing distinct real replacement; inherited duplicate retained pending suitable photograph"
"/ar/terms-and-conditions#image-5","/images/sections/office-records-desk.webp","/ar/terms-and-conditions","دقة المحتوى","section photograph","pexels:8353764","مستندات ورقية وملف مفتوح وشاشات حاسوب على مكتب","Suitable distinct real photograph remains to be sourced and reviewed","Missing distinct real replacement; inherited duplicate retained pending suitable photograph"
"/ar/terms-and-conditions#image-6","/images/project-authority-approvals-dubai.webp","/ar/terms-and-conditions","الملكية الفكرية","section photograph","unsplash:photo-1581674662583-5e89b374fae6","مخططات معمارية ودفتر ملاحظات على طاولة عمل","Suitable distinct real photograph remains to be sourced and reviewed","Missing distinct real replacement; inherited duplicate retained pending suitable photograph"
"/ar/terms-and-conditions#image-7","/images/project-fit-out-dubai.webp","/ar/terms-and-conditions","حالة المراجعة القانونية","section photograph","unsplash:photo-1771918050103-57b5de00d960","محطات عمل مكتبية تحت قنوات تهوية وإضاءة معلقة","Suitable distinct real photograph remains to be sourced and reviewed","Missing distinct real replacement; inherited duplicate retained pending suitable photograph"
"/admin/cookie-consent#image-3","/images/sections/office-laptop-work.webp","/admin/cookie-consent","Page content","section photograph","pexels:6405641","Hands using a laptop at a desk with office stationery","Suitable distinct real photograph remains to be sourced and reviewed","Missing distinct real replacement; inherited duplicate retained pending suitable photograph"
"/admin/cookie-consent#image-4","/images/sections/office-records-desk.webp","/admin/cookie-consent","Page content","section photograph","pexels:8353764","Paper documents, an open folder and computer monitors on an office desk","Suitable distinct real photograph remains to be sourced and reviewed","Missing distinct real replacement; inherited duplicate retained pending suitable photograph"
"/admin/cookie-consent#image-5","/images/sections/document-binders.webp","/admin/cookie-consent","Page content","section photograph","pexels:17018372","Labelled ring binders and an open document file on a desk","Suitable distinct real photograph remains to be sourced and reviewed","Missing distinct real replacement; inherited duplicate retained pending suitable photograph"
"/admin/cookie-consent#image-6","/images/project-fit-out-dubai.webp","/admin/cookie-consent","Page content","section photograph","unsplash:photo-1771918050103-57b5de00d960","Office workstations below exposed ventilation ductwork and suspended lights","Suitable distinct real photograph remains to be sourced and reviewed","Missing distinct real replacement; inherited duplicate retained pending suitable photograph"
"/admin/cookie-consent#image-7","/images/project-authority-approvals-dubai.webp","/admin/cookie-consent","Page content","section photograph","unsplash:photo-1581674662583-5e89b374fae6","Architectural plans and a notebook arranged on a worktable","Suitable distinct real photograph remains to be sourced and reviewed","Missing distinct real replacement; inherited duplicate retained pending suitable photograph"
